ph,Hardness,Solids,Chloramines,Sulfate,Conductivity,Organic_carbon,Trihalomethanes,Turbidity,Potability
7.537075619631647,226.7549915558469,19748.5304667323,4.870503264298115,355.44903524007344,484.60075000867675,10.999311542774063,71.32452379894413,3.5871974471779686,1
5.520023840639257,128.48157929984092,20908.317546035894,6.5072983159674775,399.6988361827604,420.0636647603157,18.081015551689934,79.44300104684764,4.308300340318988,0
8.205676793709685,171.47790881229741,16246.09282589005,6.5715927722580085,340.61179495325604,388.54151106151073,21.018329028106177,75.23459534972487,3.9477174457053725,0
8.49084707458682,183.20895819872754,22579.392481920437,8.454910441448359,295.7079220738436,455.1304717498868,13.631954024291856,74.58406946127698,4.119711693172866,0
4.153447217019245,251.7958997533301,27522.869165936023,6.409526868035685,258.4587452723396,478.83881792214265,13.972500044600993,36.16622107070632,4.504648006023199,1
5.126730739706523,220.5953204958838,19941.943277078113,6.817715031911269,361.16744928260766,298.47399408233366,15.085552574548212,88.00036390607175,4.0906964007768165,0
7.271760604750928,178.17054313430083,18039.482183094187,6.440097619293893,,456.05447380182653,10.63379691587807,41.008357653481376,4.476746525733811,1
6.6056361114846265,237.74443830769764,20560.241680945543,4.90633824438961,368.54031606361525,478.2043761930828,12.020797416381482,63.92546273569767,3.3120317095774405,1
7.0547982637435664,172.30349374396417,21948.783239918183,6.08967825256689,390.2942262386653,237.80411200257828,20.180355352404572,76.4204054093344,3.0162380300056406,0
5.80043410863963,228.29119371948818,6751.397412017121,6.516539990167568,269.69293459485385,441.6951726996232,13.863718754931602,72.20927992095415,4.34234133217317,0
8.399096962294243,152.5159281304635,26061.827860520414,7.236644895782088,355.70959490911747,481.56873075164634,11.536061972516809,45.699051501855436,4.5022785999997685,1
8.246687903143423,230.34425061725304,18058.71921775161,8.003136713815223,385.9975188239131,472.4702651411637,12.808261742001195,48.60712490896013,4.374799560745534,0
7.179046046341824,183.00372334492846,33077.66260609292,6.749337514656574,374.7806123364916,490.195868382466,17.840318168189444,71.05056028298986,4.072637219402895,0
,163.08786428987938,27197.538981384503,6.721561502909472,247.04844308667134,399.79467263854013,7.779540279087702,74.67568922306576,3.7172480683340274,1
7.781264013378069,189.05140438155794,32275.482365006377,4.401115209590456,298.00026616345815,342.80748522596355,15.140344661267704,48.4632977172722,4.1345690856305,1
5.791061305675143,204.87501375104688,13147.496729120254,7.972780537265034,,282.0204534587683,22.425321858640125,72.76000075123262,4.265853952159095,0
7.633126176123748,180.1680502231772,18756.93915678627,6.020481338302936,354.4623829610291,513.3778592454446,21.002506670053798,41.85256962895617,4.312652009145435,1
5.641676098756502,213.72651219185036,11117.639064998522,8.300454716403046,,482.24523950354745,16.19156917670162,76.51510596832141,6.003568854170364,0
,177.34419572274984,15829.47309768981,9.199975117609629,222.38643300443437,519.4791144662775,18.644260613145136,52.081762487374114,3.2517730473083497,0
7.005111133520621,215.85191660580347,32994.96457294035,6.823094257825052,320.6659035255585,367.98869129246845,18.612526739827707,67.70431801827492,6.486274636835381,0
6.802706454682109,210.15110598517117,35059.29236838028,5.50316817638989,,490.3069138100291,13.884688388485975,64.98415738481282,2.9896795483739345,0
6.058605683394088,194.05046224934608,11944.871004564888,7.093616191323649,339.067015640189,305.7855238434561,17.351819551102214,85.20264871216256,4.27082160660027,0
8.913812008011046,181.8757660042896,17994.904848857423,7.670949156869449,338.9969436994943,356.4405153032151,20.202323961998278,70.32250646494548,3.0380227868761356,0
6.848205776896797,200.8493054644885,21345.763956349965,6.621478398030181,318.03525884453285,436.07817732062693,10.129584597690368,56.69454995482365,4.208870146369916,1
6.437508266755339,213.60811977707837,27149.761478671782,6.228819313180669,289.5834214159382,479.0566103861137,16.20294789568927,72.22540182981562,4.736055803385926,1
6.551799674267656,261.9775728874115,6580.463988784961,8.010380892901914,,560.3209958317619,15.492868978692222,101.10709447537985,3.995414490277558,0
7.878463778330023,226.06145349754178,7955.689284995595,7.906173674016829,335.1358315006401,406.7948747681276,14.640442800414897,78.38999132484673,4.729002734592866,1
7.628166096546117,227.23167839410692,26308.021281760968,6.572862368283091,358.22543533365115,356.74002225687485,14.348289908695756,65.44149437751415,3.6395278751062294,1
,294.8323902355291,4920.931750589803,4.5065754588881095,361.5564968961139,352.62808977348567,15.064510909350416,52.895469864324795,2.3711059700287738,0
,212.51067125657102,18095.58674816211,7.841077532899535,336.5203181856929,370.97232439805657,15.3413882529033,56.41283769015501,4.458833123380618,1
,211.50859236197448,23435.545161061033,5.907623034362625,377.89124294797807,603.6821437180096,17.991430466448488,77.41588533049074,3.9938978931218316,1
6.470377475423077,218.52848237829292,25659.39055631344,7.458658899085088,317.6280886064334,486.54988649075665,15.872498388649694,52.049998328388895,3.5959011097335942,0
6.311635906392694,163.7130887171759,20771.132302080594,7.358828426052878,273.79499263493096,515.0025480289968,13.713007237567973,66.443557929482,3.649762004695315,0
5.859340907628184,181.7951476345998,18806.313573953157,4.135463065272589,352.5592004461464,406.88115302560846,11.528259190279604,89.68942637989846,4.2871337534393215,0
8.003969133863244,179.80258346584532,29420.886439713526,7.248109061370286,338.18156172995947,425.86810540810035,12.740939691170777,68.8363567669832,3.334664340201202,0
8.773458439081338,216.72364727102598,24515.255974227694,7.93296139009164,353.3741921428744,481.9411604766819,15.161848139500801,48.91806498098162,4.262690951458173,1
6.909078813517687,190.42641400892165,16339.664225485696,8.126700816190569,281.15749472039994,385.5360995375248,11.969966564988322,101.68113521329629,4.897136874786424,1
5.819765284556208,200.4231496151777,22344.82980390323,7.305437886732174,,402.69536907626593,17.421394392758252,94.95166242672374,5.576854712798183,1
5.843278176463141,230.79854784475086,25374.392328694812,3.996046050559648,362.1305989602093,372.02365469889276,15.719181964220423,74.51906024574131,5.065530699454566,0
8.05588918173705,223.62082363853244,37082.94060752862,9.137788078254887,,390.2005840194308,18.073640486188133,87.06723766369322,4.096161437713951,1
8.194881256805164,190.8249279026801,28910.05857091715,7.769415814717277,,429.9182890002658,12.191896570808815,62.07492916562425,4.17097877792572,1
7.894731402457793,174.56015689989687,32665.663626716087,5.218755459594646,,360.2631899068832,11.557476706660779,78.1361625381803,3.6578061488267886,0
6.081735439066959,232.32879141290204,16658.973134452244,5.875334396549928,287.8274389353819,448.8783183303509,18.048988846683294,59.538655156071826,3.606798088239552,0
7.42824198460008,220.7645177891157,17416.915912143628,7.485334250685343,425.7159578164749,448.76653964408933,14.72884805700293,44.44227651472974,4.650184802799155,0
7.255028713711092,144.59978181454778,19949.717463030076,8.194059025411244,307.85859746412746,411.66010857150536,13.631693474623763,108.38914629561896,3.730142154507068,1
7.40803289509352,185.97907395493502,20754.867888983303,6.3490186869706315,403.54071379883004,359.8032115549263,16.60557963565291,43.614083320702484,4.255557720049959,0
8.387143166922286,201.2964947845364,13173.621120068652,8.424330143658938,325.43657481201865,434.3970439161489,16.4827824875309,71.22044172313811,3.2192425842234633,1
7.415393323162023,220.922550947873,33116.2379049033,4.287428410021719,397.81061506163263,385.6076349638567,10.155979668780137,71.03120229988637,5.038843866458306,1
8.098370344607842,225.12324783807267,29760.993863144606,5.472914762471817,302.8703912201128,429.72753336848274,18.869328906184094,74.7592904638702,3.7184838023527993,0
7.181368604233337,205.08499203761517,19333.205156385782,3.8583048644495097,333.7722915204147,513.8501973922748,12.945657086729268,64.94711488769208,4.818623753118669,1
7.513679098034976,214.7279210034834,27641.802391851495,5.702099874265885,,325.7647906316774,19.910059557548287,65.11615253970467,3.4210179217259444,0
8.02693233875781,198.05237767610092,23968.825659543658,9.50276195157967,360.1451626045287,599.8789069514701,9.899289575239914,68.6422700809233,3.379765815749591,0
,174.43674597822206,28326.891392768157,10.371327530644937,378.1312351799732,420.19811265698075,15.347416312185029,74.17386939772072,5.005864789459138,1
6.600493175464048,187.63953948667987,10224.426526680225,7.490652939804099,313.01364329313583,458.9471419124736,13.68745003690303,66.37057494483028,3.481714138545292,0
6.374441018560807,196.60771797248347,20736.552388058495,6.111281852515684,,365.7799927806532,7.781725567767195,65.2925494376367,2.747037804710076,0
6.121683227634987,194.89026399940514,21505.002110266174,6.76980895665551,384.1839316159209,517.3769239633318,16.472086327570487,44.99801892438213,3.158846381341715,0
,135.66166705780893,27483.341213594184,7.867877027516175,304.084524429523,415.9498824439464,7.951007811741481,99.02165600909753,4.63823277117865,0
9.322411966851593,183.2805332822582,16502.60223763269,4.65049025441025,356.47418350585446,394.4705352160661,13.337499358808815,75.07832621869834,4.563284023736449,0
5.781253326460135,197.79858089885286,320.0,6.215451301949696,324.01443016911225,379.9587982979541,17.94410907646342,69.78428953312732,3.375249155286272,1
8.532417531887221,186.99616025901756,12527.493475920786,9.387131057631393,,404.52063793686443,12.550881274926372,56.28362983169832,3.4772594130648096,0
4.555695342576293,188.10163854362926,21478.60916531534,5.467778090461187,336.4665588729924,459.4677858362327,11.317677299998786,50.14145007583252,4.4949523445082535,1
6.577672455021338,211.6157238657468,22574.26465766422,5.936540659166762,300.6803908178165,439.82485525044603,16.941176352854633,80.33178045837009,4.996418025250335,0
7.3241295976575085,161.47337001444373,36780.47103542111,7.140845976450676,322.31157912297965,422.8112213511782,13.476590433252982,63.8102293616305,3.9163363592120195,0
7.959333497038918,143.90264915356124,27124.68628457153,7.5673647700174405,,369.08628656401436,12.963303007523589,76.4612462700809,4.402305964040724,1
8.146839869689282,184.8585666932264,22729.02054886016,6.132493607004834,,364.4661220860019,18.507475174658765,44.49516783404138,4.6512777919074315,0
,220.45166097605727,21729.92850262679,7.24160372553809,,389.13005739362154,10.447980173989896,91.45904847242144,5.6493425208403,0
6.5569123916273435,250.00169726357242,31697.68826162821,8.080544463308314,374.4081778294708,462.8220569728571,12.783296056947608,81.00231445363289,3.0685415346636375,1
,221.02810365103167,16838.731334579268,10.219093881546563,344.8892004382334,478.98079006163226,17.159275136530244,65.0867843772128,3.4483957415542346,0
8.366963821885731,149.0155596841969,20783.711181514947,6.920533880493046,301.7110065085004,489.7635357518415,10.234573726818592,73.97553177845111,3.574950799390483,0
6.793043512677578,188.56424833994333,12461.206286387094,7.054750241761911,,425.88264851689536,20.158645627129438,78.40427062446402,4.615468835997502,0
5.166470514993117,204.21230019460893,34457.80604705782,9.533374706647628,413.92625244649685,456.68495527342594,13.584403299279652,44.74091508328559,3.773504176800091,0
,201.68291574155495,25456.21567750415,6.252317943889009,291.59469712104004,412.5239436093671,17.185940358660805,93.58079564048431,4.213551754205031,1
5.700821570997583,213.25774569417197,15809.020694045394,5.027522208235754,337.66824434417146,286.61616072573054,17.17903608747439,74.22882816894406,4.065037503476315,1
7.825741116080646,166.65443371325566,21010.22955950844,7.515393381541161,347.79889728829585,408.72585683684815,13.79744985092399,54.993542941970205,3.9713549581947323,0
7.293638604105848,198.07817880162375,26483.63719331908,8.820356539638906,,395.9738699713798,12.719260030906357,48.635215162034115,4.053769328021365,0
8.115728031101652,209.45033055283614,19815.195135425645,7.690454473615503,291.90964565232827,342.8763836456759,14.158216945551153,82.39098341042157,4.773322557644434,0
6.4391210304951985,222.4214705057171,17326.69264758049,6.966715261075352,300.819237800734,380.60846593977567,16.651858016718236,69.82077899507749,3.2129431938275346,0
7.317809536615071,170.21701866839066,16276.019773917415,4.831538470446954,310.59329490553483,436.8073131432782,11.044798014929171,74.21813462749992,3.8542041710738943,0
8.018385590951006,184.95498024822726,24986.695856344577,7.027776592475971,303.9107923669911,335.34025714519396,10.329246657187358,66.83196578381174,3.0220833582763804,1
6.615980190419642,109.47783423765311,18873.86397132229,9.068384783579813,387.43653612041817,369.13716228673525,19.197868981786957,50.15555223534797,4.146714403942683,0
7.765162856336117,176.11321703751122,18034.544666130714,5.17009501116803,332.6258342676222,549.8321612442174,11.874978267571443,74.6396081968355,3.817487488622457,0
6.0871110884000235,179.21872342492662,10296.738408164092,6.733299465390831,311.5241548529479,297.7834939295755,15.46847681069373,63.199930745762614,4.804009643402959,0
6.535419230152392,163.37329573864181,22694.907856143276,6.50777412318979,337.3852797985554,411.34542723143164,13.63272611063296,66.04860375081114,3.966237887971471,0
,201.29958880744485,20424.670441794966,6.017626778392362,,332.6952507388732,13.77904348296274,104.90744383243035,3.6238054759456553,1
5.286240531616441,194.2097461745514,19193.14398240997,7.511718347140029,318.8705920516392,365.86905617391125,19.02028608057923,80.47892003178829,3.777566162503277,0
,123.70515591751644,23757.21884157606,7.820422281184492,369.9812331022125,410.18102163055084,14.018941680400172,81.41359153807839,5.314270886613596,0
6.375896489695914,202.89625501765622,28573.979844193826,7.803866509573631,280.8829822513811,346.99391018969845,13.122473776881005,110.47247466448843,2.7453371234678006,1
7.098741178091531,166.29362781475112,28166.72918891791,5.576640573488103,,471.91444922931424,13.409938400292855,72.63009672931794,3.4805374415198393,1
7.801119988358863,211.54204669409648,26861.428952890918,4.519345762952781,,534.092049581793,12.638587217044233,68.33926209047888,3.9980862743200527,1
,154.9807600726827,19903.321656364726,7.534573729718551,,493.33425088821855,12.088700714337355,55.39684093986189,3.473587371667548,1
8.07807766345918,196.96020923299008,17041.42459379531,6.32064791445741,304.586412696941,507.96904941766945,12.651825352377596,59.068659896717,4.352731704755888,1
6.932271773235865,186.93877347563182,12858.859825602225,10.024533559905121,282.65814464895004,315.62114567769487,19.788593372532432,33.23691898191899,3.9259413582734863,0
6.4450525319337695,205.69926031841058,16812.01743064502,10.097525319703616,264.666450631569,406.5543182544693,16.647913129299404,79.20485808866653,4.169668224051669,1
6.9604226836404015,199.9903128848431,22186.331334347717,10.265289875145744,301.72615657305874,463.39368538827455,13.160851388763081,45.875879843571525,4.061905945517062,0
4.5489983490629555,187.83474639931345,15118.270713107726,5.634624776365153,,495.69527312916296,17.539463594242115,81.02432290768323,3.889624593540093,0
4.909331291365369,146.83928595058416,22856.421110059975,8.019603157052508,293.5875846855089,566.268239408786,9.06226045542168,65.7029785252387,2.963157486525679,1
5.095950581468396,148.72934516924698,13546.94493471295,8.496104977257344,269.51362438530333,511.52316733031563,18.83973856066171,68.47455117918273,4.107352094771039,0
,177.315617949049,7447.101133408416,8.318199689000156,295.72832225565077,497.71908989391073,18.574014040428843,65.71363953166075,2.594541108002624,1
,195.7350437142532,29200.19167998425,6.560051248173703,317.22183398232306,636.6876464431489,21.679902246278015,88.85440574790405,3.4458704343287225,0
5.721781416959908,176.53606568962826,17853.383998641544,9.141080546685215,,433.70472652858365,17.638119748959568,85.99296623097015,4.351580123097672,0
6.512756168940916,216.0067817785429,14673.214861226475,7.120750478459106,,402.8753249406745,15.742873994755069,65.93195922839513,4.897956277852575,0
9.028842446679098,187.06493058522614,12420.960570821466,7.322407677397995,375.336860188127,440.1886322928359,18.560763270064893,51.836133962104604,5.802544577719833,0
6.545604043407861,165.11959280705568,25724.025498385614,4.690223146192113,384.21943196175107,352.7957795450559,12.23482887646713,81.36700350637905,3.6359618968448357,0
8.18627335270063,187.1009186243869,34071.94062957408,8.138728651925323,415.2239627209622,431.41070286142457,12.995125577382906,50.611885463072774,3.2952027884283153,0
5.6795734799851845,203.2275147621297,18479.042238976115,6.708549492555591,266.3788000153587,287.85182449780143,14.087992099103651,41.211247083885794,4.377381169670947,0
6.771843663198555,206.3963110023867,20123.509204209156,7.85435060211883,,383.6384770745756,18.817309051971296,74.47326786950119,5.428575675566348,0
5.654966917634129,256.10813222378016,31412.211235827162,7.491479645691297,361.6378914394499,416.77328943475266,11.475601435818628,86.13953673321227,5.165540938353508,0
6.571450386149157,174.59490111989058,6136.391172777601,7.405879791128758,314.38472016347396,501.97082326824346,11.125196398020126,59.83762028173921,3.162638219911333,1
8.340462206186093,193.6486828291072,39263.43799834409,7.047772555502639,,514.8872435509089,15.080575658083156,72.95318654940313,3.8604028337794056,0
4.489019365211477,209.63596629822163,43448.75965140226,8.362827580763518,341.4916506347079,348.91063481991347,16.667850640350355,59.66608424984927,4.633286480853431,0
7.731635465318786,195.2504653055739,320.0,6.805749791721595,397.74737261150875,592.0826747170873,11.979834099397749,78.09629224871026,4.687374698900362,1
7.436603403498417,179.9802193283631,21158.89668240004,4.820788077264286,,437.8698782751602,16.51237924414738,84.1394809198779,4.431652300599654,1
,146.42377035698422,15708.834530503927,8.018949858070815,376.50168168891827,445.2035972824616,18.81571782876633,62.14158352539123,3.6199761044728858,0
4.910913218417319,179.6532941103035,19691.951569165485,5.841771270639612,316.11326404355844,296.58452120093386,18.26152358849563,49.752828844895035,4.424712869967716,0
7.188194261570804,161.64152279303036,18344.762939468354,5.027666288562219,329.0041053153009,376.39540879039544,15.465866136143198,42.79610423769307,4.6948936278040545,1
6.285760936404296,140.7485862040391,29133.127293663973,5.504855532054695,,509.98590492259825,14.001027428666374,81.39615260585603,3.2430243409925827,1
,170.53827706654124,21026.761915890722,7.567665159383935,,439.5822770170479,20.027557997636467,47.987622834333216,5.007584001306231,0
,162.49306493547346,14025.34373146638,6.967500291110137,393.34253947531687,434.6251781002299,14.35083318182179,72.42679270747834,4.743728420892442,0
9.482668336981373,214.68116944937435,20503.93613544176,3.750360813116901,363.5608796625717,444.1737736460385,17.403170244730177,78.99399450876876,3.391270030365283,0
6.7209665587904635,215.2349387972574,26528.657758160334,6.513823609976782,318.85388791268156,310.5436555931161,20.762328881312403,58.2789095674812,4.691429666120369,0
5.544753761067202,167.075862733412,11632.763955498478,8.967385335460127,386.4882928058589,418.2713157278809,17.056384662778783,63.707384227084724,4.604228651277871,0
7.348913452434474,187.67268382198012,7576.530547733271,6.406952839925261,307.15492648336664,538.6664284238097,11.00959893140686,82.58450384960972,4.633899069163488,1
7.409995025957648,136.53623481239887,39490.35436332576,6.8585470455844035,,512.9366097652395,10.211224821682652,53.307260645176896,5.199258982463731,1
9.118781362860656,180.18112159415378,16379.918018957014,8.767926470976901,,415.9840446307521,13.317822913791769,51.662671998447635,3.9618398123255254,1
8.332666868871868,208.76742082247506,20809.414304715785,8.376873027963168,280.5790304422441,551.0934939489244,16.641347107412145,62.60286221641306,4.228586626341868,0
,222.39801246765128,18525.334290909726,8.734366718489703,324.97320590941666,325.27211945852844,15.767793360585244,87.10218512563725,1.9117919609750569,1
9.274954336829342,173.18249338587796,26820.729164800385,2.7393652961151496,341.4510446721342,348.2641868114992,21.583370816030122,92.49384373257837,4.840341703328014,0
5.296855418515724,229.65935553688064,37561.36762550846,9.858966400738534,348.8040791342892,575.0897901725846,15.735685749612644,64.79971506886011,4.765277405720347,0
6.120372700875379,147.4978585115689,27100.019791965824,8.125512687976128,,472.23784946468186,13.219443984722908,54.86362962567424,5.027706757732087,1
5.690136087891712,156.07591042739864,8697.937656074278,11.009132734158158,356.814908476968,402.88901263181486,10.559971059737363,83.63865677789728,3.2393892824077675,1
,218.70917970041205,9875.237545135193,5.883924871376632,355.5455935890431,421.5745147171802,18.19544334706124,39.35741157710031,4.72039540092019,1
5.014970778665537,249.47587931402393,18515.07892038294,4.3337480430747215,300.57917693568385,361.4695109498253,14.279997943612772,70.41129583719906,4.764624451221605,0
8.032726420221607,211.78982362187824,19661.594840093254,7.1314051616257785,345.0639858479739,448.1274081445956,9.329738764831987,65.68859979600488,3.4622850420631366,0
6.74666595435184,194.7090436309116,6912.487366076313,6.6849117189836855,271.2724512279457,441.79107570491766,14.37345998962039,,4.793652253031963,1
4.8737905582460135,125.75412011128932,29199.619869929844,8.152789094111418,397.047645636566,427.59077678901525,11.014064233280878,88.99930034214171,4.331171754605716,1
5.556631378188688,131.28169420660868,12486.968707379434,8.818386784446442,275.49484222345285,333.2195027831123,12.89539621584561,51.131037361254165,2.645550816491353,0
7.550270771175293,200.1411051806678,35110.25469984287,6.982075251090395,318.79596661098986,447.1804888855129,14.3204335222608,69.1163841746946,4.425895039966524,1
8.337189851841572,184.5419945737224,37980.94787749417,6.739681287615893,278.92615619990187,383.6390854062374,11.312912440494532,57.15620965568705,3.371578646525902,0
10.07509633753768,160.61327417113222,19836.816518815805,7.945897314835481,303.0631822795083,347.12181916086496,12.690840242444025,61.64809636451081,2.6627731066029856,1
11.450793699010994,198.09704258656163,25863.790056467482,6.715000708205854,333.5505650327141,527.3393993229889,11.844404547426048,76.4016819478392,4.2559115549419815,0
7.701614149913994,199.68420376024991,11209.822862321553,6.582828280583076,311.32091796084393,599.5777086268207,11.932945652143225,60.9747152221107,3.9190420515839803,1
5.595692819952204,226.22130779328873,27483.64138322183,8.758673203106952,379.9140965839705,581.4096103055708,10.973532293465853,69.54159239575401,5.064974585404108,1
3.8819305789030363,200.37127305640644,17644.852446480574,9.110449013907644,342.30294165447464,478.0098211009828,12.706876936809696,81.90780907753216,4.11174091441158,0
7.481567193515754,235.30861978670032,12478.94622967014,8.832666665303687,314.0207011016277,404.7531936736648,11.347495142145956,90.945619925494,4.577245074854876,1
,196.25580894556202,19476.53215302133,6.85419705389367,327.5231408710641,420.3715533916303,16.23572758272029,71.07661834591316,4.366871305519117,1
6.456964109730472,192.30928016616525,17929.389966284965,3.7391333993499707,,458.448181076982,14.962640176649959,68.30779959405025,4.76634673666038,0
6.161854801410288,230.05798995990983,19162.352035657073,6.8858343834993,370.2637062146631,392.38017980310485,18.2425602424696,48.46189941639408,3.2786022708686087,0
6.868813670375422,164.6898918386741,30342.692747699468,5.922391579970263,,531.5048048097917,20.52612118844409,92.08993495659367,4.124858571487893,0
8.678970346181465,286.0623185045172,15126.852412584623,6.915034469963271,,263.1418004537169,16.53517254594184,74.43035729881602,3.8602259956036864,1
7.315572851168017,208.00823930133555,37230.15170801689,6.059676389506178,352.4663825660592,402.34195568100535,15.783637181289917,68.60684701668443,4.479873039394241,1
6.842047744441968,208.18653609080553,10393.227020121649,7.087231028364349,347.4880300271086,490.0857193653856,16.74311299857315,67.77779739958645,4.169534199876048,0
,212.8030711671231,36181.32349577628,5.477944505814128,,358.38722821761434,15.839743096107124,72.24258627159513,3.491050464531051,0
4.567975582943465,256.06836721061256,13099.201845878297,5.096466449984962,363.71419016157154,406.78808870577336,14.465657839907754,78.90300593606788,3.706411838863558,1
6.3505381363900035,221.36023717352342,22005.113950653882,9.05185254246201,296.47416025235776,473.4914732994562,14.203224839053584,80.90791858811562,5.255832112660343,0
6.999326173772519,144.63820867187445,17714.980084797768,5.5879409708791075,,547.4615285630236,10.928489118595296,92.49499071206702,2.648406127795199,0
9.731894870369825,240.91105231256014,18999.499550613014,7.120523967905039,,322.4849374267004,17.06843452920597,70.3315538379044,4.52330447135496,0
7.2754117822093285,185.09130945775945,29041.90296283816,8.62813345763248,286.59109752352543,316.55404097961116,14.196727127467511,94.81805975209954,4.938328111451752,0
,199.42896233085835,35167.48101169667,8.564600519442726,311.3078552400001,350.3175849728127,19.08341261515912,83.5351171276175,4.421492978951862,1
6.331056602191272,155.06387289039148,32454.90166246098,8.375860163766255,310.5951148043264,302.9971319593472,17.319948481831545,65.42587162505453,5.507386436012437,1
5.302584350374463,212.83846457996466,18463.409965361996,7.598529092912426,,308.6897235670824,12.234359646489276,39.38854559921813,4.702042204718674,1
5.632324856651442,175.15602271783834,23629.918300487934,8.263925227488222,324.63694718148787,348.18710418442396,18.41408045476589,67.78610868161113,4.269616496715404,1
5.99216090319637,199.20542841579115,15155.177047928464,9.289479249517724,286.03495455134686,524.6794838596793,5.849551543538199,91.64734043922321,3.605950944434047,0
,186.90883182845494,13318.103758719926,7.79153569851269,275.8353750048744,401.0338545544994,20.66974495836078,53.8407372918582,4.284080608801129,0
5.847919981163421,257.60040965554725,11960.941056759575,4.2172202920335895,355.50995671031234,428.5100084925285,9.883130583426105,67.73589488889336,4.501711897746714,1
,259.4323296046589,18176.482097749187,6.284917534282847,344.7357114471307,349.56285945966573,15.93387019126387,69.07654633101278,3.9727303310010167,0
5.725609232869461,197.4884214468717,24203.04138400104,8.2202647133209,337.3270398454063,476.6829660051666,15.710473348286843,81.66245078766545,3.390595244789237,0
8.477359519311367,198.04728676380336,5247.381048979303,6.129188424739142,344.1000062173789,576.0611222266218,18.008265644077774,60.11745292591059,3.0307063205149727,1
7.657426449158795,184.04982507681552,21607.478028366684,9.679767700344657,307.62431495147354,354.9896092768463,13.215300535895441,52.315983275024315,4.114617370597159,1
6.845043153512864,231.39220132808916,35309.54034229933,7.020175871497038,340.5436866687809,563.9798696859788,7.219789042855218,75.6340348498245,2.8153533579303747,1
7.018856210796849,185.47456414933194,31853.160075780077,7.254693058747909,437.07872816435497,455.1539506534276,13.219949892444166,54.35713029159084,3.602196702223138,1
6.097818456855914,182.51720721133762,16881.93564886114,8.897095834264743,381.1572519506329,427.3490799430969,13.57676440175113,36.66481329529782,2.073242432716048,0
7.749108302223121,227.31497163727886,9763.424585589966,6.831097162251318,321.17525351064666,458.00990658601927,7.537666345162899,96.21402517573141,4.619754453104572,1
6.39752477948883,178.77442894986723,26046.711787696528,7.3985177164505345,311.5417583688492,457.24211991736126,14.449726309570435,81.41789672662836,4.870156433153526,0
5.2415913543491275,194.791838897647,1690.1542456802235,8.540615104718597,215.72198470284576,574.5683535250596,10.749690087407,96.91088212375844,4.031579487004703,0
5.1630936385205715,145.39805499164822,31750.05159629108,4.793812426982775,376.81646027237264,467.617658545738,16.441980840208398,80.55900659885168,5.3985380448506435,0
7.338881876583179,218.53409104394134,20140.83799436398,6.669228903427672,365.2508195047673,469.2885736912777,13.487936871772504,77.42191173141774,5.020961666728693,1
,258.1077420538198,38074.5038114638,8.43006220669901,310.7030532596638,392.28001440299647,20.771613122215122,72.3864772614098,4.344232857814824,0
7.319987420360158,219.07921192959333,6868.512691494396,7.223648234381299,,493.1261709171523,13.45461043242641,63.3863418386911,3.8816927984884706,1
6.902042510835177,242.77757336151376,30066.142395072697,9.43838742308242,285.63403482922126,349.45224211016114,15.720291178925946,74.69612662686256,3.6974694672710666,0
7.508739209403815,168.9247316423254,21132.53750113948,4.630041094064669,,434.7203191663675,13.59686402868364,57.43763375313956,4.408743038000791,1
9.039002612560237,203.56237702490242,19110.686838989855,4.44979720664511,329.33702991983694,656.6626844624662,8.943214978080654,49.07848740583667,3.859843064102456,1
7.409073752045785,165.81888242017953,10000.472810089494,8.336104696263895,361.35527272189853,225.66480642829669,13.624447083046265,61.017941765878604,4.397619557292812,0
6.4636091537493945,188.71150254139704,27238.709141861753,8.487975399593784,336.5441686730955,444.6517597068361,16.78626435586588,87.32217511989259,4.45551381878962,1
8.739433065089834,220.71076727528015,27943.724864493044,6.814664989205704,372.6371121167759,447.7298336703118,16.286566358694376,46.43501167181094,3.790928186708087,0
,199.25825961930556,37669.57082324085,7.752623152072244,348.1525807560821,407.7528766010238,13.332216465168038,46.692430257038396,4.824712936185932,0
9.383633987993989,150.79548727676092,30854.600805287395,8.297427024657622,,409.6384591146055,9.492704814177317,75.97920843594773,3.7917300195615176,0
7.354851655832859,153.91906862279188,16805.537965058204,5.83409613475424,247.32298015220056,433.31278185291865,16.426713339519846,59.67572498812601,3.9866440679433537,1
5.24329645241925,151.80275419229525,13210.125141674394,6.003179567422107,,405.8397379628375,15.684305732029513,74.26501973158334,3.2075308117469943,0
5.0277612011315025,211.7264828780669,10012.330128008673,7.419767363133846,318.0615815346073,443.7583783056803,17.083255817713578,82.43569039644701,3.758918946705518,1
9.556391898346874,262.0446251410134,34934.17751125815,8.548460556632078,377.2623201809099,386.9911435346481,13.395429755725747,73.87682624497764,5.653394795660822,1
9.665498581174946,239.59866380800682,15189.411526883116,5.277788056354384,410.10171876877735,587.7914254997663,8.74156318372846,56.157621625409156,3.267698476281229,0
6.810721180076099,135.32847362732593,34995.61595087836,6.8072427415426695,,405.8389005362119,16.061408604153094,87.1835276981634,4.3114156410918,0
6.505219018296018,241.47443001823308,26618.881798360322,6.734106121906987,,471.5689126099773,14.269828875257502,78.42238745817689,3.615496901249238,1
9.272166438363303,225.96481334446872,24907.248271579032,7.7803753859675675,,372.47711201254265,18.892556452220372,66.83461123787117,2.2431568288175656,0
5.4194314769347685,146.55040174307976,19322.764898846184,7.106256575386042,368.4061143269997,500.65144243209176,14.39481900707318,66.05035841484542,4.405996930163737,0
5.73790947156626,186.29754826526408,27808.101447029738,6.2575039375914825,310.44218641702645,484.67742298810674,14.149959265674646,72.45867913952723,3.536223078026486,1
8.044990192033566,231.0567171678659,21878.321409921246,9.092733933596701,,459.54081892257364,15.676939757157736,61.345864055815476,4.218852148746245,0
6.488092315710616,213.61387234991312,18775.99943381853,6.267973179039105,302.68443927858493,343.8131715025184,12.330127472956269,39.97448394553504,4.7419807908060605,1
7.072317199919893,154.10895832358446,28117.961978904714,6.658487746426103,419.31627897128726,365.80775675491833,12.171052120292222,78.55255548943911,4.152986739666709,0
6.834835652213231,215.5437489854782,20751.364602130685,4.605433735246995,,560.8938388596945,13.976945621084791,77.59003692191304,4.226073099805507,1
7.5863618231984,127.59998092542119,15012.603990460488,5.992471114583486,290.84115962782397,364.9221033831456,11.262659182709093,29.122731355713064,3.2930068594304815,1
,188.86969037576924,27274.48082078991,7.935400200615699,342.51789533438705,477.27217361700036,13.543984963962314,74.67295351104751,4.521323781469208,1
7.215877360352619,232.41461662080155,21452.845800137482,7.626551091040679,364.62660158856914,350.42629358549584,20.700552479580708,94.85503333001333,3.8220464692435883,0
8.045908189915288,196.58861489828223,26301.740803115947,8.067236844303904,323.7646601068201,506.67065884814156,17.74069129819701,48.132258678588656,2.4112256863055856,1
4.004741848453467,180.03399840121773,18033.649042233785,7.9905520117941595,367.35729113264426,371.0882114002092,15.316525206618845,65.21268108757049,4.615250654395306,0
7.006922397104823,224.45908012071519,11410.006157948017,10.418588177346344,366.4542435332951,348.9449689968,19.42053496115123,63.451886511028256,4.8537266252873605,0
5.815154594560694,227.19205808277061,37230.5986512502,5.938383052633882,357.4498785243594,369.01260186424787,11.577842876578071,93.2986733368083,5.125275515335609,0
5.251780409364558,237.9212701717424,35577.78207239654,4.561310485373035,332.3245919100523,381.6957922671181,22.518451570603986,84.55934211534279,5.663241941876855,1
,223.9789577102844,29764.7941102674,5.460126266206992,284.8274563384488,458.3738683939376,12.7803416920529,52.16965842649863,4.573356947149652,1
,230.6039934059887,18612.900289267625,6.008230099386085,329.85179960551545,431.5506964910227,20.912559455180293,71.94232007840813,4.370898251859462,0
8.45385381353402,219.4530738380011,19380.211375377396,5.580563440145281,340.2186512123496,338.3875136069735,20.89803005767284,103.70328854289593,4.8214072387249525,1
5.090410923390654,204.49691677172711,34137.011700512,7.2679841392788695,256.0819142874492,423.76423889609435,8.514341637569224,56.27973203391357,3.2781437855881306,0
7.1259472388916265,198.86428799244206,18910.910570533786,9.099194750780093,,334.5198874167123,19.14140407236799,66.21930870471883,2.665863843707016,0
6.353745849999632,188.40768898888314,16466.4835612342,9.552661335292466,,477.48458920007835,13.363099836506168,74.71881831649944,3.597933129366548,1
6.588490358457059,157.20421462208878,38433.498105331695,7.916807432917635,279.8383310978169,492.1522319097926,12.425704090850369,56.51711629454804,4.966250458335352,1
8.584136737956907,165.43003171776613,21595.86673224634,10.503210100417345,319.34673798163794,424.08421291605106,16.031305796544455,94.96388997688248,3.4543426768961343,0
,186.9755365780733,37523.09013106643,6.556930570625058,,447.7322722394209,10.9738794283093,58.742773535406954,4.333176258374113,0
9.086097161164115,203.72646910727775,9750.102943248683,4.540619913636166,412.1338758732302,566.1699288531528,15.956590390123718,,4.417171896118078,1
6.848241481125149,242.10600313613642,26558.48142202008,8.784021347263309,342.02485219327207,413.3917606086305,11.195378208418031,57.89529096955612,4.160526807204694,1
6.036086082493945,194.6624887079836,40177.39439512971,4.215020861036481,375.47785530389854,350.4593639959288,14.884361621564002,76.97892539621596,2.973446762968616,1
6.7442117746792505,228.11124130808525,22274.91403065822,5.927095224134309,328.16957251588343,472.3356188750232,18.70669651099749,53.4695791627811,4.237310481967502,0
7.443745186906832,230.53810100582785,19698.680602811426,7.941777327228018,256.16942280976156,335.38769873877243,15.575509186927096,71.29563009964707,3.641188298276542,0
7.344860037680567,188.5937024739587,11772.81568266186,6.958237261522926,,409.15448293816456,13.112687761972216,75.513317130295,5.298231729920387,0
5.45341789164995,215.03008676384587,31506.148587397118,6.818294634663021,306.0143440869108,378.0807963133186,16.086656665765137,46.81526851830961,4.856765201089466,0
7.215734672441811,188.20710266480444,15259.976715241171,5.254351748144391,319.2403946704957,369.8544133432904,9.658615201383832,57.268024074973574,3.6686914007869977,1
7.422342495208357,238.30834861051125,21182.5289341498,7.102932224695327,289.8281787862657,405.99299234843915,11.531759412153088,72.0533279245167,5.347274453223217,1
,216.34698682450983,11187.415006218796,8.705786732205711,335.9834824207758,497.9913060971266,12.880108800326852,77.77907699205693,4.238094899247652,1
9.895266916922505,157.90451984997264,35667.965642854484,7.15154930812691,,514.4535030659349,16.896605812189815,57.671698879764264,2.666123505475127,0
5.80013497416177,201.1687888689231,32142.344175064238,5.808243110167124,371.24226244745967,500.09646904725366,15.639135887610717,68.85871142601808,3.908921879411034,1
6.648924957676236,248.73958917836416,21737.001749400843,5.148889232256218,,452.90832713027316,16.066049299854427,61.80023275411867,5.245516783810572,1
,190.20060689450557,11892.11383490264,5.840840558930186,403.84633777611856,405.3826750889875,14.209637588595571,,3.3305259678040944,0
6.19393947905477,210.32688096304219,35483.90482185788,7.739887328814686,,237.3740003680034,11.699271168191537,74.81449998248284,3.9167728739941294,0
,213.46812280765266,18804.77875379652,7.662891574528342,284.0615570019056,455.412879462182,19.210785890678807,60.34957515383011,2.909319872144234,1
8.88878043133235,162.8280672267328,12321.353546030363,5.855198781058844,258.8641452886113,243.65346201928904,11.997281600256724,74.15079038937776,3.0331162861025858,1
5.986374243384587,212.34265437483245,6560.225030615789,3.6270001132683483,358.9091468259732,272.13061788215896,15.682828534029207,59.71590637695829,3.319292999754919,0
6.098780339898306,151.39727513489197,16348.885793291594,7.783620166602021,304.58364686423477,413.06658753704426,13.930054644592625,73.80926366057496,3.01262936906265,1
3.8590664553920178,175.98002859515532,9256.82366541243,5.701622309619103,,447.1661795704398,16.157877451214365,74.03497163458233,3.4877462139320863,0
6.836001119182638,230.42313495981415,16551.861263694827,8.208718716844148,324.1195052909743,389.91320769365916,12.301892948784111,104.81095376280985,5.325860961910805,0
,207.41620128986744,28542.464594528963,5.925346765438155,348.68539821172084,548.8424918875174,17.773834630927265,60.95255167791341,3.941863398520707,1
6.285840858950889,186.25671015211114,18721.740561937204,5.559117283201703,272.1018370317353,462.96813260148053,18.848317122258592,64.11145051119142,4.582706926711441,1
,210.286752679846,25133.430961137245,7.362011613470143,,406.0473674563794,17.571366172238026,55.91484807364759,4.821423833188309,0
6.938606168621164,194.0770480718358,15670.355035902327,10.845164783441664,,536.9047956145437,14.820163575713039,49.66825609581505,3.105419557399987,1
,196.40251207525867,22585.53271201431,8.303467385964186,382.1485833823332,551.2090678051272,12.864086687857844,59.00534000380281,3.321420318307763,0
4.879432131913514,217.0181928550444,38860.300209694404,7.335226492745246,331.9587064667055,467.00469547797354,23.612968886736546,77.17463126258406,4.567338607419474,0
10.273870668042447,172.7242322989078,18957.777095704118,7.68698542748193,300.54195203833666,363.9793872194003,11.027639002285504,78.34687680785876,3.4752592556994353,0
,197.29076497775011,25385.44616792441,4.353236938852756,,381.9783655182614,17.20805752067644,71.19001348393475,4.515677993867215,1
5.434821632318041,186.0074177725871,8284.326215101795,5.346702214210961,,310.26090296053303,15.39819013065286,61.608608935415454,5.278311488409365,1
9.835370292481972,145.26069201279182,35345.330693595955,3.15273239322552,302.82680237499034,422.60664961595893,14.09362644081022,58.40732522792089,2.8348013478196297,1
11.437600753860611,166.5454158000224,17828.897864153532,9.853200753431064,285.9550864541794,341.9966846844374,14.91103770112225,51.547345730515204,3.69159135298209,0
5.322650056761987,246.18260630604263,31227.18010968001,9.533269926066083,,399.67401846427856,12.616289498907703,57.3784208643993,3.8153483292854657,1
6.527626564817954,208.3111460667275,20933.7088061944,7.740653271419558,273.9968667431794,446.8480242444129,15.70928329270932,45.41892544205714,3.5594341681650716,0
7.592333326410764,153.64517435515555,27377.55103123247,7.333481862873043,293.59021696139206,267.3033086396849,15.345520803668224,88.39730465238574,3.4957802748008704,0
9.673046466608389,146.70865997285085,27898.778986640475,4.668487796053823,,324.90069851830106,23.13625563565307,96.16185407841714,3.5861457644962798,1
5.599714382357644,192.4107551964613,18046.098222473473,6.773506062803908,,385.45215561317394,17.83371330977641,35.03902339330119,3.9581044337497855,1
6.712083231086836,245.95796906164742,31590.01944163144,9.95197916787815,340.61402953945316,421.7978105021462,16.002413148017144,71.0860709331799,4.098610145274297,0
8.246006364092615,190.0237396862607,15357.702742780515,7.327637277149229,322.8956426633578,386.48873602095136,16.199344479921766,70.81760967676765,4.713660457261525,1
7.732149111699928,237.82398570892852,28836.48310964155,6.227858583385204,424.1016838565656,404.3585654890898,20.37047426313596,69.78270239136015,3.950407438328199,1
,207.26178466619703,18591.899570159523,4.342248357194291,263.11783222790086,369.5050243099554,11.097592336357103,56.797541996349274,4.84217645889476,0
,211.0800146510686,25079.623209503166,9.300883049814672,,310.0480126553099,13.696981945586158,82.96472613184218,3.508395940136348,0
5.0176562874450275,153.25694370225378,17962.321369353132,7.009267594376303,340.1342045506792,383.2199378086641,8.0064418686602,73.04973228557269,3.032936986662937,0
,226.00073349599225,22452.289298176842,4.34436051168673,290.7471464391509,408.9465180055756,16.143953679134277,83.1527724142141,3.7322918531587037,0
6.680418764986568,185.28217480724456,12588.936236163203,5.659660222326964,,401.16879171150015,17.09897337679619,54.45230593351256,4.330744270566153,0
7.428254834439384,223.61895851554905,24185.074755720725,5.101489932574154,364.5533690226753,434.94367350371624,11.014519827625048,43.992438564541544,4.641164028452911,0
6.2470091717714755,169.94656057644437,22401.52731259557,6.911845229375085,336.9561507848711,459.5115656380158,19.03576405940232,73.44546957922873,5.108982196785581,0
7.787307783817709,201.6655791203172,17276.853330784415,7.447595571988254,,480.5380981517336,11.927696024338207,50.8003116417443,4.196356237107276,0
,207.26409452600421,21531.404734757103,6.324917038439931,,375.31593315908873,13.169855240245342,83.48451361450874,4.557360284550388,1
7.313143991502699,191.07093386957226,23189.219255992568,8.347733622449272,298.46843007508846,299.9362556864172,14.694567521546107,31.948734707095312,5.037647906557539,0
7.6076346125988055,208.945446178757,16608.548642864967,7.244507539946458,393.47729793646874,527.7277092582885,19.56084799710739,58.80965370258448,3.3621874194519004,0
7.159733021366801,187.47529359383972,20884.7872908508,8.798453568729965,370.39307966381784,456.8356732488871,11.467947200333036,56.42206606802033,3.8060900204750827,0
7.080126589637121,175.23008790267906,13195.309478351543,6.555633356632464,355.1609801619178,349.62701190608493,15.261115513706754,61.01549840231897,6.1313123042157045,0
,247.37546824940688,42586.07875168804,11.931614435377611,,448.21640451939373,16.856964590814997,70.62980496580393,4.637983374996009,0
7.554741392509962,229.56649172356614,31302.47065002578,6.228107816911147,254.42112697322744,511.4395786614499,16.175951540142304,72.81901892322261,4.36834624078317,1
6.934070102379766,171.65232815845835,24409.0353063887,5.692738613025723,365.62003717163566,564.3341220191513,16.297823409120124,76.76374915749808,4.667078858574067,0
10.219752463395892,214.19021777902762,32293.430373970616,5.498445130848703,376.6391766591963,446.0488220926185,16.812950733174006,78.63077910149204,2.928171826401303,1
9.440032353712864,172.2342766495631,4655.955779483269,6.786713652044198,,510.77365098798884,12.4694150088031,63.621285269117436,3.465475385706303,1
7.658769828834751,158.09009140280563,320.0,4.403132976432062,440.7987218335403,329.2318342148221,19.86967329654007,100.56101065964464,3.1804076540071238,0
5.935414185457849,229.08190212476723,18512.217388453322,7.585409293247941,,423.1277798722659,13.933206986030992,88.87086341010323,4.29651448937315,0
5.411382792024873,141.46881197928303,9923.992460609505,4.109620044087605,243.0964692571498,399.19898805949447,13.495300930158065,61.345790906285956,3.682206469369984,0
8.866714429633298,225.65938923444932,19938.969550588154,7.375440060010425,348.6321519152839,453.40558813633675,18.747164154335387,64.18264618729995,4.0444030215217275,1
7.4741238377207075,187.91288599766213,23817.60873801726,4.985022244327762,,554.8955148348978,12.219129339305999,61.004625758255926,3.727407327106917,1
7.800215105087417,189.23050870142308,30086.035150447162,6.5175564163394535,380.76480623111024,445.9911515423407,15.35691802930677,72.28543754454137,2.7014033765612058,1
4.463121019538711,209.11203902794526,12031.424857906377,8.075173830629128,,350.98474085864984,11.914645740815718,50.65460715168584,4.660281620980137,0
,214.59836198381606,25518.761117623828,10.760379540524639,,324.9249136092895,22.613478190968557,53.60949313303199,2.595486779032406,0
,169.55701834147493,22140.19760894508,5.416759177165773,394.6005286487787,557.6624050203151,21.9185599051984,31.288666824287112,3.402435543368376,0
5.414353973378283,218.96721948000203,25061.656648113152,6.882498429906301,,467.1034729908186,13.936204761259399,59.94170591387455,2.943931621609272,1
6.372712788825076,199.62785721680714,17455.59999189093,5.976461293854643,299.0552805050338,461.8465077580045,16.015528672551756,83.64909878037885,3.283801887238621,1
7.4755758065347795,155.80624662822277,34144.095176590796,5.745604890353944,326.7661516970052,398.5014889153464,14.317159356656358,63.93596347357865,4.1274496789994,1
7.158700197534365,190.56401652544835,21106.229153271302,5.99034213864812,354.19358842132726,447.4289427734275,13.149621688252285,64.84217654802943,4.9333179092702,1
6.641743221294668,240.20092849788563,37573.578100128056,8.422025031506363,,347.04320750985516,14.694783947049357,70.90617813045928,2.752423908631714,0
6.924767597901059,249.6510335438623,15082.291507206897,6.348871734516,319.28962444226255,456.9758684562921,14.166015263765885,50.16375358871895,3.5353777457252757,1
6.702033932689672,218.95515064347768,28528.595771410204,10.67391406326795,,332.0103890740778,9.281797555474519,66.80963664483664,2.605745451504749,1
7.308843768153703,157.90900837861216,21490.707425484165,7.77724722431368,289.302258054467,397.25692439777924,15.167976961166449,80.82333782708098,3.497778619958601,1
9.287237959489737,211.69942087858843,19139.69900583248,5.524183155344962,,374.5685481072475,14.160433520708276,71.3663232991141,4.0260758135337,1
3.2300123386030535,223.22754892349417,27559.405535900383,6.540605812210778,342.80452935561357,180.0,15.330261506890672,82.24626864643969,4.5683205023790014,0
6.724724603235474,219.22265546619911,19390.2485875073,5.853081755736817,,398.25850987732747,14.04419133337721,86.87893688155228,2.317521650551759,0
7.3447686320586705,221.11853723801337,320.0,8.384108471655807,292.28541317106647,354.09068604296573,13.1108801005208,77.13395413853249,4.399430419541128,0
7.523990984530649,207.624418535921,320.0,4.5307281426269,260.3651232831086,409.1688092887373,17.187203198909806,54.843454208283056,3.2113407929238296,0
6.522128128018065,193.6828051574226,33173.142345691114,5.00129681891142,265.41377764178657,426.13782403854833,16.059343532237744,60.825007109351795,3.0213711937890193,0
4.444917326282126,176.5322401310714,32803.366675604935,6.185357132376357,350.48056213889095,567.4345554385268,18.906956089787773,97.6901194180595,4.022640402171563,1
7.571993225571164,135.26606340795212,38565.98009866465,8.199055933158554,323.88536523253697,450.3767197726007,15.932608222758692,71.48952991592166,4.459174117508103,1
9.671025321246278,206.86853653482723,21860.277262565305,9.06823523421998,322.40558132580696,452.729010638683,13.647898379010059,69.33149675431284,3.891645306596292,0
4.779207892625793,201.95369099687002,10677.592786478494,9.301256661421093,279.04802687141563,465.6491068175396,16.33533613640864,52.46865868594193,3.1173580972337622,0
,213.84242697039411,18334.249699950717,7.957086401517098,306.110187357619,495.7446809792901,7.763976574511395,64.9183292790318,3.891234819108569,0
6.587212165315659,153.19860181462738,22114.192999718714,6.989034532554329,,462.34235630836145,21.242143632811594,78.00525209567515,3.40436074387021,1
6.988013481256729,216.64053405808193,13182.274773019592,8.375508783456109,330.8644221224335,448.53704195392953,15.205454474465972,66.64050051004277,4.441145330464821,0
5.500652233944077,261.7454430278649,36472.00032048081,5.311689024457897,366.7296365027214,482.89975348505146,21.50870445061499,57.986072595419515,4.808779108416027,0
6.578315741466185,198.51040418489316,41654.44025447557,4.205441589214362,,231.86924633351168,11.431161303053914,61.74434416025182,4.758940352890126,1
,194.0267097853907,26208.521745403657,7.809887372744653,322.65898581141334,593.124126662306,10.61177023737359,85.70757015186078,3.95459617157559,0
7.953982862981561,205.88807539474243,21918.72494145682,5.531028100904817,,553.1783875770718,15.50724986579224,,4.845675333958544,0
9.678467408114916,261.0347847907308,10657.13959877923,7.016815363178541,301.97755913828513,443.3708601487432,15.496364651129976,75.05145167516822,3.1736353764351533,1
8.84611783346654,163.24327162560348,35576.22526928857,7.309010685079047,,312.9594839672987,15.416207755641917,73.54229065096835,5.360635739291338,1
7.738630018394364,202.50262186860496,22683.210731146137,7.512028903501709,301.16403086783134,522.8280345994356,14.913226470726586,47.234914660389386,3.1692659796294653,1
9.695901789251689,170.4109624864754,19478.02822593893,8.601710630869583,289.76040733531613,370.48988007482313,12.227213368942916,70.81205520533813,2.386507031526557,1
,178.49584893296017,26233.896757675695,8.434678797500936,335.85984365316295,468.7072813259948,9.39832587954088,83.70172113112801,5.035040399405867,0
8.321982265195588,194.41311014777793,16877.309890764842,7.42810010612495,432.6424272120645,323.3675518571627,15.234396836947264,62.17307103223204,3.4160951514619535,1
6.635143569697938,239.11434373163388,23302.09526827835,6.421615856858339,312.98428945650863,604.1125519178498,10.067446399015344,82.23433461024536,4.061056328354069,1
7.179818723788808,253.63169922203957,9363.565718083562,7.290264100108587,332.88496004783724,310.6226590313104,9.755879217462201,75.23267284004389,3.165969723399064,1
6.033864265049585,210.3405486280546,31547.754649743845,6.177987541653624,279.2065290335295,431.5188856253201,13.043915065054819,79.80830004941863,5.813610657725555,0
8.56437590189228,183.94896886324847,21098.315169240144,6.80964230323025,383.97944325670204,256.22502283908057,15.721174651583665,67.22517108222472,5.3910177826449,1
5.312544565327702,275.7676437324326,32176.683547760284,11.256714009257053,368.86446477740833,422.7022038242942,20.859605482945767,80.7626860917234,5.176312066355003,0
8.253525513626492,182.31825659745536,20250.035720328997,7.407859727395994,366.03509971810263,391.9771835889379,17.53155570073752,42.67215786258565,4.0389190350739925,0
6.794023413742261,177.7236507404884,20819.52855396451,7.831387126919327,388.7516282634945,516.9746715124772,19.029618037525967,66.93696066680873,4.73494539920528,0
8.83687064020098,139.20182257348074,11381.976153879532,6.005340574532028,315.47900445751293,391.96964547265077,16.457083568892138,77.95084074945584,3.928619390346221,1
8.206303483096889,240.6749302158318,28677.068653369115,8.731715997959192,320.6008693863295,517.0898866277064,15.510617272514317,71.20005232518446,4.845317050186897,0
9.810969236470203,226.9838589558814,14332.883603217488,8.32123042780821,403.1050198073526,344.0703545929063,22.569108039025103,84.1491032272654,3.649724696328267,0
8.176162036707968,273.3697771557263,17748.075787042766,8.332417036355034,,403.44307175642047,9.934576474155104,63.85499903182245,5.206069444274795,0
4.721939616520139,151.53525272902,22023.183821943847,7.459528169870472,242.01190532488937,405.0470321663595,12.936339955898992,57.53122457731806,3.6105195956657345,0
6.9795702406526985,242.6614658393315,23077.136090955657,8.754020351311498,351.6476600011174,465.6470604506334,13.193906760378042,39.846985013569785,3.699113094626258,0
5.321989211107776,198.24433658771608,7051.529834290253,9.12926261068288,,455.4699541125645,17.24873817048246,61.97794269395906,3.606107399740354,0
6.302580236450588,221.79520693760435,19989.832559670096,7.5672962925718865,,483.77801239386895,11.070036699635912,74.77337413848339,4.120112844479013,0
9.346842649915082,143.27113148465693,28988.169017505366,6.93891247277949,349.7358092462271,447.3464482631791,16.819317705002785,78.72833792273559,3.667207242517833,0
8.036300716346544,242.97861832528952,18695.975437225374,8.533422164381323,261.6377466750653,478.90518612904924,16.21284444483903,43.73319357717247,4.350059343981429,0
6.031604357131881,221.16853604261857,20043.10251554917,5.691482015635605,344.0220369903146,354.17088570454894,16.98404653532443,85.44026704649146,3.594830152946946,0
,194.75487888684103,23438.30106589071,5.985622756627784,341.6357368173159,457.10389335049877,16.924236054588825,50.61438269769865,4.5868150465235455,0
,216.64360600515587,20909.327006562817,7.035785458241856,,554.6564741956545,19.376454800887565,64.43740011102648,5.15432627412468,1
5.255159775928308,171.50415036664802,12976.379044060708,4.368655831867731,,291.60057860899224,14.137608772306661,,4.030486772160136,0
6.073289583905129,177.45791726138563,21695.244495441246,8.42760053223021,394.334604352691,465.1206363975142,16.049521101322153,73.15944811808468,5.700296179120481,0
7.548014207326866,181.1697723639873,30732.021700951707,5.5985960578039995,,480.1423822350494,11.869387357642404,,4.849472887439926,1
8.812968054160045,136.7127084259111,12795.186942467617,6.375044186027225,,542.8949101977346,11.116176466117029,77.3830905969914,5.637824479184423,1
7.99314220833666,223.57627181450775,18729.793829209375,6.783018238825962,380.06666972171723,484.0837546632167,20.123934989191888,96.26963475529503,3.9222648368995654,0
3.64306573710285,234.13099565384212,9897.093289089373,7.1820731780814695,424.9523696671805,434.0252753726967,11.620008001721652,72.8452100627093,2.6740618237790503,0
,173.55698720755706,30269.919705800326,6.577027823251594,370.51790092089163,460.4058556408031,16.416329853944532,57.057789854125204,3.419212965076639,1
7.188050359848867,207.1424965102342,21204.018526031803,7.013553745376049,341.4544511991317,367.1969732350928,16.052441238374694,73.8693182464,3.4987733816695323,0
7.700835428059039,187.50270481186445,14557.74921327658,7.025788340823146,350.73375254052564,394.96255421138034,18.177436951313,97.9112557971455,3.226640149965606,1
9.504314522476811,206.50476678659297,22823.169313255665,6.41369108694914,343.4977941353286,319.14377282384044,8.827937859623042,77.03271227402912,2.257194375886786,1
3.985142584792886,175.91752828124706,11458.42611536688,5.898352756930751,333.7592550262064,544.9623611475379,17.2409830754024,81.72023646677184,4.76922445775556,0
6.193344862213341,167.73039500519565,12950.244189092236,8.828728800481851,421.7720040917616,462.0125855160677,14.108494378829851,40.584061511648855,2.519185053823759,0
7.966359484190032,229.66639635275976,9208.628943199885,3.7950389904186093,302.28881165302624,352.7110031740309,12.320299909074068,72.66743330310949,4.694525841395441,1
4.707608400819087,193.95614127601624,12658.346086621603,6.794970048765017,380.3511389579507,447.7085570130067,13.472302211190712,62.058112451204416,5.674728976186483,0
9.293923572080264,260.7074864273112,33917.8506116783,6.37913883442294,327.83986534927647,518.7478167995466,17.721343597235315,55.381977234426856,3.3629000475636017,1
7.632534919050988,197.48191887341247,15584.552234651634,7.781690549027849,272.30281402431234,505.42338603635073,16.713093707172742,66.03845929840537,4.272304983084546,0
8.349875978765105,166.36550270878425,26102.79432565347,4.822217381499966,325.2789725129532,351.7889109466879,13.877852588581849,68.15987049701381,3.6590668127901136,1
6.223584507717308,235.26210804595004,14679.636546986567,6.330339160835106,310.5821908160895,180.0,10.540945368571379,56.284851187730055,4.615119238484327,0
8.300645534949316,216.18560525267264,28675.110950343435,6.958271620296186,356.68067005512404,457.6308867917104,10.77380283019159,69.45311291538141,3.038359586525996,1
8.682707333983558,219.25993163828556,13015.260851832361,8.810716304385327,336.7433091290014,355.05042945294133,16.784999527751385,63.589509015658045,3.867202957919389,1
7.429317030205753,234.09922172377338,22358.028926470604,7.64485224753677,,475.78620047844004,10.083449995340501,77.7795097671611,4.844520605710893,0
7.4316013390480435,175.11051859693458,22477.50598755068,5.250088626827198,,502.0216310668993,13.910090188793783,,3.931880986734266,1
7.485514858922589,191.9278941124708,42428.85280046121,6.349786784421358,377.6954941835047,515.0906488930706,23.14753802035368,72.48995841335862,2.699670403550318,0
,190.51360539239062,27542.829775586048,8.519961137203891,,565.5792388782825,15.816550766621317,82.26608509272394,4.938489665299515,1
6.858706979639471,154.69611081870022,16814.23179433227,5.222775711841553,342.71555122679274,524.9085534461843,16.749422373183513,75.39028492939525,2.9591387899142436,0
,187.5651151949362,28021.879411215006,6.995742055971654,331.5349442004917,565.9639063027217,10.798583602841116,66.30143283973212,4.031412631707091,1
7.655090796530243,238.76414265205838,40765.79010615527,7.105589685008485,,536.3248274588265,10.249904534630936,,4.424462551550027,1
8.579736370365442,203.5948193214031,7722.091486452733,6.510462765325192,,543.2974059217734,16.926212722225568,74.72239349947917,4.063483248223423,1
5.492195877032386,152.9260375089604,14625.432486672267,11.379287816822286,338.3324417435133,422.7305488561782,13.368238436646969,51.62684250343592,5.949200970890196,0
6.8924864545206335,146.2131388267221,19936.408406576415,6.4678842940728725,325.79720612782404,322.8538855014098,18.172950889160123,65.00294723985526,4.5423744606361165,1
9.30218332148846,249.2728338799447,18356.13624796509,7.8306289518011205,,624.581620358593,14.772339684160912,72.41096116120843,3.8121669058173295,0
5.964617656781154,193.10979167183584,19095.723755647,5.909244230053531,,431.03623481728164,26.03599719231543,,4.440077065586386,0
5.84662497406452,175.28287341754825,10575.883030747258,7.953841827359059,,524.2966451179387,12.741344609465951,96.2456293834936,4.133756810313739,1
,187.2322635232959,34326.69458963361,8.495844403026059,323.05536127524954,381.97801351806226,15.584134046325117,51.47626375268308,4.004608141832112,0
8.34657778572798,148.72615186184538,9537.722591360049,6.191016821941165,347.9151827716481,503.1137954036511,11.679319313461352,45.08302140292809,4.160154011111527,0
7.097139083340989,241.53904478437184,20258.133659610685,7.0335711319547185,385.17385849345163,230.40293399680274,18.03586403515302,71.67661814082656,3.631412159178555,0
9.073440885655483,183.42230599724707,31185.93428974132,5.70545796357242,298.2004262875329,393.1645287199237,16.083690899785143,70.32732961541389,4.136063297631327,1
8.36519097384979,239.7568488876295,21749.27880283087,5.311841976961171,,418.12711332861693,11.45807348373272,46.92961077762958,3.575716912238405,0
8.342730100335093,197.6528548623141,13424.713156262716,8.758136783350327,301.6316094492478,463.0087014644149,13.58295984942569,66.13103136873265,2.490966918897036,0
7.91117475198614,241.74502318619008,10186.114493600391,6.2446785055038365,298.96259590024135,511.76197412808864,19.157054752551737,76.08016332109746,4.859356476394908,0
10.571479650519127,204.21422396937874,19996.90705083635,3.306492520957249,308.62267331035935,338.4685662695748,18.7606400477291,46.471542100701406,3.528950694601007,1
6.772257466700934,223.30344521181044,15374.850707491409,9.909262727259925,,478.7974551136163,9.96249439042337,50.28771664747924,4.08028188911958,0
,219.01097747482677,23813.876674235118,5.852689389561082,357.0207379319777,524.1333581309393,13.092300175683722,,3.3768705307200193,1
,215.94531412006307,9723.273434458944,6.730730590878111,346.1382763561784,613.6729266203406,20.640609295779996,62.96138396614465,3.4004157934980856,1
6.393450853564762,207.13390326984674,29144.323412504444,9.712632278681017,289.6688630375868,482.5302387070027,14.078313257707416,77.64233839356254,3.159588472930255,1
7.24182066651455,188.5487770843013,23027.369318152356,6.896047491183529,386.0605732806033,389.23952148150227,15.235294298012555,61.11101308808084,4.709671627141331,0
9.04432602729079,257.29391013033154,23678.865178471224,6.861928168521056,371.72090456555856,324.2588274313391,18.018875324978254,67.29613258159698,4.8979828459674515,1
4.676610688411612,166.97801647693117,34652.24334516495,5.179486589610158,,572.3361838292184,10.233866369215209,102.78808084988734,3.9902289603611734,1
5.202529178840791,196.13784455498111,18174.533479278736,4.536962754588445,383.188546568702,484.9873548474353,11.528998258482988,50.90777342060429,3.551406970523355,1
4.678083094321719,196.47634800664306,15648.587587189626,6.857109701938118,,424.24194947358086,13.561793025385086,55.821506963719145,2.649405349806073,0
5.888795564961864,208.87810410699268,17210.11297939792,7.693239443038334,326.5853325800649,296.41453646225455,18.605257945522325,77.38503976351281,4.590436323654025,0
,182.25687533137597,20325.541985281026,7.6027301449730205,347.6812818236518,351.5052839281558,17.99522564923258,82.40629969635071,3.4422854860557495,0
7.866281764219156,206.0718817788668,21216.23787268005,6.359607492858639,331.9433973793536,476.5056231019149,17.00522901171742,73.11977415306512,3.098536675500264,0
7.494411268992831,190.5970372735051,14728.78085000245,7.152007322968169,355.3482248337377,454.30664193007203,14.170772169386463,95.70527461399843,3.9928254687732854,0
4.9608511741614505,145.37751944198723,4271.542330900073,4.217208207381812,,270.2934752826837,18.35758013434299,71.54278614492623,3.7093819609157257,1
3.614844845051034,196.3056731602191,17094.652662290835,7.8470638926988565,319.16553185683966,476.6090045201463,14.126270738233575,34.38712032714113,2.7859177244790194,0
7.1615303780855735,160.78190934303515,25169.671093336023,7.375021234736673,249.94110287438326,300.5250841424032,16.537294440828944,67.97133013664723,2.8930379315283874,0
6.372335949542497,140.49965560163517,23208.985345843128,10.238384212808915,,534.3207254881808,17.6397286188022,57.15006528962035,4.2325036747588785,0
7.769078657574918,200.37994626206032,32534.0927003725,7.131817841357895,317.68013358614394,442.6844731923966,20.229506222785133,88.81775033146087,3.458560758270116,0
8.132930439331906,211.61226694462613,39163.61699056243,5.630582423609195,364.8958109954551,388.926284100056,14.444128870879972,82.02690984028344,4.368001688263175,1
,212.85433734734644,28673.357175690766,7.039857448139666,352.74867755330456,505.2123471288538,13.433386270876824,,4.084294419051846,1
,214.14946262463022,34138.70603392014,6.602076315974978,,454.2799430756628,18.903748697201607,88.27515263011819,4.787082733716263,0
,134.15715132990047,28738.610543147563,7.806838432657229,374.94251583417076,531.9942086804015,19.15711350965229,81.61775785453969,3.3209268344930445,1
7.8750970584022,152.44745830696098,37009.81647448315,7.162489457525794,,432.4380490711654,12.836864175111959,61.1437135085666,4.151519905453909,0
,259.1526859780375,38245.98637273442,5.129284212336823,339.7093567425016,437.10554931245713,10.983388684847926,65.12924131127525,4.467854180101691,1
6.810582879252812,162.48931967753484,30355.718547731187,4.535525604653449,327.33746184271115,403.1799653921673,18.652813738348172,88.95326806641164,3.4815503609955156,1
7.375164144985436,215.54691299637406,28208.953884143615,7.535394960160166,402.0257842018317,447.03737142137305,9.212299667135266,34.46150696444576,4.849218539396176,1
8.310792713126128,174.01799610669292,20214.113852109287,9.305320974889398,303.75606410707803,561.8360703831403,9.04375528581255,73.61544768164308,2.670303400566575,0
6.489388241663142,198.54952765656208,21651.47204594651,7.245369656801716,,385.7788663951165,13.744626121131258,84.11323608902555,3.320306022355881,1
7.8617508835981695,175.73586552724498,19051.166604058202,8.405009819193927,282.26925905172016,477.8364119464509,14.63805106190621,64.96284890246504,2.6411235385132086,0
6.681241812126932,213.96931694782864,27462.37662754964,8.720238463641689,362.79597417030476,355.5645133593639,10.802157851285243,,3.3960175208071197,1
,200.37677175413438,15696.547712358513,7.541531116355576,,260.6614305857241,15.032152316644694,68.07110349223674,3.849424436756391,1
8.32427856303611,181.6547272433845,20337.99854023019,5.833103449178975,313.7285411492208,442.59669922960876,15.179351292500385,53.69856383066694,4.618570560840462,1
4.090409443418766,162.39449217021726,1359.16010698631,7.4285867743719916,311.80559808155556,455.63243387755386,12.714719949620878,53.29371371788911,3.848873536948596,1
5.1352915078878585,204.56877431976037,37125.49837715491,9.02717516240876,335.5715985585579,417.19589844460126,21.01043179125393,77.9332541315416,3.505608499267707,1
4.856721903835769,157.19299843063712,20080.43791071799,7.957227068367865,,306.3212023382211,15.718211993024106,56.101551046281955,2.7616062189759543,0
3.579575820227543,209.67939334786684,26009.44043544178,8.302227641669276,241.0269440898073,450.3440859713297,18.02401382052189,41.701788797988705,3.022940656581488,0
6.062603339767235,280.0475170891808,34798.789312619,6.389176938126915,,447.30509073115564,9.494497137391235,68.38285880588829,4.211960641399258,1
8.20415084959161,239.20544164038438,24647.573446359147,6.800281059602138,246.34413404564788,354.89754951259414,9.4660220189132,58.088080980310096,4.657534713723421,1
6.652673900426138,218.98713238061322,34680.89426735939,6.93241084877742,368.01964914307257,317.72067428215837,15.818206615141458,46.974448371116694,3.6430068835201403,0
7.376685122912778,193.26056647228327,11123.959387432513,7.038885955991862,396.89963773094104,405.80896578352264,20.4210303750869,67.56230841569977,4.914591327803199,0
,133.95991593588718,43038.99269077185,8.965374139299527,326.26682403866363,478.2343397422215,10.967211929391143,78.82988318940934,3.2290644287182597,0
,153.68683533119412,31547.956440746475,3.4114655092256956,386.27921081554007,459.33237854335925,14.773142933454231,66.72643103990099,3.6653783173337713,0
6.976293097910791,237.04937139528684,23848.705859107842,7.168250521239304,332.005486798728,355.5330401732738,10.224182392502152,49.126898131734876,3.7312064477710796,0
9.110378834354096,170.72780543600703,34511.94574712515,6.99439572640213,398.56888752219265,436.9540068017606,11.928545422591647,74.20521771093755,5.1629427548774505,0
,173.6239328587505,11765.072049873208,4.953028196518245,314.29506806335837,496.97011243804536,14.937267352067092,83.16953338963856,4.074254118904743,0
,190.69918477811132,19482.84751319154,8.181392202208194,236.039845813324,332.1867432586548,12.674382995902887,102.25115344541013,2.567222424379006,0
6.1883994717018975,162.01451971691026,34680.07597644887,5.975289696727019,,431.05242944345554,9.991771119540072,89.75787329030408,4.71229035810203,0
4.8591952311524755,156.74340049434764,5639.88221355116,6.555888414022007,403.0264909298403,533.1712784136698,9.91787162097187,50.113194078781206,5.409823509769752,0
5.747799219399521,194.3848296709945,26929.214686388717,10.041075414251388,354.93370054355717,324.00542757648816,8.07617327176801,80.30094035713246,3.7752022367609426,0
6.542974967888356,167.47105745049484,26681.184921842,8.715758366271709,311.8717476299484,518.4421032839607,15.872726550608148,,3.270275786463952,1
8.285377529067903,172.28740544707537,39284.11041353036,8.027689363849284,,555.5349961857908,16.27201738392276,47.73599359391767,4.644120783453841,0
9.661154746748975,171.0018871632958,8131.480969035987,7.7216275567381585,372.81611837655464,408.22355798632907,16.255426340606373,70.99748243151592,5.502126416639711,0
5.0067277269344395,212.71552684270299,36130.46437016742,6.859805564536359,329.4897260045067,398.55931047869757,11.299719867044702,97.48256250609488,4.632010768083277,0
7.669241202389879,188.57197790414855,17107.44158258412,10.27901607928476,440.68199349903756,508.64755352156476,17.6196392588948,,2.704055044299169,0
5.519184091263698,190.28569702739668,18093.727036573033,8.387424857675578,311.785863782701,411.10956999763846,16.632369602785833,49.98211313896647,4.558651815990483,1
7.792045632694803,215.10226871388426,11297.021526362614,5.935711135934901,,237.74986394439262,14.324071541928495,66.622218913536,4.285281762466074,0
6.883370023968411,191.45473253654592,12473.537631415067,4.907838400416107,364.23942669575376,418.09643242483367,13.78246514724448,74.36512577097092,3.225388347717402,0
4.3336412612287045,187.09587940937047,25552.8909871709,8.015604043143046,304.30707558737964,463.63231745556504,12.157918952181301,38.375561653445835,4.975277919840452,0
,211.05441137824548,12258.849107367512,7.031726774792057,315.5979490387454,485.20670828659746,14.93413405196479,38.93390822822872,4.3119138960477414,1
6.172498930786904,217.3823309938442,28506.293606136067,4.862277696225055,374.742044546654,355.54966681984615,19.636917757549394,68.90497107456032,4.995667702201428,0
6.279149642439668,191.29364801572467,16199.78776807526,7.7971661418243,338.9363033917739,404.4159104421913,18.054926831534495,,3.142048602911178,1
5.475371383065465,198.57944881985668,11375.69352270736,6.694937086707798,346.8609407958182,504.15258113218397,13.454505602024044,36.61113327790342,4.281046640604719,0
6.098575084968667,170.9827126485335,17385.113786423724,7.958450582333403,265.92533849812133,421.200110286933,16.077450823855386,72.68517111646355,3.271826093644091,1
7.721835661042376,168.4581426187352,24966.9220717028,7.817949539037833,359.89594486164617,303.7009604831269,10.6652808365782,84.00879579667436,4.163180243221378,0
6.796133488595392,220.61272006293785,19581.61189286496,6.158942845960734,344.77917060738525,525.0110407696301,16.709221685437164,62.86351296455691,5.122235851198816,1
7.572993003423722,210.2381460014279,22314.022737778643,8.119894727790244,330.37968907171273,408.8711182098204,11.558171429204306,67.3689509362971,2.8573941693291687,0
,210.56955002933043,28119.739440302455,6.3333099694368595,347.7965663854221,513.2975021745104,16.577843352216323,75.6568698102848,2.902179093864236,0
9.06099248329225,204.9873391592167,31506.83613068064,6.436046640374065,316.22207400790575,314.36346433067604,24.097938228565525,73.5122742759637,4.7152702476993005,0
6.565820773703431,197.4785048260785,19294.46414367069,6.279011177538223,308.7319973407776,416.32106019287323,12.418958973320475,39.3683154649235,3.9589842355550284,0
,218.28518050632863,12856.17292339709,8.906939595933908,,466.77888189417877,23.945250920485503,51.737036687759385,4.88358531639899,0
8.680833624857975,225.9234803527291,22681.34858015047,6.6766956268741104,,419.028411079921,15.919097109683829,59.987174333744534,3.340317875528991,1
6.582767741854118,225.15929616610072,26141.596870132707,9.288460225291518,422.4017120027712,331.3595038143206,11.826235410235565,52.4546017772638,4.009928662370521,0
8.751888666866066,192.77510668972843,9203.439066625993,9.93790609489524,370.38669988258715,235.05573545251883,11.674994649776432,90.16488966722957,4.506740479533901,0
7.655065669773705,240.38376735708283,14203.36523524348,5.952823763769971,,547.8612103602688,22.104353505899688,76.67851019993161,4.133956148231388,0
6.8832937046949825,203.31074181543428,15706.730922405008,2.5048274027788455,416.4881360926945,445.843056152106,15.926862659520227,48.4224484260951,2.574777083643466,0
7.603163841069443,216.23603816210556,20191.399404922297,8.77032507836861,315.2528789311112,519.344084223291,12.431695574652734,62.92776072372903,6.171626639850778,0
10.00651884018945,205.02681250671614,15339.732665193089,6.579684402170977,,500.29352794883596,13.628579983558417,84.71235262021533,4.135613095883962,1
,203.90421463949357,28214.74715909981,5.751425467251454,,473.7477460895663,15.721560066439544,55.930921859508764,2.924474673281517,1
,172.45593631198977,7936.981823209679,6.18982539227831,252.23046970019777,400.29301158823455,14.271221771796993,80.19565844037697,4.215075916181389,0
7.320285889975613,218.44322682703444,8159.867025604897,6.464594162241674,323.28194027542025,465.18135405113026,15.44146718270476,88.80751098708262,4.304733133882809,1
,287.0494206370445,19085.795123044474,9.16956508329611,309.49331211034615,540.602955709658,20.152915958959113,,4.745260388173932,0
5.811508450848979,184.00655760671734,20473.524907693456,7.372659758121673,341.4082832613095,432.6408742619006,10.57769680694317,69.32254714225803,4.693173022825932,1
7.5796055589273825,198.27183089359835,9256.77323503443,9.148085835570853,,578.1360835519351,16.427280081620907,86.6666049565077,3.803201254590712,0
,181.7214315408876,16692.812649980857,7.900867788460023,,306.0462490826515,14.059437904548968,,2.626777842863912,1
7.550862317186331,180.38336315001808,18496.845721234586,6.631415456158234,327.93046077466147,297.44731109900425,12.65315035800624,106.67127767472675,4.329863164807053,0
5.8299467910758915,245.42238329979753,18564.777004615782,6.503235618929374,,505.0460171615515,17.83817475370681,70.30176257123954,2.6889154776228184,1
4.695648760036547,174.46492743272114,23346.000608447084,8.00734182618437,345.3609231436956,360.5005650783297,9.47729540554046,84.97806542618031,4.917890790484753,0
3.9705248460130624,180.82942485227645,16211.953183605361,8.41627249434568,,589.4669536343023,6.490769918110721,60.53545648395516,3.398448786898286,0
5.4039238305155886,145.20022964059837,34974.62435107256,8.694932443407374,339.06269424986573,532.9873096986355,15.040958948715097,74.49051543867418,4.4652690610313,0
6.391987072591,171.75642481464808,26295.55469046343,6.706769152026326,408.271448898739,553.0057205406433,13.844006858419442,75.20410838671428,3.458188326761788,1
6.640212620026857,141.33120342549287,14935.614423975607,7.396825253119067,,496.7549044441,9.835604073416139,51.35289447690673,3.5862121835438847,0
9.985846743644275,216.21775037478173,22842.865796833616,8.042783846623415,311.90761129640606,352.27331010637647,8.65517676258939,50.87321740742953,3.3452435430565157,1
8.738990054860947,285.5903110987939,23101.614344171157,6.513335259019758,254.73103736694657,293.25267198918465,20.67109014630706,63.08705858595482,4.528543591029347,0
5.636863325487559,184.26627860318328,32667.10733134554,5.326794746591628,274.2085676645669,545.6235735351217,15.827948998266944,84.30638721030506,3.4853493550387378,1
7.601562678676435,142.6637461443124,16748.646098403602,5.846091714610646,313.8519383017298,306.0345435190354,14.364830886136874,36.73087216971071,4.569455028789096,0
6.4693826454745125,224.79998926175148,28743.56037900943,6.739164000774183,328.55654939787996,552.7908550182017,21.544308199566153,60.52184264097833,3.50575152019209,0
6.6534542429398575,172.73840131423498,22381.06375261233,8.166287279968076,310.2195201559802,479.5691808183484,17.67280622711637,87.61993649043217,3.789493763045823,0
7.357988474123073,237.57910177771328,35095.03834925568,9.10918444300392,347.3969030588782,419.8997876943919,20.13861334278268,46.439503826309505,3.997740653168209,0
8.00875667546309,186.97507047072176,33335.11803964761,4.9774454101993,,461.3638147468249,10.406152037215481,86.71319074474314,4.0899808526137,1
6.571112274173977,175.78189794935102,23741.508501277105,6.1761948779906275,295.5059399244474,463.22327483592795,10.282604452588542,48.12975377960372,3.2491206190485684,1
,190.30535821613805,19713.78141368915,6.554577254640062,358.1183972496539,409.8071689130336,16.336348275882855,51.55202585183272,4.518969966455059,0
5.367092660786394,220.24885634995798,26456.933827888828,8.375652911044497,389.14517437199856,540.0549787935452,15.667847419716104,64.01500719840905,3.7583554193646673,1
7.089508593543402,188.722539815819,20431.453262094754,6.2855853540861695,287.6061284923915,537.3120688479627,18.423884717677588,96.75003690777118,4.394242575098297,0
10.97651058989375,180.10480951060143,36750.29331943,6.441022910782994,342.9923504120203,438.4527441456753,8.918396711468223,,3.9573419496240474,1
7.414619613937913,189.6373887046761,22702.182585612394,4.889051728102646,,378.0004490639756,16.621871472706427,38.32600282853189,4.42743404233142,1
9.22982175990926,155.30063409597167,18456.514112862416,7.88378355923775,272.5439366401865,530.4763235523433,17.56458649028697,43.68863603083818,3.649153436575484,0
7.217280267259812,208.70501127340737,17983.17569513167,6.864989462137443,,264.19516958889443,17.389367820477577,81.49756068241467,3.3541134898979905,1
,138.82474899696288,11375.677917807336,6.086608844732238,379.53132772746494,461.5114085609058,12.957908542015177,44.453207381505045,4.3029494228623575,1
6.994825208410963,181.78811346030352,26895.023553378443,6.7099691053182875,301.07305278207554,485.16600865671376,16.011430066267053,85.6450261227949,3.5848876080765817,0
6.824388628253693,220.30032668258377,14822.501752851564,8.900652893051396,299.5398805346125,359.731853217759,11.740331596514338,67.53061130182981,5.107853430801966,1
5.9107764049118705,205.69754505384694,31644.76017168654,5.5322786848546475,334.4795785576724,503.90283899501173,13.333277929904469,65.87720612883793,4.022772227725136,1
7.72545203843633,214.89025833556448,10674.959576406203,5.790177782856318,334.5204280571439,423.8891310946699,10.85831008031682,,2.898567603320032,0
5.802694216221348,193.9185384729981,23129.907507495405,9.098558866995681,,382.34399024407054,11.79640309318212,53.42509055847231,3.513336556334466,0
8.078377854470144,233.43187779153652,32101.462362022667,7.239724228269795,414.43508425779277,503.05786717309377,13.504824316348905,68.63352512822212,3.190542458812799,1
8.707930506668864,225.59037429663334,3138.7932432507114,8.17821147280483,,339.14524570418007,12.679908732795024,47.072217452859725,4.806876648697681,0
7.629797110855845,210.2765121359256,39714.18881905747,7.754768017808985,337.6569842791413,495.53546692511037,11.795988237916388,,4.573361662429728,0
6.650626899666462,225.68146487403337,18284.248820572582,7.064171407375562,316.52703895387185,267.4123028944596,10.011329727811873,49.75781727544715,3.9223862291174236,1
,220.01355374091446,23251.406501561964,6.569687391745281,,448.8563557384957,20.771616101914738,73.50986628576388,4.196257488652236,0
6.616990416680381,181.9371675728995,27025.609707778334,8.433861675524433,,429.50751649707956,12.648142287359946,,3.9016100345471925,0
8.483320688197724,152.99523482587733,28382.151822133404,8.956491777141625,401.21021157513746,382.82433865073915,15.388886392653058,57.76208569883918,4.64111359953408,1
4.332890873677314,209.45158802696398,24415.962138537412,8.833017588285433,301.74710731418094,457.1699894311209,8.495392544393638,60.34392104661109,4.375468681402457,0
,213.47485538660573,30761.062799104846,5.2469548188366595,378.1326022283497,419.63438965057696,18.780242138601075,114.69783729092588,4.515981049293626,0
4.093782007314004,230.8951037164341,26566.250152324297,9.18175940819404,355.5369136015917,510.37565018444377,14.851630146606594,66.16597339488949,3.820360135459954,0
4.837408754659192,166.0377191985506,37456.927598083304,6.554462298367721,372.95600098786315,470.8120791042748,12.83521400834708,53.09121728794868,3.477383352332068,1
9.125793344720865,166.99420610313078,26594.812550834817,5.927053330679161,329.2329498195953,462.21553862994824,12.864034466808972,59.1981990892632,4.4887492063188805,1
8.422777472957529,210.71680852184866,39243.853509374676,6.8524622391058125,325.3313282954306,449.34889628481636,17.16905253062798,42.024304661042066,5.180045471997076,1
6.000779650072815,193.72265635670124,29916.461428884242,8.433182927692997,371.3643004742737,388.22668347623664,4.554785085142196,63.76286807242806,4.832688142368081,0
4.826244815938654,135.6556284617239,6177.571397012336,7.973933410764339,,401.85571600194424,11.58016198226005,96.38760396342366,5.20369378902652,0
2.6332067432375235,208.0034612401341,44913.37048946137,6.7164894692702575,,445.85726721767116,13.907023335916065,71.84384040187643,4.096384842121708,1
6.264756738101048,136.72246672035345,16977.00216865479,8.4435120696672,,412.1312410314291,13.868983431936822,81.03509538557503,3.213406947971872,1
10.710622518371103,165.75179034005197,35129.92101331922,7.340979717599907,328.616500266975,514.9162264346396,22.567529480138766,51.65891303515732,3.2826740155085092,0
7.732326407195471,239.25380393152344,22248.978496157473,6.214705084447789,232.14600322023762,433.4760151635002,13.185941547521166,63.105856858284355,5.046064479500707,1
6.240641570925765,254.39612856982768,31319.76155917462,6.001304252925581,266.9383179421913,456.0773286260105,17.56774907380346,69.70322269114995,2.5176840529411937,1
7.777620314250459,157.09899620889723,15976.039951706985,7.768171054186159,316.83568418748087,313.7852852883551,20.27846871556864,54.65002934709474,5.143710230424886,0
4.738562470508336,185.4594708027938,27501.779642895686,6.98962197741135,287.85658381890516,501.4584217648302,16.513026483101818,72.88010913504358,3.355644957758554,0
6.634014955953547,197.3639207385186,19793.518916891066,4.946701857606454,366.3793531827631,379.50611250605255,12.076406964771584,,5.470244175317726,1
7.229216209523607,252.99926168261018,35861.857288643325,8.458515159049815,279.2891405752629,342.5877134162629,10.061190966243078,75.19413842355195,3.9149306024887887,1
,180.22819366961915,25861.119828247174,6.361165454773416,312.4465225376382,557.6948807290057,16.759886932956874,63.9524509071188,4.533605241359957,1
8.266209182535121,180.7397112629351,30222.216964214735,9.635549043822294,314.05691378132195,481.8097217946073,19.728583238066285,84.07276307057148,5.830336190647669,0
7.596967839354079,245.55921787081158,3035.045837181173,4.903275823455557,382.3944664193773,504.167657511342,16.101678215246096,62.22659749600064,3.7124847151765907,1
8.082489027161996,184.00674711301573,21263.527598253757,6.834480417703782,308.06221129019457,462.3596946325854,18.3703789079893,60.74910323800809,3.6993922419784337,0
6.047441576653861,219.11045468692663,25614.537839461253,6.01403525858602,351.54889683996754,418.5479363277031,22.853425257535687,89.75293191502743,3.428025424722234,0
8.426723112615822,148.7314251164023,23975.10272947623,5.578832417803804,341.0239512284314,403.63167935549893,17.063335138489045,48.46714594485066,3.1886090500247644,1
9.523405421435987,190.52055218904556,30443.34876430555,6.3508706675217645,370.03482790333845,488.32881483653364,10.667911542880073,38.81190348327523,3.7127370294364983,0
5.624775720522881,142.89290117355506,18805.019770144525,9.91749682227843,367.8588171367757,516.6015233790635,14.468500526164702,52.341375676942896,3.5372241273602882,0
5.748456516428161,162.22611900941746,22441.86291115371,7.3465248687256155,331.6289553723487,420.5453001659323,18.8217101386198,72.67331921218425,2.9947995679768633,0
9.08367650448035,222.85444336487242,32373.35872391948,5.869101298700063,,591.8034291760641,13.479026689871558,87.19417443433605,3.8058247356211834,1
6.79298401995741,194.4030274852252,2029.8974397842212,4.2307671116669,323.4986236475292,410.2145160231352,19.268828462882762,55.69960016745784,4.32083352415676,0
9.185732088099837,185.7886163023048,27182.603899368252,4.400247176770655,332.18181857418176,314.4793244088022,14.079108236638309,95.80036782870481,3.271193787275721,0
6.416196432161724,172.04001203261063,19085.83007603654,6.272388232292398,344.7263785592639,288.2781807204818,15.403346489124557,66.84059713927628,3.8432891523132455,0
9.262568364406068,188.93900565627897,14012.970047664741,6.118772985060917,,290.97797056965385,13.142554566865298,64.52842133538933,5.067073490160864,0
7.277228725208178,205.63562134722218,24965.492846900346,6.7659998841495135,379.77694585475314,392.8950565942004,14.826469923059548,52.63100211872316,2.8627657098777135,0
,227.45331860677638,32778.74787301191,3.5299495953113547,333.5583961509147,407.4385583109773,15.001076511639486,98.01195373189726,5.476700458070555,0
9.427077032504856,111.99530610890233,31127.291402116265,6.975143079826477,,480.60797101439135,8.991811642824834,63.96532017609242,3.4442616130826194,1
6.537344283833743,169.3836424235901,20829.058718948865,8.74381304473243,,423.71135717969827,12.842742134482451,44.82179397569428,4.126705198930177,1
5.668316856112563,201.09107975004818,29694.24825218352,9.684089170835428,412.07024881264005,493.4696827707348,10.230413313383648,,4.967747269243289,0
,192.83638028920686,29626.955469370056,4.12677508629092,,429.59142660982616,12.956541595618416,72.77745552040803,5.205785367223811,1
7.758500925964708,208.9080397608552,21247.753957774927,5.853799440402135,375.9867187781406,427.08171409014926,11.675959560104843,79.34105329978935,4.336460148818547,0
4.731361391729228,204.56128915604972,15935.683559063416,5.770310499660234,290.29493424175,379.7988100793242,17.6390098815774,93.64127557761972,3.428285696135522,0
8.036206353976683,186.24422838421097,16442.997547057166,7.3502398554905275,304.7579826204642,539.807076831825,17.67721979238219,76.35429383576195,3.3594072072390433,1
6.2718430235733855,179.14069772841034,29361.97386957356,5.192759500755203,305.06168545886896,303.48125627376044,16.148970709300475,,3.521583913527634,1
8.801718991100346,188.14395232846397,21644.372443739703,9.777975932988156,340.5601432411335,450.1048232571105,10.116757536991047,67.2800661717145,5.4436201039022745,0
3.488609542649293,232.75975519432777,12838.98193296274,7.188765505263469,325.8659249254921,411.4679630600613,13.97615523519531,78.28646305645061,3.6711465052554675,1
5.900151337343747,172.57574614701713,7237.7529325849755,6.925428862907245,,488.54036780036006,9.854265371125589,65.84664340418266,4.22242938187163,1
4.550297773148847,193.99018485939342,29309.16183488525,9.636487699376788,318.0731467073584,424.33364790753205,13.813931826361381,66.07259660937477,3.15586936268165,0
5.840655800454071,201.86695084794948,17218.753236742756,7.09464475394831,300.44455734632214,426.6914964492719,16.436489851856592,68.33941145584994,3.0680517604108477,1
7.451498851663414,245.93122975598266,24911.50061710296,7.7524793822679285,325.6265892370422,404.6688302152231,17.573944265619847,59.97159463405185,3.990585934759761,1
6.811160061825368,186.39013573643797,32886.229574996214,5.933738728198563,378.64183893718365,537.4605123305598,15.860387773534844,74.57092093244188,3.7166994124248225,0
,226.68181299235076,10534.732337994936,4.954606737214074,270.96128658646006,426.1924708048232,18.452956161246338,74.52989183848473,3.773669586481667,0
6.841222692929909,235.4233409044807,21618.14517290235,6.155628622223316,347.20565677904443,583.5720969290778,15.157196076893614,79.66644891829236,2.8163255420017386,1
7.385082360929915,193.95986352029925,20517.01233766051,10.575421825532823,389.58380049006456,447.7797665302029,13.52925110236602,76.76162554357465,3.912679927081307,0
5.567195937085339,189.2569926695436,25344.345019257213,8.12017309829339,325.48932895881177,427.74078726378616,17.18307968200806,98.80069743617963,5.178430729974112,0
8.140274461348577,185.47028249445708,32881.43318614722,7.553765042635459,311.31608280501825,414.37384321164495,17.291371130583023,,3.304630360223529,1
8.073998955578226,187.81365970423735,10354.707585410682,5.577330043507384,370.8934909239741,471.13975197481426,12.570233395531744,63.04251937528358,4.669999462047657,1
7.657556906484151,223.33567553845864,27011.128010149576,8.559776265554476,292.6469030483774,378.9285301674235,15.550641453281228,73.7397583619798,1.5,1
,203.39231927217645,31060.46350669476,4.9748446265842095,,437.65939192312294,13.32876586468913,89.28570944939226,3.3441707475724405,1
,203.52927069343582,20379.473149099016,4.644050809501838,290.3663918841852,426.65096112862545,7.671637152738666,51.01043433794841,2.479895289430624,0
,159.9928476678453,20808.589872327306,6.2369583458469995,256.32586022900455,452.01981594121514,15.752351423973954,99.03071704848197,4.934238903375529,0
6.949358743421235,165.04031752399248,25683.80096599777,10.208095640899089,326.7686451434134,454.0024261009404,10.028076800091299,53.85084117325291,4.6554466254707325,1
6.619375172498135,264.59029839286336,25038.045773093443,10.118672887180328,,458.159590414713,15.38313989080141,80.98446137045195,3.1632200492978413,0
5.949708629463933,190.30957679076192,27121.232366609664,6.407045653364141,,433.59237969386334,9.233489202868018,66.50692713163676,4.195636177938047,0
5.531605994133245,171.20729614149246,26936.43021653867,6.0547655512471845,378.716214599609,551.5154793879499,11.925098645831556,65.57489512138606,4.907333354846971,1
5.213292318598387,241.79517329885752,13402.102879750739,4.528227975915548,409.0244716738646,459.8055052945987,12.869123954272247,45.29281144690523,5.028609517861282,0
5.746804030153623,205.01787355787366,30698.637184872354,7.243288546321733,,634.4789030687463,18.265691742027443,81.10150153771455,3.6534832844408904,1
6.973979427521893,214.5009573396647,32246.68833240839,7.375980148141229,374.78784911099956,429.9881126852698,12.539400302046442,45.52859740128811,2.2470921798605437,1
7.581442692746572,191.58249359099094,23645.946977663916,8.367498881631121,349.357468654372,502.713063396414,10.752595853091268,43.02712222764015,3.2691388261589247,0
7.156713087828242,185.80246110154226,8910.257961559422,8.55891787105376,317.2923418311226,367.9160633300255,15.50233877057886,85.18718889818653,4.56759278404091,0
5.931697083855431,190.5732360800867,21007.680158379204,6.80807337008988,254.0841694888333,538.0631404249043,13.58398715717828,95.39161065184788,5.6071374556095375,1
,151.75237855044395,23718.939540768784,7.998524042120144,,369.6572850580424,16.90884985014282,55.59061858705792,3.927626498774254,1
8.18911900845142,193.18632289856328,11975.855914609614,6.012990588802473,289.986810239474,462.4702414364876,10.960796167757037,82.65036942321483,3.49667900714424,0
6.840527538866975,205.47305846536375,18855.58918242959,7.9685272027098835,389.69360736812854,404.8458238748699,14.995817811061269,79.3037269250424,5.841501960327227,1
6.100625783002932,255.21482348300012,9653.830471111589,6.318573316468397,355.0091127997523,462.1606237693506,22.449570429199717,64.91739713919405,4.28647147064309,0
7.9026418812446995,198.7519700801669,27339.952813131113,7.8459444552277615,,407.2163010502808,13.510379435186668,88.04023348198844,3.0123409554016445,1
7.3619603812291565,121.30633464927024,23469.42811169099,7.718032093950877,345.7919328345771,362.8597684863027,14.916210352012074,63.74932067951967,3.8772520563356556,1
4.907809110877428,192.9924661508921,7580.481644579077,7.228709728598202,,404.2726168161772,8.81856714847585,74.78405315416822,4.749943564412494,1
6.978029616023393,283.66413225946576,25096.34683607397,8.37537275469178,395.9617558154146,549.3264099313317,11.485168349625894,46.08892788984893,3.915108136227685,0
7.473053718111571,223.72371951952127,21518.416531387145,4.638769467250118,311.9787646984876,463.3821014804118,15.81707831674114,46.781319991552635,4.589601256824073,1
5.730457820268369,170.05155379812516,26542.95325975613,5.437432375210915,303.808788914428,322.8919976096695,13.211337449742677,85.33852842957825,2.7180942537429607,0
7.3647650892561645,214.91540846177782,18580.2605559649,6.693305715786206,337.10852952995896,513.6306160992048,16.327628769982574,75.32952442748928,2.851344168832016,0
4.897766272113317,172.2555704035283,14985.025655483678,4.83964384747615,326.2139371122367,354.6788655738177,15.702297663128757,64.09219860980572,3.396812285567932,0
9.084279150018256,152.67815937450055,15253.692625965035,6.477154067003566,,485.4687430446522,9.950502861603391,97.3070922556245,3.7498891564666996,1
8.951924977589147,184.8521803765097,17294.24720087049,6.528084133777471,363.32315459329396,470.25321180767247,17.6505107326619,97.13651388367958,4.230480080279909,0
6.701223998545553,198.92884605564356,22179.096097015783,9.189300382933377,,475.3048373001084,10.19913968670608,73.51452159611416,4.466672990967123,1
7.62518150675861,136.09102392213134,23311.595741775425,7.345203249620511,351.8056854723804,574.2551332934544,11.775757710835492,42.81838708462196,5.893568773789918,0
3.4651170513001874,159.22690270276365,20341.38667162294,8.746498730180928,325.6572706044379,359.7087260078388,15.057300221262903,64.59209639439456,3.3939257013562907,0
5.3454785096020005,196.33073802183534,18301.487555300526,7.596646055719355,334.52143357715073,474.86358207094634,19.47117592642171,52.91217435406858,3.7250885806975482,0
6.639331619771806,182.93845836835348,18932.193339591926,6.273645711453337,,526.767088994591,10.987208037979283,67.85012017116995,3.415688910455892,1
5.471800467859712,208.63396067667492,44006.7463688958,7.331272556239489,382.1478892163407,374.53266387001025,14.787358696284523,51.231985901443956,4.811922908402946,1
8.151594723945989,157.13061352612604,15254.74042136071,8.272493607612834,,366.33971355880044,14.814867547140125,47.021140024289004,4.854481306434424,0
10.075944796121991,218.85163995370561,17120.58548504989,9.005574095779277,302.2605476318209,403.02499689820525,16.469287926649045,29.745665451646055,3.620828695026589,1
5.315077920856047,158.11970889407377,50901.10053038866,6.910950100563595,330.5969093247235,451.9786428657654,18.207300813940993,69.10956847871572,5.581281749118703,0
5.823804893872211,248.56749766200414,25706.286662579045,4.516933182712348,314.61062289285434,313.16189808312384,12.9665516287936,29.160037508178704,3.417058782667664,1
7.433172552464896,141.09573489989387,9911.569560024589,4.4058724332733945,,470.11215926866527,17.639102496167734,61.212101328232066,4.77333594968663,1
9.496674222749432,161.0382633477308,29404.366778880598,6.604268076015319,328.5158091883553,313.32906066034184,18.69006167212705,77.64923096688158,5.104527597580354,1
5.246438531190146,209.35586569701854,14032.958941705936,3.426115628186203,,529.4664660645957,20.18706529027619,54.70204986729425,2.90796776090618,0
7.453554183460413,249.25546404792442,29986.4694234507,9.956265055864193,262.8062208562604,467.10134624720985,15.956346889081349,48.82577808940857,4.420553187136705,0
9.811948276219663,206.08137715571746,20163.860809919122,8.063154505611578,,579.0511897708484,14.819541804163691,65.30087928754901,1.8444640878207998,0
4.602361277731099,214.0114534458365,18156.990399977898,6.1156461249943534,,479.50270084874387,12.733871237070932,52.97659043869609,4.612885637394175,1
5.158396189731252,196.56118085353788,36126.3767766179,5.366756801466103,344.79715434233714,401.61916391032065,9.485343783906297,69.4076583524764,3.1107474598500477,1
6.4445900903087425,163.1552494683138,26981.339862821576,8.744428171642253,293.52827674684886,362.10582918258694,13.382753342226957,49.668156178709324,4.412626298917256,0
6.299117380716884,180.31557285633986,30547.11736642955,5.360453294071411,274.5704657772019,445.11128464622897,14.670714529547478,64.70719839583501,4.558891161017101,1
8.298901931630468,157.21888896059914,25828.24558938993,5.511201713510337,276.4774960714203,423.57995292177003,13.938675401971409,60.787984306192655,4.843708014053904,1
7.442489579731257,155.08128103114012,18116.221526334528,5.909805414757827,,520.8911227901822,16.27246937628893,66.21334982871215,4.664367973052788,1
4.417556910536808,208.85596541823188,27375.578265664484,7.300258115027434,292.70987505116386,351.71049469161204,9.501228194458463,92.8894558230784,4.013598094112256,0
7.853115604351216,160.05830457318524,32618.81899384272,8.10085995385289,312.5179501422199,587.6721600368783,13.699484908043644,69.636936173658,3.673228321297969,1
6.213691668966524,206.22572821514757,23195.652641648943,9.004422128796747,419.28993654313194,527.9821553371995,20.882739380130026,74.57199478059623,3.9119763225979756,1
8.991670825411859,154.34167192892488,37814.40564011886,8.771054652335788,302.8955180721653,409.71810957942847,17.58547590635734,56.27835204165191,3.0995188185986327,0
6.13861869534462,205.48425664373616,29472.772772080738,7.121222460590892,347.03838351598796,569.8256718110096,16.33342742640198,,3.8048833994061577,1
6.125077075346646,180.3621577931852,23873.086961497036,8.732424718535007,376.6162787416458,363.3497523954182,15.589251837574217,61.94818426863148,3.7432573943339955,0
,241.0116970768206,24219.53687702626,6.059820609917351,374.644527666149,442.4471831932183,13.0940748705844,66.88042785947539,3.3551895748078557,1
8.224389723505405,206.35900465853007,23217.56962104607,4.2430316971500925,278.40536936120907,323.88231587442766,8.511568169202846,76.91291824802182,2.61186928988835,1
7.752149045904305,235.54505257581252,11040.635850331924,6.059612906697398,303.75254964423857,573.7255405041128,15.808524348359597,58.296211787999695,2.973989828268686,0
,171.81930507439384,21224.066842758533,5.846108387443466,345.39692302633136,294.2090549535218,6.220186556244094,59.951663936664055,1.5129129906108365,1
7.887051659892377,197.79658688781336,23953.805476442038,6.1214604265573005,412.089715752715,310.76466429902734,13.225665653377838,58.52008235763351,3.729854230323576,1
5.528537922488402,164.6052109402791,18364.933486492544,5.604187927797815,301.77806299571097,375.2229514351037,14.287924674642309,58.20734177680693,4.251188945673765,0
7.432914167382395,182.76463223217863,24975.427454040175,6.3914468674240545,312.76186765144587,531.7858939740929,12.824271563156856,69.20641073529256,1.877598334378416,1
4.94439834690141,187.61266487217188,22200.866690414325,8.099627198267854,350.20255127744116,502.3875908863108,21.46556409844626,60.50349280977351,4.1546375282736,0
7.749483221314596,172.77253693801154,28799.2778849362,9.830106222206863,358.4059873212834,435.76405025832855,20.320331190830203,90.66689308997292,3.8744701543354783,0
5.870101643538941,157.10390851693776,27829.495581946463,4.393952570670743,360.8904141764122,507.5140968933836,17.708278721133322,109.8024359213455,3.052130505860373,1
5.156048024609218,150.7674456431151,23479.934332119057,5.085379289496824,298.2994095417732,416.76690202310806,11.246421671961155,57.19933497996554,3.6336599380865215,1
8.1507302047236,121.12806029736329,10023.542943281474,5.869514911209495,311.1860263856894,459.7943023414397,20.640670578986,71.16284630291605,4.789627248869519,0
7.442466782515127,162.19691316788936,37718.638418233866,8.329872166349817,341.8355491918807,558.1380860524893,16.342598158118214,83.21572273209485,3.210132532630479,1
6.159034797910654,216.07980469349903,20769.615942531073,6.796183040102582,384.75476381775957,406.2704901436629,11.191467122815064,62.094865195211554,4.031503839086342,0
9.256768273531597,144.84804697557496,21304.625801093694,5.975907427496276,323.2221526331445,364.6901903382635,14.4079658072776,50.29086354324713,4.240344805927528,0
6.419021367645387,152.22006891989423,19010.09215690637,8.252438152174566,332.0856220965634,463.62973714615924,17.46329701667584,94.55840764572909,3.3286783009886824,1
7.128161510956402,253.3087542794533,17730.629776305246,8.631096620820312,290.9369340772842,485.22194459932405,12.323699825880382,77.51574815964429,4.756451384361176,1
7.483370171517901,175.63212640485588,35555.389080964596,7.090359264110664,,434.8358189716223,14.763757430420213,71.56278533816354,4.2849959369327735,1
,206.27347229327475,34169.60868978592,5.830373621939541,339.3247808328101,506.2705050964826,15.344372044694525,89.89846288212121,3.7735094680827443,1
7.786704440099895,216.55414868801583,25911.330149376172,7.547041716231921,377.1879459618264,409.899269101319,10.667181134918003,78.87777741594451,5.813327568095649,0
6.279821479252913,217.20083615300098,21071.223645642538,6.751436230644944,334.22578553077165,436.2036807666794,13.408693602398925,65.62345241743834,4.759811181004417,1
6.462542516675686,147.2859446205421,27443.664728570613,6.7391990748189725,336.4959496749799,455.9659906050888,10.915973502357478,50.57857997479293,2.654794509163489,1
9.123963959705012,188.6060902432163,22661.1995301174,6.310407654609099,271.4873354750655,448.98888304299555,17.16660445183217,58.408025740326096,3.6664572245163334,1
5.51912092123135,144.21672737541144,20345.745006306424,8.5814735307689,244.81876334260477,555.0617303431079,11.303417095595192,85.91813592648393,5.893981234066361,0
3.4608295036057646,274.28217148513033,24979.188931610515,7.514810757596335,384.32811368527433,455.56450000002656,15.262952223633587,77.44978760792118,3.203898448454057,0
9.496405492517841,144.96399155150078,18145.04655928845,8.756407393385615,336.20038678475925,401.6878292062919,9.712485799301128,,4.021740358408632,0
10.903991928910504,162.46911299616576,24226.357595310103,9.231395309855438,,468.2385361192809,10.559658285633677,95.01832375082623,4.9301748337685085,0
6.472096101826002,162.70077264507185,23805.017517701745,7.845189614809293,281.78879615978315,506.7080672216101,10.399792009736752,63.85301516046886,4.478810838410001,0
,148.10686474486783,27301.748906431996,6.3197661584814595,295.9743687104614,487.93883532150363,13.344401992195735,82.39779096384476,4.591246089662213,1
6.614274035706084,239.28300511220945,16584.16888293891,8.763715446907261,376.5543820465344,483.5046056930383,14.895259345902522,69.96463256604511,4.545321267443029,0
6.650665575238996,273.51833283467187,28241.895814727264,7.8557502295998,404.3458946044989,306.1559885188772,15.503692474132382,97.71383920624857,3.989806326791881,1
6.795114238466614,180.77602818199625,14065.64820682407,11.233321087356071,,226.5989906527738,8.451624065356029,78.5993368903935,3.351994773665159,0
5.4099179371172275,153.74645930097887,16992.590465281737,7.609962563821605,360.5308148228853,528.0211630896499,13.7434900327021,67.1477835956516,4.309116070141846,1
,124.41838404076732,17375.327231291823,8.222347101642253,340.7910222399458,461.10859569649057,11.823112037956664,63.503416043977204,3.6558342308680505,1
,188.18852100729276,12612.105956282841,7.5788697482477305,328.05831345681327,424.2738066707784,16.062789026141854,66.15096548279269,3.5945460633292705,1
4.838391570271041,185.8763064588338,30921.358225292264,6.9634242248483735,408.9303198273111,481.54504222241235,13.416800107438437,54.648564207494076,5.1263280719665385,0
8.128795097542332,175.15852395647536,13515.409783815478,6.711109351651645,314.4187325130672,580.184794853273,14.033257681458995,44.259409171874424,3.672823126570063,0
10.159027472918837,203.08400812723931,15884.503720943489,7.584905274560535,383.8692181177169,539.0824932677128,11.841668502939903,71.4015133197687,5.300781713877171,1
7.337940498655589,208.64554057009556,33023.92562096785,7.943457687865891,348.638355998724,502.97764582415664,19.99133744164865,57.75700008349712,4.170277746096067,0
6.574012256897241,206.33866425401283,17009.989704743486,8.943932881438192,332.30753778304245,355.06194937338853,10.064187903330435,57.71396147414473,3.8458647694502672,1
6.866995178388718,185.88400409700841,20363.988651338892,7.607983882119948,389.2527040943562,365.4567357624099,12.980877831716645,64.96078816793288,2.5523018553510126,1
8.002885150452842,160.74810145362363,13138.50566196198,6.388635102828138,344.8955144353441,235.08762549058343,14.655074895800796,67.24601970203575,5.623487467791973,1
4.483992591739173,217.3066591298149,29318.982090850943,6.603570685373606,329.04647127359647,476.6810779107936,13.47051047468974,66.51949138767547,3.9653437469015382,0
7.326586054465953,196.40044030148897,29439.87686155564,5.029759630212975,,514.6901757968933,11.779011257067323,,2.198791760286804,0
6.494304075805785,224.42744079470882,28494.55557916263,9.74471787284425,384.2197524046476,521.214243695321,8.321444329842357,77.13054738016473,4.740425993070257,1
9.851737519434067,221.2824175831114,26728.136593260886,6.2649456906370595,,480.03443770214204,12.0180204620572,100.54661236895072,3.930850386611062,0
6.818740899292563,150.5036137904923,22659.37650364081,8.648555927017892,,413.67465134181487,11.13403002304605,59.28835600819485,3.2435661473621784,1
,150.1048893613567,17415.216630953877,7.556950354759203,351.04724165527483,380.8578030471885,19.841441155953017,79.09627441867758,4.696323063574563,0
5.424388953326989,171.8226970003031,14866.719180538996,7.599896292726263,341.69680491586877,359.9708163127388,21.773496564373573,60.18871684179635,1.9819887303125807,0
7.960888750204188,162.19950693469863,33326.47146969985,6.934432357069708,331.5706065824951,412.9260120667841,14.132387462614512,57.309663901616766,3.4130057484255567,0
7.559100395686843,220.16805683123522,28721.333463042196,5.875277755969856,358.0009649928798,347.77389968828413,9.664303417012896,101.15779054778318,3.7364661337180674,1
5.776429128202826,207.24190963161337,15933.72192745228,5.58971406722268,,566.4763252006869,16.73554554885083,53.95599803579588,4.634706598746415,0
,231.17388780112995,22363.32460731689,9.8509753143118,360.79010411041446,321.81027575475196,11.062447578650936,30.24590914779408,5.717396204890575,0
8.8987782552474,208.68757815714937,19381.990634521433,7.300058504562849,,410.23573784886213,12.487735523137601,54.93122119152936,3.7790803257957912,1
6.594312443570099,202.67678661994782,12119.59211096057,8.897923038976488,394.4254058372362,271.10252692553007,12.224796448095146,33.865156679692596,4.328756471945341,0
4.542056026245355,234.39135297101345,23572.00257296882,9.308152961479497,,449.7243889038452,12.648331321326935,50.988543082636276,6.113742869938658,0
,211.03127487152156,18370.129334622252,6.470861850443241,,425.8093032194296,13.129423170080523,52.489613702229676,3.973694710157276,0
,198.17923083000701,13660.253436586838,7.789139110165994,,397.45677170883687,9.965443567213427,,4.335195263698165,0
6.566488592004177,243.37449708578194,9042.007500176747,7.19111702527633,380.44853360723613,351.3773387175957,11.983354916522792,33.196534638057756,3.004865831945682,0
6.957618345472318,199.68578826088927,8299.443303196264,5.2916021912333155,374.88919926435506,426.1969468470093,17.665816017949336,85.77442606251434,5.498150386080733,1
4.521521675976724,186.2611006426265,18756.592860118013,6.8269416380712755,328.3763458046022,382.443128798861,14.189262096765288,36.01253793279177,3.4138784509891935,1
,169.18965571911522,21267.71710937349,8.04826041257798,373.6027256137551,415.0505688506665,14.713535676912944,,4.179485610240443,0
7.803100253288288,218.49681468945317,14337.611894876489,6.331533777082845,340.1361418417238,582.5944001534394,6.933581169840722,61.14869206200013,4.157383913953442,1
6.295921955745479,235.585617338959,27720.98478055389,6.60674775131246,411.59399845151347,439.7741772714055,17.427686073128683,79.77067583040095,4.036563891171805,1
,194.38120315413025,21439.15682856342,6.84608036849068,378.0068402529256,468.62937663792263,12.03778436246171,72.09500105339147,3.6312353312353323,0
,237.85329996095484,27073.28417395016,10.456216343469963,307.35001793897055,388.8428179455604,18.009096229413394,85.62734132442435,4.158234471105157,0
7.4885546329113595,132.95951897690958,20409.872370053803,4.222202679374986,,363.24515922601904,14.8091068538524,60.544456669955984,5.340731030664033,0
6.009187763945274,194.22549200614674,15110.978339233681,7.91259641246307,246.81636672441698,424.1633829241082,12.445223684150427,58.87110297937732,5.749128501212127,1
5.104754683412638,194.71696281265804,23014.811098885642,6.7197242579415795,,626.3140803881779,8.763294334681106,73.08721395786155,3.8333885583390654,1
8.333711844471505,172.7361800829649,10940.344529599311,6.1077652445661545,304.4538594927433,403.0057844084832,21.47699165951265,83.07307044835045,3.619418634571213,1
,272.28355321541994,26744.875825983403,6.6809563826931,410.16939204059383,454.9150242691858,16.950716001056367,79.76611935652929,3.3391637466066264,0
10.65390342402611,193.88183575395965,13795.201458879817,8.174454465256808,,359.7281187927568,17.148145518973713,71.61339025817503,6.065185772970404,0
7.7102828980874065,182.95261530865812,30066.899257698347,8.264747278552486,300.454385931428,205.57823692785996,20.302131427993665,70.16913253673836,4.07049122067152,1
7.6615547118930225,196.83078762987216,19045.74310545841,7.41390705344691,322.0737167989971,362.81349344546754,15.039487140355243,65.81211619443239,4.8397332042650065,1
6.829608104837153,131.90996036717345,31332.418938037972,8.846531280001471,303.7288101947107,616.4567621883009,18.762920169559784,73.04086866460739,4.513395300197746,0
8.305163800801186,171.6842263889627,12168.594636080474,9.124756132258911,320.46314387862674,473.6312235779813,12.720701649435465,99.36593800056318,5.692553324972512,0
8.01762780187223,227.46367902225293,16069.959724608245,8.409873988281971,319.5254477485303,557.2739360842761,16.734009158349583,62.47031121877857,3.776793783095701,0
8.957587512847793,175.8737486421512,25354.799483861963,6.257015927187394,,398.1822212054419,12.22068086549847,60.49525938507019,3.1064867189595127,1
6.298015622044073,169.47599479039133,32279.25950935264,7.901217647756345,344.0726162748876,237.4535116994671,12.637265974901768,59.25489497155857,5.420372366315901,0
,237.9048203684608,36630.160125921866,7.90873704143894,349.04019069967603,337.3032797230044,14.620101898999112,72.70783868158311,4.674579026820343,0
6.36134524363203,238.88814083045852,22376.781255481255,5.8313023348384485,292.15143795768535,457.7619808835335,10.117583597132914,32.027726640629375,4.325900819810577,1
8.266202581768484,212.54369510915654,38131.02918199985,4.640286547394272,,445.0091088749161,15.387099933836447,64.21200040922376,5.167450248602871,1
9.327561660445099,181.43624531076264,19473.641898030975,3.9240145182282022,345.74921453813243,425.1660962737417,13.270537907414912,80.66647899024963,4.370397778727647,0
6.391739260276049,188.33692591627764,31650.19204812327,7.230371674377199,354.80874259590087,383.5800790050945,7.741049911800655,57.87506113943205,5.194522538698974,0
6.4428394083103635,170.2672012296013,13751.072656666893,7.5909027494897305,,501.1772549442595,12.789715776995553,69.42461500298432,4.162341678497025,0
7.551115835804699,164.16726019108336,25699.15844519074,5.252785107309185,355.59814964535923,385.89226607992305,13.161319479593805,100.57123450556463,4.673520083267469,1
6.711357749980648,162.57867237413018,1477.3520316889735,8.772731085431152,397.48138780521657,450.625349613016,17.1143603339662,71.77191797465565,4.3805852338467,0
8.508080479709836,176.22225898287337,12177.646827802104,7.360504675888332,373.8797833641818,441.62625320260827,15.241153243229466,30.124528735149063,3.7162786866764232,1
3.70233406407143,162.88892829808816,26106.755519168306,9.252135131566257,442.8729560530386,396.519804531023,19.076658811176387,43.5598732617716,3.809795454196756,0
5.839942429624658,145.96143620661923,10503.911266201409,7.705446674574074,460.12653507015074,355.49631591683493,16.016361665561927,62.33374732695577,3.663567472058054,0
5.906375499057831,203.02088543212497,25758.34808662115,5.4351929564309405,,391.81359306216314,12.471928468226857,53.378020286960364,4.1770799343467395,0
3.599465981420783,203.50705858858998,29963.637719524428,7.844084316998435,242.91731611933034,575.8897426158197,14.107414110427452,68.07480793397039,3.6144741230091633,0
5.6345423334467934,250.42536826970613,17617.4219098607,8.17877489789792,332.6969567882847,514.9958290612942,13.151441478191911,61.627868439035396,4.310001660001003,0
5.707265826231111,174.61317221264952,13516.282578737284,6.254754734298531,,507.6310985025583,15.910310425173458,85.29035883186707,4.28348322200467,0
6.778343018221754,205.47521886794465,17855.383378953942,4.841493064250397,329.8887146307654,363.0829034580148,14.49741308662865,48.72043055573998,4.130020224186956,1
8.749448837490394,206.00680253679366,13543.825960754693,7.278467781604438,361.8467982883682,310.98485816264883,12.225753207935558,63.03851000873525,4.143564562395032,0
6.712409023213946,187.87719804398293,21126.3570962004,5.538665476200428,,513.7195372606897,14.328381554506299,69.91958749385803,3.5283964304926623,0
5.5337794195932695,219.81867483998963,22909.334780268477,8.891002507636589,304.5480187000209,498.3813808359955,15.821896196330703,71.92637798473183,3.750058433081895,0
6.994568188179707,220.80733397922285,19330.291220440988,6.476660844925984,,436.9799181346042,10.97880892360413,68.77824518896368,2.666925115710006,1
8.653760432162024,206.4771550463213,36698.130536438424,9.844869748259413,324.7930968683676,396.3568089933231,15.346128913427526,27.33737054159846,3.876501909884387,1
5.616061775827642,187.81952943847054,15704.828501345226,3.7638293053202396,,308.8844276611975,9.090345782698979,67.74933166373066,3.2010672405055063,1
5.714137674117827,184.55903652625489,34216.86898206909,7.332977054549334,313.04363143670093,495.3920355502802,17.948385432367306,63.95777915942086,4.047884896010843,0
7.917823438911335,152.2318752384941,12882.331897542763,9.378440371360085,321.1522831804151,520.8908091972728,16.039696675547514,80.39857799718828,3.4126984845174997,0
6.747695826403799,170.21063108423385,22652.259288387384,5.713319180898071,356.37889060581847,371.67260572070444,19.676634017551937,78.11211899882434,2.3704752172098873,1
8.051227036064212,176.09575923514598,32389.83443296657,6.868462521709284,324.84934770064723,364.99203194083015,10.615231748741095,70.3016810780917,5.726905524141411,1
7.059529812307055,160.0329036022581,31936.002225261596,6.483203571304811,378.78513257646097,525.2849540007043,18.040390705094318,71.47325888017328,3.78948508879037,0
8.132495472134352,210.07756693400526,18328.338237168937,6.0396471253993935,,374.65084296852143,17.388074209774828,88.30860620752061,5.098705132113286,1
5.5273828289390385,234.2920918075843,26881.961445025696,7.506503772960564,,568.3248166285106,13.698634244213965,85.0347969349502,3.5589480351164258,0
7.061873023817599,166.9420021654672,25707.740563735264,5.073233870421416,345.48979039475205,417.2758593707432,13.05707693491881,70.86037843663082,5.294530810960436,1
6.763964978455265,205.0701259438284,17278.733403741673,6.944669325498244,349.57582695285663,395.07506345066804,10.71901801358288,101.15577625954128,3.071675666533764,1
5.256163613843804,162.9084435350493,27415.88094878861,7.935270895541626,297.53666074258007,429.6086400970717,9.858827997515775,56.22321954217672,4.107304629167332,0
4.734783078196967,186.24249052994682,38348.05634889931,6.780151936009104,388.08741145442445,395.0694612508784,11.820926745739005,47.19582164888972,3.118014252674919,1
8.108623552911993,173.90945346631116,26150.81483259927,5.539677364022475,411.9224092005793,516.0969909078145,10.155940380070245,66.22442428840962,5.998579687129728,0
6.553571426673033,215.26066075540612,26980.945444449782,8.747692929790373,307.2579772735307,496.86481116603096,19.56588419584904,60.34428023355906,3.7755760497039863,0
5.546579577529005,174.2787784370503,27908.799158820206,8.273805999354623,,513.0485034200665,9.343228653212494,26.461470786616843,4.6161929913055,0
6.935731594615001,228.3731332386127,9201.235153495418,5.474924269340089,235.33258094797037,440.761579255525,14.791355077750113,55.83143087813956,4.321450392528696,1
8.772028286023954,188.13693524280964,26050.170384019155,5.075310047264384,,389.49164013533095,15.737826918720849,71.96607949163733,3.9500978111074545,0
3.6588932319421157,175.2126812929654,13097.018528666114,5.615959422729758,297.83172638373486,425.27487940578135,15.479747465428243,65.45995051876332,4.3738214943747575,1
,155.89423160495477,16840.691530080294,7.981531601469801,373.01897996085773,391.9442566743781,15.769452414316634,53.82132513055357,5.030154892158897,0
,204.1025443294512,40974.22942102317,7.555405180360823,293.58768457577673,543.3277210546368,17.42312104758393,67.08567341680838,4.491200626257176,1
9.271768300080494,224.64698887123777,19792.895683292238,8.368330685664228,330.19201108030137,506.1818979038881,12.828456863958989,68.39377416373883,4.096714801157565,0
7.503880474378945,204.74628020918,15522.673105339627,6.604682655480029,299.78526054178457,418.6781546514232,14.5889171307777,77.98420501855374,4.375071891623113,1
8.23097586069184,267.64261332526155,32122.14921696521,5.658919904749831,324.2308913909347,351.88200345829836,13.331247007213092,56.00768954243679,5.463730174715573,1
5.3697586213106545,241.75319847905337,13702.872685072354,8.571777451694908,,549.2671750563054,18.5983344511256,80.5564800063666,3.644887908998362,0
5.40069618709421,186.1591115290555,18090.13410545653,6.245551348747161,,436.93473084354406,21.22955754746709,48.73158381699862,2.523968214374412,0
7.751720575084065,185.82312211817379,32968.187513238685,7.414745928249286,419.5223665809593,415.58660318426126,10.360018591467462,58.24529390896524,3.1147292428966886,1
,211.0302950235313,22389.071547750802,4.671118754197709,317.18168499519373,549.9722175775166,7.59736721940573,93.92368986593152,3.172743663937656,0
7.90310822829619,169.18338622637808,8318.793914240337,6.2196995295699775,394.1623528560789,385.20409492975455,16.17813417776277,49.81318016492562,3.2826018836288116,1
6.798493513607322,233.32122580903956,26784.78891760937,8.714846187087591,266.3466031329751,400.48584789363724,17.83223051797784,55.72796953538096,3.309412554417518,0
7.49721558968194,207.57121669899468,18536.99421445212,5.988286184661625,321.25312872949416,407.53928412993884,20.7580251337199,46.099600818372046,3.951592331383758,0
7.317178627357664,204.20668514747305,35518.49753687025,8.40691603789337,311.0194906016603,320.67446626865274,16.735038159014966,52.99828459034712,4.162985984537163,1
8.246651083627388,217.98251736866612,16697.74046924865,3.436988880022654,396.0459296326828,451.25882923407585,18.90607716366778,68.64148316006607,4.154603945857916,0
8.290512422916706,251.13055626780988,31233.251789576374,6.236161177763766,340.59520022747904,365.0124204257239,19.778200418491824,77.84598514405579,3.4003832274503534,0
4.650192008412345,201.47057127000016,37586.87174384731,6.84925965951255,247.3885900444527,380.3422614151102,19.13376664638186,66.0980622369975,4.745242052879949,0
,192.3827081321157,14551.227927172526,9.873213679281001,279.2846841563339,369.64516164786687,17.207829683538392,61.14002444262522,4.386875540987257,0
8.582618096477262,244.27902794632251,20319.52180795065,5.272880649577166,291.48084777544454,379.0343837356845,10.068708442286379,,5.203420737216833,1
8.861587639892905,226.96161331171632,25422.24365424683,8.180169406806401,371.2960620585989,358.88684287873485,14.272405875733423,54.620486626052504,4.630473611548439,0
5.549065470729994,185.7286451077209,14495.07775009989,8.789952214373095,,445.7771342095977,15.290127442895255,41.35422006072059,3.6973652283007583,0
4.290246890181557,196.16596635708865,24384.486682627674,5.9800463573540465,320.6836232485941,413.55255260114285,13.970628210461053,78.33226592312954,4.988280876833347,1
7.228552231510801,202.25218931004156,20041.44907857245,6.52983216093915,310.5110984616795,429.8406510566493,14.174250339098922,79.45838581808485,4.183397147324027,1
8.476257339525795,207.57801422735946,19864.757397126188,7.343773462622807,362.37191787485216,614.3030461169851,19.471852610170085,65.74474889082894,4.592423322726829,0
9.776391783651473,152.58880476994835,22443.18970405014,4.779253751835803,,413.5551055120642,11.8024554438284,73.55150593893057,4.531935193063922,1
7.854446358152177,146.64049255035007,22638.99155562401,6.400936925259057,,474.3958097789093,16.936872797459955,80.59496768822511,3.8730305300418024,1
6.5224249551214575,167.60351929592147,23451.234344796874,9.136257024695338,348.27323787167956,483.4999679468783,15.344257362101462,68.03958398045715,4.0505508967358725,0
5.740304067622706,165.12836982363706,16762.292950344003,7.945794601165785,321.74182668426266,420.9714700508581,11.470143115513515,88.9764930806773,3.867527786997725,1
7.097176937505981,175.39763155287991,17145.143977452663,6.872332962616476,,447.90393052360304,10.747215055763192,49.81455832088449,3.3047018951716076,1
6.631102944172116,216.31074054688014,20973.986846006235,7.298654331701644,337.18586847606207,427.65585522099406,8.685660257515458,60.75154230558812,2.2971380731945814,1
5.557398141406776,190.59426699760837,21621.475486362076,8.037830477537039,353.39419928501815,442.20467165691826,15.90240419883095,58.82257687762873,3.4288316688417275,0
10.15313347629493,202.28462736032603,18165.29128866817,8.34040803369798,,379.07865685214904,14.091292115776573,76.88525712327805,4.125349212043782,0
9.757752603108196,156.82229087864764,24854.95066109438,6.240865647141018,358.1945812016768,386.46309523361407,11.574934481076644,43.16691046491755,4.816756205794505,1
8.784073025333143,181.22744950652975,6098.539464118525,9.544859090381879,375.09065450959315,427.3537802626461,8.108853089361018,89.85718863525574,4.590872190989678,0
5.698724403286309,214.7922451758349,15607.810909368494,9.199830157903364,,268.24770849192055,15.72794597610134,75.50074496401986,3.7519017859091743,0
8.362528986445918,215.03847866165765,19559.032964200967,8.190067055958076,357.6498498906515,545.6858231812259,13.726699931118958,94.75477045641114,3.4394622256201717,1
8.039439614246852,172.81363749798695,14505.869809741595,5.788123411963492,,598.8686414399303,11.944811542892758,65.74274634316757,3.8296981307915505,1
7.743818436306079,201.17319636414572,36302.066589873975,5.508046227302463,369.5446352167848,439.62802079397716,11.118668248652268,57.48482735646316,3.2094949584088077,1
8.954497900565666,266.36313131143464,22179.418395777826,6.603966001377382,335.675132247174,479.2375341800804,13.512701960703223,77.0451186541276,2.320089690667074,1
8.033056714291916,195.43686626381958,23564.270078041172,7.2160088542781695,285.934407419361,512.4846136040397,15.850988402939556,83.09515426221124,2.764787192519697,1
8.190021354456503,173.81801772344176,17776.066691142907,4.3257828524166975,366.6288623502137,320.0264208337385,13.211056151409547,54.82638238436101,5.042298259365958,1
8.035359425058315,190.43960354041087,21875.618868329133,7.901615151001505,266.00000385218135,500.2622356227539,10.377863119921631,34.038936577144824,5.418682226242022,1
7.591187112003158,198.94966744085866,11356.227118065024,9.154190376880585,,391.884816445262,14.10818764838289,36.814500651312756,4.558073959666487,1
4.404583305428725,191.16261181790242,20524.704593446208,8.030829140932786,317.2468631480738,609.2579383853475,17.750306641933637,70.63443579872109,3.9246409523049075,0
,194.99664957835193,13796.43608121522,6.051836571569309,,410.9392344001044,14.432883051105897,91.35106808353324,2.883475309332969,0
6.245712061726312,149.80970249802112,19581.170561688454,5.864842632107225,340.0515387469744,498.6545778537328,14.525797689571153,45.3264136098602,3.8443170200906023,0
,165.19582479724957,320.0,7.593766703795044,303.91918417646224,411.72696557118934,13.225292442632025,61.987665239731946,4.447234613185495,1
9.602724928951236,191.2212724137121,12121.41186195028,6.877780129765676,354.0004465792411,601.7354205064357,11.364109425136807,60.75511725384256,4.6173073925453085,0
9.673493011328556,190.71142495928203,34852.63456759071,7.8200050553243345,335.3286619375021,385.0119826368876,11.25443852603274,,4.507272580635701,1
9.118830900443418,177.88194320447997,29296.588259673146,8.070719768716902,307.6909479920999,519.2071029861911,8.815881579718681,102.99087120001607,4.913463092799187,0
,190.33556524555402,33581.97497597658,8.845187035653566,387.86536237189904,476.1342305961557,18.1980452600776,73.2761335501781,5.485502766084748,0
9.105937681428985,197.95247537325457,34184.315535014,5.331244982291356,341.3960870222794,458.34479693313284,15.826098780957903,80.94760594412803,3.6540825656427103,1
7.098079770902738,224.4612306087848,27916.099709922466,7.470157937601913,358.8628382704037,444.3205920835818,14.572206569534561,80.49722370792779,6.1581433975204165,0
7.384195915346669,192.82522447276637,18042.341629224986,6.545709493741109,,372.63899858425094,15.275423130365386,45.65879057190206,2.3944487122734146,0
5.439792944307026,208.7713025695441,12917.309201250488,6.964156630582129,390.40731996756926,219.1154951652738,15.42044700754214,77.71607285006102,3.3629170724669466,1
7.67548695674826,178.66879035411452,32070.95018979384,8.485765987216617,356.7712036081037,511.9513686769292,11.875997242158757,49.88237516493853,4.126000197663506,0
7.170578892636626,214.3070631551514,22580.261135377415,8.657538879420965,,386.89287117245726,13.2266343133321,63.62111957057882,4.398240219642364,1
5.126021824748303,208.02336952359542,43886.58009966932,9.329540967606174,274.38214471097433,519.5680114945624,12.735111364637367,84.86374013034673,3.828324190093259,0
7.0032043322751045,223.70614410175423,18812.090750385687,7.792432595581863,341.4743187196696,454.1358214332532,22.587699255687514,67.71111987807106,3.5833025669976166,0
6.960405654214787,218.8307347982236,39316.29664642481,6.946173470605845,,522.0205424816097,17.66666673680508,84.26044234517803,5.688016622923871,0
9.77634174996696,214.8395399321967,20638.935995598225,6.720452018268394,347.52690759512467,490.1514016087579,14.854011539923794,87.44806776021477,3.546052390646049,1
8.421319992770114,192.85064292295104,33731.146197958806,4.3790870962164234,191.7720539595162,228.82438556166395,18.80774810792796,37.93767413566705,3.1748883118002595,1
7.097168158637199,203.83805526542298,36893.98653552863,9.236781370939795,368.67254834788514,475.19164929983975,18.390971206877776,31.121299481333814,5.288844009248116,0
7.453180964701625,230.03228571044883,13042.729129855152,6.611400506218642,371.1914653458054,398.50596115084124,9.744269785035488,85.22589776826409,4.632339099104488,1
7.146318567156297,175.1336137791106,17760.566853389082,7.9193173548045985,320.6498900572211,519.2008949814541,13.564584172452639,85.87899939345246,4.823879432963209,1
6.775629022806679,175.8909510817003,12954.772190623884,8.192814510673044,373.5228286853944,473.296599610944,14.246129490531668,70.55683278410959,4.122779565308916,1
5.45635920391757,201.8058047344116,11227.386837975379,5.15240149570078,358.74658199012845,474.2375230372486,16.31804223164082,72.75389947438153,2.8967303811542333,0
6.853422183589606,209.28895008849452,27864.176279103813,5.661112699913778,304.8942215164368,404.22057634334,13.560823940534972,80.86737270894066,4.0360033775694175,1
5.9608526150212295,169.62859202355185,20289.569192916082,9.56429145314768,385.1233457649251,352.9915046313767,13.97484732021001,80.56542436390009,2.7893236761252798,0
5.20452669161528,193.60759797077412,22473.252654377495,7.57888811478,281.03344615264933,391.36904328235795,12.77754886993858,61.47221948200866,4.158999511163895,0
7.846832721821302,192.99203922467888,26892.217213715667,6.202674650408345,,282.00861907752414,17.761486036530858,81.8847738125006,4.47965428834872,1
7.666896989899852,125.11103630068894,5724.717468320199,6.920371722418481,326.5629051763445,378.77250123626834,9.536976538997418,60.78713500098703,4.808827356314648,1
4.399938732947883,188.97299234371968,33298.93785470337,8.836254309635885,,308.8672720368454,12.889729253827785,70.34552783347183,3.8979372821552927,0
6.8959730437573095,190.96582934884907,18952.444187508925,8.5962168779802,345.4555485736076,310.98073569937515,8.215869218492863,69.64036377933733,4.5535099226210125,1
8.573552078849886,190.8706258296634,26683.15945570601,4.803590815661364,386.7251248824954,435.31830777809677,10.90218983761076,52.47708660229553,3.265000478537553,1
8.668835608344482,241.3092567864726,27457.651600034358,9.70216847300159,384.1574167463169,468.72391516031684,15.34668563902728,54.36360596341433,4.723972536824832,0
8.618755264327858,157.09445444771598,34035.88583789888,8.646513888977914,,423.4565215859827,15.409309156870137,102.59256380386026,4.496170790142336,1
7.13836981035219,169.6120777214524,21094.400709142796,6.8790891060402934,263.4671772179079,386.09676021292785,13.266467416265838,51.951450805057206,3.345799074116486,0
5.812432008046273,112.40973445378131,3389.6994841934975,5.237078539922981,278.2259556640381,350.20734702088595,18.009150982254667,72.39334011981971,4.38368286198982,1
,180.6106666824275,22515.00916998773,8.785333651296263,339.8129339101095,400.62456061082315,18.768341528087653,75.79274665875904,4.8199825438472645,0
7.596907357125536,183.33940626796797,23774.19914607724,7.872755450465499,,360.22215670178036,14.07154979357609,65.52169608123323,4.031343820861687,0
,179.6807303573038,12943.532265341171,4.816678562637131,312.57872707256905,420.9735406302951,15.126428426100896,77.27813695288313,3.3284401494653384,1
9.010996667407598,231.44567486348032,23307.493039376874,6.753316640933765,411.11825109564813,304.27745807368757,12.806603340662782,71.72952891037745,4.108649527951407,1
8.729969475513126,223.53976071478283,18847.868327450422,12.059353249612133,,482.10540625645825,16.368729480790037,52.30192492049853,4.400911582569522,1
6.881657015203242,198.49141517655374,10238.047864792383,7.146072776714786,355.23892238882354,380.6375102339446,10.359600415918665,75.09644016504504,3.3225848285196995,0
5.213691181708696,184.14038228672442,27902.92252923142,5.947686460949662,,456.10055202258707,20.226254870951607,57.575755951541524,3.1840377277141436,0
6.601340104483653,228.83806937941964,17070.13042662633,5.526575332015508,335.25329643657085,496.9777596504954,18.061951367003143,94.59884077002417,4.3768654266476545,1
7.405846792215787,195.36774848525275,18450.054286755905,9.919916393818482,439.2335488844071,452.22967055448,10.343543031994361,73.35182949091677,4.612188002384511,1
,169.81535875460935,17957.18350929227,8.459459993532747,294.44473560013614,489.9301431678466,11.69623903084775,55.05751287741891,5.64681073123972,0
6.213158837883516,141.08004232049436,32849.14729976057,9.34375379998922,308.151064814341,260.6688589716743,15.690120921347926,71.94509077396803,4.48926676543544,1
7.459327222454848,181.87793619533815,21655.165261247348,7.51213274886561,,386.5714669036891,13.183771357844051,51.417358089664155,3.026916273238681,1
6.324063387884085,220.14859574952348,22707.705426186854,9.101350391825804,397.0689897435194,514.2461333431268,16.097178510781443,70.5760210958962,5.561031159893518,0
6.137900874411939,268.84923806537887,18149.620926031297,5.779653784514301,365.8855208429645,466.73836306529773,13.11399205484685,62.74369580740254,4.792889975423943,1
7.54717925145516,197.97153107806324,26073.342031175518,7.3768937498457925,310.6897715785377,573.877061244117,19.331878801796194,53.00468707202599,2.40588852509861,1
6.4770111298061925,171.50862351615027,33847.51928491239,7.573544553656923,297.581068626854,562.3504383973614,14.327413075914302,52.801049408500965,3.1663737904305274,1
7.446156583467529,158.08111333490515,27695.739369356663,9.30426615236285,389.78051052470676,449.96737075605097,22.287831932328864,105.84593498224197,3.5865844316941486,0
7.4898060342781845,213.66255668177917,28037.823250906687,7.623772003421919,347.82919632889326,405.8417104892155,16.28882848047234,67.88055496356735,4.6237165898859365,1
5.370856498362638,139.5322863237034,27330.63890560571,6.131691448056781,390.82713671326985,349.32490295464083,9.84696568378116,59.40582553300701,2.1140251277540347,1
6.358138314201882,213.61104324495642,9909.272018161098,7.221236665494191,330.5338766179562,387.9353147571802,21.185438725461715,56.60031868418207,3.8770923154525807,1
9.236665409874693,222.16677140041318,14330.437845998556,4.47126714011282,353.9729482197776,393.3402473208507,17.925640551072703,74.03289086702188,4.579218107255269,0
5.336880730898569,209.96094250345166,20216.260558135662,3.4528694014329777,345.30933386500413,378.54006460946283,15.554487162767234,56.056364240237194,1.7593923159028915,1
3.9050183265442033,188.97082649796616,15648.172347334412,8.433519364771094,307.4114352906632,352.5329801807163,16.43389040545481,48.66718893632129,4.5524715670449245,1
,214.07810091349808,12678.010292889898,6.527904659635976,327.09008948883064,458.1261270017636,10.376145676763281,65.8748867701514,4.646215892475662,0
7.1236649198650035,201.4700278761056,5595.018752565065,6.7069606676111775,284.44356288376787,561.7311742513788,8.34555883589033,65.7525007557484,3.3096110214923398,0
,171.10003706046106,10204.938800813583,8.43289575339925,353.25837977281697,500.6605414584207,14.162225965245526,59.64403335273185,3.0704359307033045,0
6.903583716862319,255.21319431600082,19764.270862105393,9.327276408370466,,400.20639533837414,18.849942119192256,51.96106507307757,3.29741102645687,1
8.901284743392752,184.74625985246348,21405.130762998382,7.964490968627581,373.5966092043181,507.12230780805675,15.6058391827864,60.0662600669834,1.8857636502859894,0
3.0707483503455935,220.8240736143971,15058.918383334854,10.166355071744142,,453.73206934711055,19.94026594145018,58.79187469809167,3.715571882585854,0
7.673900811646235,118.60434295373713,22706.174115231894,7.914248831810498,327.743384403376,422.7436519250526,18.660028584534228,56.54450035312702,4.141285079487315,0
9.42215730270536,236.84706824898973,18209.27896923354,7.597497272456391,396.6307964481564,417.7501819482077,14.368008732391996,,3.018917298111374,0
5.388328852662429,243.0004398289466,31578.33036126865,7.4998143395572665,369.5846479969113,410.00478896093887,18.206397840379843,102.46489332418261,4.728198674395574,0
6.510290232315158,196.95468118805243,20596.542049502175,5.088917011828887,389.9303983679413,478.0852898189816,19.32456477332061,87.97459575946532,4.0500024009111835,0
5.950662124157069,213.88067311160827,28120.821829893044,8.630477796911393,392.50275488328435,437.17360658211373,14.035399495426507,97.85909540247393,4.172813843559692,0
5.738480930883707,213.872485811442,23796.184695324453,3.2561636883758482,,367.7261761938408,13.594540650202088,57.20340079364855,3.6564426029502335,0
,175.43092577149682,9717.836985829637,6.1937204855042705,348.9030577326227,363.85183127197183,14.763486608199699,93.52994944703329,4.549574279457467,0
9.221227925526758,213.5079137740589,21218.92779878497,7.156229953896828,364.7571725233966,450.4723185025334,6.340704168506459,70.08186822518051,4.97663733496759,0
9.83608001323128,170.12382496407824,11177.576648887445,5.872175529006887,285.8851867110886,460.292097254662,15.225425275200283,82.37908856586016,3.6521354588726114,0
6.576091162439779,176.51977844334957,21065.7802488376,6.406225641544943,286.79409993246924,400.94938845465725,16.677445344179887,73.81480412038012,4.563604781298066,1
9.937590321096705,232.06218058279356,15479.202732886857,10.026213394639022,,335.43955018030044,14.776886601671155,60.83907109739562,4.572181417105895,0
,227.18904610240648,25363.815803661768,8.864357739535052,328.56789637068454,526.0772093668106,15.437425587192534,78.05586142141793,4.295939075676391,0
9.71053654005162,173.39598393229463,10241.552460421415,6.036392264325352,319.3340005723245,509.08836876216805,14.15652796052164,74.25587496861931,5.27810227140308,1
6.940052025519762,172.5255570079667,22142.935007700664,6.378084912663645,274.13750423989524,267.00987992212015,7.70982776315079,37.7553787095111,3.4033380552934966,1
7.2765867390692165,175.34090872135448,27034.08465907921,5.102333761288087,339.1236873356458,533.1666338650824,19.786562710981105,64.38918745596733,3.6411923142711786,0
7.628211708964252,219.4444661268957,29973.613142839888,8.233890181889697,329.07962441461973,409.2819362133589,13.08616480357433,80.53294782256813,3.363971686437248,1
11.848280519051304,164.0004870140673,15312.248763355365,6.725406928351449,,441.19896640217144,12.261358579150428,70.89423013374099,4.535516882898012,1
8.356928362267183,207.4148044491505,22169.676026256926,4.012982975986614,415.53214224443076,517.0578448042102,18.78134316889103,74.00542973016431,3.7574607134953686,1
6.019103205072804,219.89909794029742,23628.9689524345,7.279238075059892,351.71446395698354,558.2031029303243,17.52971154592201,54.22693400025183,3.4273156716214555,0
8.533496805413787,193.1761455906208,35582.29747159008,7.813586636090885,304.4381486239844,506.2292228036424,15.201117324720066,70.55061182375584,5.267255148860741,1
6.5372511943734875,228.32203829967767,9022.7353672213,8.641762737616585,359.5156994712298,445.2824399160447,16.838920086228665,64.8392496987068,5.381414534967387,0
6.3453747256481865,186.26207457632665,14023.6306797269,7.004099424568696,333.3814198561394,315.94874509576016,10.488538492221409,63.10405759942966,3.713619533115968,1
8.442902039838167,189.15662076819473,46609.136061295416,6.531179562797517,,263.90145408122095,14.033048565735491,55.39604586585932,2.9034217053691065,1
7.1266283816567295,164.72812060378058,19618.9368197061,10.258298195173454,297.67435403162773,496.2527151219603,18.572787561208923,81.22077014554321,5.4235436112721835,1
7.497863871767709,228.54967512384655,5429.984287148283,7.130406126637292,313.9669783918977,533.3624276595581,12.06543199687044,71.99659104210005,4.3371698194422335,1
7.1009778327979385,171.47134569667614,16905.035242836584,8.256907693924738,325.7105685377731,360.82841113295615,11.005500093520622,70.36167395401739,4.298163452978081,0
7.584874689908152,207.19269816688188,320.0,6.267527363465511,365.9679520787834,404.4176028209016,14.559393044361078,,4.051900787484548,0
7.717448846154224,193.7178858519701,24126.874648240464,8.210057249584615,353.9520487967225,381.4187289291636,14.636788136622721,74.0755465461829,3.3457521716132907,1
4.1745496009418765,162.3109419804268,29115.812347639978,4.820106192001525,407.8486218600683,379.2879941208797,16.43698792947206,85.84804633982299,3.647637344367817,0
8.0798590029143,176.50869939765374,14018.720961000035,6.389933277764559,360.64786102770535,511.9968947113572,9.752096957109174,70.82151180648978,4.4986216331014885,1
5.606970870254549,240.25191164930348,17885.751201854284,5.210926701706835,350.39609190705676,443.46985062029137,5.88705665767792,60.6787482542106,3.620902918783352,1
4.916551296660883,202.45304136430337,30114.44694258536,6.164142151446241,,407.6657350883465,17.34006536054827,49.24197538936139,4.307727152036211,1
6.992383134211976,163.70718907626105,6664.610373299964,9.095742663565092,290.4640177442849,638.6016016408298,10.72615948842433,,3.9804251501823273,0
7.205971504971681,205.77050519515814,10423.820469009986,6.152525094900158,309.6343688840211,311.2463280793952,12.287031808102078,23.251469485104593,3.1456281548188363,0
6.039740753141579,191.32435098897454,20013.42985635384,8.254844678249054,,469.83288651966285,7.095322909551946,70.81396662943729,5.234481901388799,1
8.326547786501962,306.5294848718138,15416.023475416003,9.517278987650123,228.00282046479595,342.0817371862244,17.67561185068434,71.50945396651679,4.433345683498324,0
5.06673725044364,205.12396292295273,19436.787309156636,7.076427844506756,291.64609691445895,413.4050502404607,15.456116139439352,62.87540520647735,4.22790518720174,1
6.469584376841162,183.82000489387633,10930.909698804804,8.690152025988922,398.6906002160049,437.89107075701384,15.32364199536813,64.90366495300884,4.4029165522313285,0
6.202688797600499,241.44089336918734,23893.52927153162,7.959115813859107,348.11260873131874,493.56765757080734,15.30140177782547,46.131053807442704,2.5715444672231005,0
7.010119094490991,137.08684264662895,20705.2258429715,7.303970350321982,317.56252193085106,405.1054483871182,7.5014648916960995,88.84677864514576,3.5853199103981797,0
7.4982964269708585,199.0182450041951,26830.4006344237,8.305498631120749,349.33767270774086,396.64415217625265,11.048952238253912,60.93653451102569,2.778705578467064,0
5.568160575564683,259.8217118297943,23771.503619212166,10.027102182187129,252.91041444509565,403.6731921749194,12.809300535527555,50.652097508265456,4.067255251437228,0
8.166424016184342,192.28162290048786,23826.671935790127,6.113115118236487,344.5660063749594,339.60378509590595,11.829148855250097,75.22350925678253,4.2242115194583105,1
7.17450355250205,140.53436657126147,9329.884500770902,5.604462577721802,385.3771827890468,476.58478416733493,13.404011886167524,68.19424894620342,4.080244283432923,0
4.242080620032135,183.33062513886088,26334.027907925527,5.511695017864557,,448.5067496625527,15.112459018840024,60.59497649065303,4.8892995396020495,0
4.1421128394044535,242.5445773106892,19112.30165617504,8.691196192183757,260.3484294238087,460.813493705204,17.621246443642132,58.882659478455466,2.8020652729221673,0
,208.03422708226466,20552.93284191285,8.904400844542797,316.0284380741554,420.43655979735354,9.41532671076569,66.30865317759076,3.3465842415512315,1
6.748549023320469,169.15660449559942,31207.2785809474,6.271481645332383,385.4497417943079,410.56976320879255,14.270843223565027,88.20221872267292,4.29319143959388,1
,174.07223017027124,15704.550169346829,3.7450985918858315,,520.048027058468,16.648094140448464,74.006651849882,4.1758705926538155,1
7.038026315204673,178.08959132320598,33863.88656058544,6.053884350921525,274.8492861134638,507.74291761256126,11.250525539092996,65.84258585577868,2.9439640283500825,1
7.418339759265271,207.55833228972787,34682.048375502025,7.985609600935054,430.0727963465387,539.1840468947511,13.663651846566001,80.2094287866841,4.903293297023858,1
8.50147441477245,238.8222762540369,28615.919515685542,7.014577440407124,281.59385083394955,455.80754811966966,15.839621981108253,66.84601663627753,5.173713255538363,0
5.413342648623663,229.67753640957346,13413.95548956971,7.40494943987348,323.0400921538582,534.2131275724336,14.336989236282403,72.90514686853268,4.301957865676163,1
5.322042610648808,210.5923898274921,2840.208235851809,6.293115819124555,290.46717397325966,392.7133888223669,16.52485260986801,68.84826925818406,2.7929243091234364,1
5.440014213168926,153.38736767816053,31475.382198059684,8.722260817041429,290.5239173885424,409.9318571086935,14.612503885263669,75.9544427718243,4.094585691403035,1
7.513375000753061,153.50615955220988,22990.84698787357,7.662243046772326,314.4618042548586,521.6080602945569,13.270853619107992,59.20486437784762,4.23546720141453,1
8.947421067969668,213.06406467884042,15478.618180895775,8.046612286334808,359.0821565536892,493.4737230608191,10.430057808949215,47.94264561028628,3.7579629932329555,1
6.432990842640734,152.94492486614737,32306.141754736636,7.371323779182157,385.9117892540037,402.7639674468083,15.11565623616509,81.09094003671973,5.02085080990326,1
,188.78185532580466,14458.12861470161,7.948501698505133,,342.2993411184232,14.629910165724823,90.77983874857003,3.879567844702633,0
4.524010706084437,205.73281427795766,18294.158385314633,7.8445432673259194,,409.6828634406022,11.023654308241522,48.711526443092914,5.611543036164061,0
5.830444915805982,159.59699214839395,26617.28849506004,5.653642087545465,352.62421198305213,371.21052469783723,16.22078422198937,69.30452512117444,4.580831427336158,0
6.243406668757178,163.22360530051637,12247.703166737525,7.709439690692703,353.8265067360967,563.960278599094,18.48414757092207,59.1283029332707,4.185342501370391,1
6.467417059117911,192.9881259338298,21053.85242274602,8.370582911675502,342.85542975769147,486.80325148158005,12.121692875718768,80.71073481041236,4.687933359520327,1
7.137871684471376,212.11680920076972,31565.73310292018,8.945123516587854,344.30533232917605,364.7261938090587,11.898813923882736,70.39566090421981,5.164090513042776,0
6.612380503766329,229.96860065324023,23865.44122155731,7.7774492942882665,328.384775699909,342.400723146799,11.778309762159651,120.30505104016513,4.671260573606152,0
8.65400941581511,215.42570991265765,32953.92897394368,5.594904180404173,,363.73493809723556,8.760416877782045,61.516777537969745,3.9108486869866126,0
6.065974041477947,198.35701103975023,31955.6926797126,5.838118619273075,325.5523037264336,381.29398092269327,20.914789566687812,91.30413585899711,3.4552621915392496,1
5.786523060786686,172.1217678861744,22081.8651928776,6.432466031620369,,412.66396849622447,12.818678244297963,92.88101645468839,3.094756276933469,0
7.798313307780693,161.7309761329754,1520.7781293457047,7.419352974855709,,515.163719270471,11.467101214533017,75.04427883661104,2.0662390943145237,0
4.776536895110821,179.65193317346728,12316.37697096176,6.926866959934003,340.3657792199949,348.6786486917597,10.58164234493517,67.00074977392676,4.105902036632039,0
,209.11793871937815,28708.440165611973,5.344503336303156,332.7305378331742,609.162979587724,13.019707360899863,67.93637069933847,3.6676176822672586,0
7.233829775589401,206.77195861207497,8418.295044098033,5.3350423457822185,343.49031599329277,350.53598105370764,12.005809090011056,66.56531860411168,3.7093797388369265,1
6.858836265122749,128.8031364567961,19148.90599809245,3.80433559564744,,313.27618151243206,19.04564151630983,84.75945534109289,4.772508876780165,1
9.462414160723894,170.8583350954399,24982.474982052816,2.191229620288543,364.3641132152976,561.0643860258776,10.179165206989444,52.26329198734111,3.8825834417071055,0
6.146688832057923,234.544241651397,34902.13500182844,6.9117847197312186,351.08823277232625,531.7004479869565,9.222837036748487,63.7920596361381,5.4481808456318035,0
10.170447255786119,198.53488152973247,16971.07726209479,10.785963992725712,315.7607214702497,411.41209617949715,16.12088747154846,61.82858748487916,3.5229821313994294,0
6.741852826157851,150.65571478070444,16370.612791340955,9.958911647590455,,456.5065852099621,13.946218562179283,38.43565037779185,3.212658093311911,1
5.164475332544658,271.38627781114087,21554.050627834462,5.574394368845706,333.7785805021609,458.5255295281611,13.56428204027892,80.31442153815107,2.9890436280065416,1
7.184879371492238,195.07386456592752,25091.506745234597,7.356847209877165,,436.9369942994847,16.14679961280473,83.61929397857212,4.533745825004154,0
,208.29868669802906,20661.255323736255,4.805964374120738,347.41578226234134,322.28163692236217,14.75114840307196,56.12566137630263,4.868159123547451,1
5.95236622827975,208.7847921934443,31216.08341972856,5.0468669412441685,342.71669263937235,227.4426253866998,14.145501963361058,83.08814579780687,3.506371980918198,1
,184.23694508287406,15005.508584340301,5.227993295744,372.3771439905356,358.4219054141266,9.661367863651988,,3.1400934923410233,1
,172.71764218171538,23067.81138573421,6.763712078581904,367.0934249530688,571.2923529096759,8.795286006082964,66.78806295187945,5.1636154532074485,0
6.146748449618613,263.8935995221101,25918.515468866357,6.831713815865077,328.52172044422076,574.4330802181325,11.988586341741193,64.35461277484272,2.8386865333538878,0
8.561107717569602,228.10258782776802,18503.958257125636,7.519269113874837,313.64443560704524,405.05304284061526,10.721595695033532,67.8215290760734,4.75797173873602,0
8.816261637031701,222.30199043547765,29378.256143630908,8.167881895732767,333.07149375236975,349.3628621981063,15.188379135126517,67.73723175808396,3.5246345389481815,1
,214.44125413498273,23320.366406695404,6.58772814103565,347.8956640664149,448.24969757835044,8.364240794657784,65.15192505581314,4.279734378545947,1
,163.8938435084261,28932.17690434544,7.177199113646952,352.833929488367,461.11849563736206,12.82437169331373,60.11807877026035,4.809998943410088,0
9.125143068128548,236.88096613568877,23716.293027588257,5.391776239429469,345.35790053358085,474.0575615435246,13.72885296750514,64.63896331098422,4.341479827956191,0
4.258802358038913,169.01975494362404,25315.06809194299,4.995694701673654,,223.8377053729922,14.169137577545657,88.48418407344292,3.7397002710245584,0
,205.06517754082066,16467.924292431155,4.751623693243671,373.8694978209522,678.620494706013,15.616582066941485,57.0247530114758,5.0589558637470144,0
,143.5395230251338,16482.13214547297,8.1458115257826,305.35362234217564,516.5979734434906,13.22241736147984,102.93650821362077,4.195499080245126,1
7.258838791691089,130.69251677927937,32751.957128975373,6.586105600020575,,410.17090370082667,12.097276386930554,56.11033586604547,6.7,1
6.222826171204894,206.18531848489968,27587.426598443315,4.163629984737444,364.2858855863041,368.52178958713176,18.406784496484313,70.28895931405401,2.639979359486288,1
6.830763237075401,170.10882344976295,13042.595492229537,7.020319454759897,286.7730984700296,504.9844555263684,13.243892127798748,75.65354535135232,2.628456960875675,0
9.903262320306075,132.34663771848727,23600.17223422287,5.146862295777988,,465.63156920276333,18.98313021292919,,4.745523242988305,1
6.825420305369432,213.29950409430643,1195.9840104943178,9.743398533977295,,433.3717990427609,13.227080076833651,88.79428404170679,3.9452340904689076,1
7.700688475785321,263.84258467362525,16980.544764356117,6.205461679892815,,462.6667706912649,14.246310111209668,75.23243089072368,4.588235328344353,1
6.731596005113647,240.46592827456197,30442.212723956574,8.19677945759421,271.69909404935504,416.9824316620308,13.842133753244298,,3.113262905896647,0
7.193569931935251,187.76582767149847,20916.473187003132,8.84056158326828,290.3983783944453,458.14898125738415,15.063021408486673,88.614489323326,4.012223544386902,1
7.089025020654107,196.28304981430227,23048.094112971095,5.611213044959875,,484.1090280762803,12.914500956843359,49.949033155604745,4.326707635270608,0
7.752486098959739,224.4066002170852,320.0,7.240154445736438,,453.46534992656217,14.617245413360973,57.239166983530495,3.5459055419022745,1
8.827961303320766,231.90809663471703,18573.93576894595,7.994479284193272,273.57687255431307,449.2737518657535,19.35168628776557,75.51364099722943,4.150827170557744,0
9.551090996404994,185.00685699757764,24980.647402964652,7.3025629524079685,355.01022462429097,537.4288106568945,17.761210906091055,79.38375609171547,2.9080095789150118,0
7.5444301228637505,197.09368690318638,26094.59220724344,7.690539199709512,,298.2314304465235,17.78393653394446,,4.277961829355688,0
7.964320329053403,205.61967381646517,30453.859588402374,5.019185558176537,304.47300402620334,362.16941771532555,9.87162911296925,64.33948438106012,5.097449459009022,0
5.35370323622165,213.72404224892261,20170.039516947036,7.995377227148949,312.7159819597761,428.1248548784818,10.40560419238633,62.32660609932536,3.0046891876759703,0
,191.74155385563947,20561.198523286213,6.351860573207119,272.6966336733829,367.61059336566075,15.018578045098065,84.7286950008013,2.9575963916660823,1
8.490434197325383,192.15727215780018,10331.330144075508,7.6721329327889425,352.86259064865277,394.31739694048474,16.843435154004588,70.29439332248708,4.898138429689247,0
,240.1546345521404,20220.346101451054,8.573582375971315,299.93171424428476,529.0193426312035,12.586852676943213,52.26973188710865,2.9438025086710207,0
,234.70466247817237,10949.986702771306,8.176717441878873,,414.082322083382,11.99796994960453,51.33558171623952,4.625668763210571,0
8.40959093935193,211.27713834995484,5808.179049306495,7.670977166273369,347.2181906000743,279.66311778288207,18.89968190882078,90.91807326402164,4.013171819038218,1
7.816150063490729,251.0114902407337,12496.976924130227,8.134562707971536,,392.1326616532577,16.563393000287014,54.75606188578205,3.6440988845945026,1
8.880459387388981,183.63373560875465,35245.16664144083,8.20768946514428,304.10921430499224,430.6490539307098,17.791356046407373,70.81824328677398,5.113889365844672,0
7.514038735435666,247.93515035614018,19641.178262728565,9.482891834986603,251.43302458631894,429.17516259650614,12.843214807170359,,4.69395529056528,1
6.546452526643448,213.3604941931376,23942.324473714918,7.066199894848822,348.0644596805804,470.48299530771317,12.583932061857716,75.18213811062779,4.188178190067659,0
7.583761885399536,300.67283591086687,17510.63787699305,7.379052049638974,336.2387116719445,463.9510859804379,17.431338995388423,54.126192995744645,2.290920115535849,0
2.6841084362208365,157.84057834296073,6310.867559406859,8.592665558182256,311.7871142349817,414.89391211792116,13.433004661155536,49.94575565802382,4.525557898792818,1
7.654328604577574,173.94095192904507,30223.71210563353,6.345187576573649,290.46663667585926,330.55681934036534,12.284171803006277,96.69219326011104,3.1347292578611716,1
1.6073807621778249,209.40153050241753,2963.8223134664877,5.010277393168783,333.52326162479454,390.708859868995,11.286451759928791,49.53313361063701,3.7973220796006717,1
4.494804888891873,208.71148969532774,17148.468224537155,7.899303675840778,,376.17787547025614,12.612726039189381,57.43703841079992,3.975720573375025,0
7.757652901411476,258.40444749360057,21535.027494944963,6.794482578306807,337.0081141342965,403.1916957850995,17.187775719813633,72.43455894560941,5.449876310555476,0
7.796294005900193,174.6120101344149,24035.39417287983,5.212106689459699,400.16068634017824,481.29348282063097,9.318105972797756,62.85416912496093,3.7724711947996132,1
5.3363568297901045,224.9573925982043,15642.86156828181,7.910856248420143,361.8957546068062,458.3282199651002,16.375873145534957,75.69564431930907,2.860237967878663,0
6.011846937181592,233.19881614982387,5895.077793607874,9.381190163746211,,491.92045709933484,11.962878096137711,42.62209156812266,5.116322092492346,1
9.135811482921198,218.54873063106072,14988.411826218206,4.545006776863245,363.26942899995913,395.2733437117765,13.606008697203086,62.991529980716344,4.536071127698611,0
6.3539548026409856,165.24811705842177,15447.39244857556,8.73527349244204,,546.6688614627786,13.817389583962726,77.37855770694935,4.565121127851895,1
10.444380468604479,241.04828176813433,15233.970047489946,3.1114333251218227,,479.8270810077376,13.571541923596874,77.43338384768037,5.130966042752762,1
7.077120220235481,235.33839780209325,30521.413836120682,6.487547124313208,,434.9787745473566,13.352478821278954,57.12625692387478,5.314102901933725,0
7.6920542653219,215.18670463329207,11370.703635719721,10.028015141343277,296.1796269962387,474.26772675023756,12.83362541832405,49.8482972775151,3.274447430197363,0
9.505311597747912,202.53912599068653,24653.588236822652,6.601248003349671,333.9556955702533,371.9391668295175,12.414296925993371,69.86215234018576,2.88502799286146,1
,203.2354563214199,23402.26501640112,7.262102665397167,381.77811010863377,257.2996627231663,18.65525270498606,,4.627126009946936,0
5.576484028963798,193.4804546483399,30437.191029426547,8.325328597222217,345.66861288517055,377.46429047441774,14.382662743030762,87.2051836546153,3.7652754928904892,1
6.915408822458565,216.50512429608455,20846.433484867113,4.40797184778417,317.8688275998801,485.7965565793735,13.884370632357673,68.95002198070358,3.8360131576366996,1
7.026583895714864,196.99631529423928,28952.21858232259,7.233909785326814,263.04744961965906,432.41728317511706,12.172646016238115,55.11165246520414,3.095097873538916,1
5.032887521697652,168.84720078871547,20503.62938891476,7.221456653698867,239.91577537005793,415.0532421857701,12.953785390268749,49.317077200345295,4.425439360314374,1
6.696251892988765,162.44506736551705,25823.6224581487,10.062467137733009,418.1234287801907,358.17279433778174,12.184135012407488,56.144482014163565,4.283662315572431,0
5.966711859003845,171.93483988312664,8833.2066648417,5.167529487023439,345.6489846712833,269.53393392667715,16.825635767317852,41.09671670362059,3.848711492414662,0
8.466536635781152,203.10823176158246,320.0,6.517167880008808,309.05300129746325,539.9876496651832,11.813123014645942,,2.887093046844289,0
7.131917811277884,195.13741323407336,25325.085905772536,5.653197850498687,347.3277324543235,409.3684206550714,6.887388623560895,53.393885226546125,4.913137022469033,0
6.655806376278645,202.89100138523997,25795.476015364045,5.4856293501676205,294.14536032956266,391.6369614482247,14.492416523634125,72.87468254044822,4.169449516427907,1
6.920727104066136,212.02602027347555,26184.15546174201,8.901296308762035,319.4207476267531,372.2682986326502,13.378010269018311,75.10824062289046,4.841918109521869,0
7.414683027609249,175.92573037065986,17410.341845601462,7.162109373161292,294.42144388728843,526.3617982101304,12.366898884535905,82.04915515650164,2.3296502321539387,0
8.00522129953467,242.90112538705114,35078.86415188497,6.2422038296460975,275.05578303285535,496.50806499035076,17.308135195827397,70.4799310713172,4.014322059311358,0
5.580431656995928,187.43325353448083,17980.871555986316,6.301803476194794,246.6956172206452,348.6208428631237,5.279385309941217,84.62879681284883,3.410818929240198,1
5.517618551068092,182.13033648699172,25705.109002526682,6.230101218426275,,519.1634372034828,19.50160541440064,88.85498904278417,3.9981948838792287,0
8.737018823103796,211.43635959463847,27228.959693285768,6.3713909796958434,,414.3943664862986,17.780436609476723,70.58308576193778,4.705704241048839,1
6.461494691692904,137.23167352399767,37087.3512009997,5.122176356022962,292.5378395903887,377.1566249610218,12.227424231457102,,4.25855894563337,1
4.9547368611046885,170.70289760886658,19233.65023444316,6.711207322746984,,402.511009056196,12.812411903446094,57.3689244570338,3.984135342587888,0
7.745719064074657,227.39432955813865,16285.49821237033,6.5524534271896115,,363.3362199588082,15.964476939826875,50.40047985094404,3.979968739323194,1
7.77505470904903,140.40249827001247,8875.264978677616,5.922681203882719,333.67976709350575,320.3298317800968,16.053012766475295,87.16960705083993,2.753383161388766,1
4.78392711411494,231.76237430186097,35628.25864842989,7.364973084961861,320.7587442948361,488.09047724068716,12.20818987001385,76.21304814152299,3.262876918024614,0
7.42422257319541,244.3563701234923,25709.773654815697,7.4990253785866905,,408.3436112774826,8.964636712247943,77.52663071123426,4.844604284742512,0
8.18337463864256,184.17742918964007,25987.34589869303,6.240497401419102,315.9185649725113,475.37676269162165,21.275185979966615,56.830504370399055,3.575681271151657,0
7.6415796775593945,205.33800855764193,49347.49619641078,6.892268041789317,382.3602797443218,448.9770664903637,17.45520936478732,92.70752835851833,4.859526854920541,1
8.027972225642094,231.81078671523284,24864.642380203844,10.530625488503354,409.9378888399242,469.88328890825915,14.817614993371356,62.69645442302391,4.614569329674804,0
4.9735963528638765,181.06274598260737,10592.641277272718,10.470284548591376,392.4422850452092,262.32105556743306,14.880058322492147,53.410180452337514,4.655779986086727,0
7.576560232494294,223.7688166568378,20295.9256473116,5.454537499595018,,356.6591800514386,16.350346194038522,57.10647917181658,4.229673224041283,1
6.62607036079433,174.52323855581852,13465.158274397312,5.675172844790078,315.08190288673535,471.54918043214786,16.74550884394853,91.85330419085169,3.6299135780614877,0
,180.71672661333827,18542.234179509087,5.446142822352646,333.1705246900274,324.01354446912256,7.414989964289707,48.401028458641335,3.852101393081358,1
,170.42123314160085,18483.289183842095,8.790145225156138,,455.8452067049785,13.142122468094422,54.2318153370902,4.4695010024576245,1
9.298911766011345,206.9647103742337,16865.796090341977,6.490323706670403,,314.743633598514,12.799061144525727,113.35585096128554,2.3120209830699765,1
9.771555081900539,233.0550096820976,9794.912428033169,7.498685304882153,261.5188099248724,427.3155186795755,13.767265626943459,,4.94014558624969,0
9.052211807258857,190.10838617225073,35980.23932730604,10.275208386583797,386.5783797346411,554.7992315148845,16.843620012367982,54.524495304111554,3.57990683430363,0
,155.3200268828031,24634.897349724713,7.10346562498947,310.07610793699905,487.96800922652994,8.392735348390872,48.880552789403566,3.9026983558223813,1
7.6090802445395145,161.3533816868219,20036.610255678912,8.235872980376566,272.0163401234175,277.9407242047413,9.847830127640856,39.302305467761556,3.9094232191550002,0
8.230234307676366,208.6271814838573,28658.483764853067,7.942264783894621,287.7507268833586,493.8697123452948,12.050241379432432,67.97324916878901,3.938930587525233,0
7.261766923949193,255.01172522861663,26145.26000042916,6.1906165843204,349.0094603758008,571.7790581383666,14.809338917339652,78.19392974217878,2.945359486434615,0
7.276146281867317,208.5991999780607,24431.807726147756,8.793475536152137,299.27554485499667,649.7612808129392,17.046014524023235,91.00453100039566,4.088345526269589,1
8.315629697814273,183.6193103791599,28021.43309816507,5.777472721621706,342.90665132954604,464.00605899749513,19.683367284551817,35.71746598515233,4.433604412960781,0
6.991076030961102,220.5178869392091,23188.60770276342,9.237010062581799,292.87217812739334,316.84640608917164,13.355031140381648,44.92881965832117,2.375327821111046,0
5.986069595439508,188.33604366122412,27891.842177816256,6.191827474969591,261.48779477725515,460.7742382419543,17.04058700176245,64.46328064341665,2.9553871090624,1
6.458290401246212,183.8948730443454,28618.79487869809,6.364811001552971,391.3995866920743,553.6826878673172,16.643536178276975,111.56025490491693,4.668774977910721,1
8.030865566600614,165.32930861775156,23441.043306237683,5.400189238669669,349.325786362848,411.0329456199757,16.08750819853143,80.75162053883957,4.523641772396436,1
7.084489936799934,241.0703630158834,20081.140292039065,5.6596701309096975,,509.4487138306047,14.21987289853394,72.43935633483224,4.2030181635268065,1
7.590314965302507,114.74534664013876,35435.588718750776,6.445712370720914,311.624169411054,358.83176008978495,12.981544603146338,46.55623783346985,3.4379244856875752,1
8.085118863303284,221.53149440893662,17822.803496186985,3.2784692785012335,393.06091513208463,455.7882602501481,10.784182209011378,32.05623815460051,4.528177836002853,0
,181.16016199047883,25445.82027574782,6.751334900942558,357.2527318666777,226.8336387863898,10.565743541798316,67.0293649065664,3.0317374611324914,1
8.214372245444709,182.8690965935484,25643.976762181614,6.317400705158404,380.0193342970661,349.97316945306255,15.445370017543418,64.79021427568495,3.862877886486173,1
7.648263905187592,250.15408499577,16668.177635647917,8.368217535806695,309.0686002229428,425.5103482174515,14.120405716069685,,2.9509355092190948,0
5.227780369632782,173.14780504959836,14929.397680818203,7.788309566603784,335.0773281473627,396.93146155388513,12.928825653127387,60.23697458407881,3.8436384845991896,0
9.243457186779366,174.23778707109088,18910.717776971407,6.001932858863111,,321.95060045794025,16.49386846677947,54.27666486887527,3.166295119549828,0
6.328882884364626,191.82738435457503,17697.25819764992,6.395489800107067,310.4471665181325,386.0275041532035,13.638385748607044,50.56219754202617,4.559532471431998,1
4.597356985222224,209.2431163459916,9226.194974427151,6.749303499136982,329.08318353085076,452.37240387743975,11.286508792508746,88.91002633129627,4.30788182801239,1
5.512434435620547,181.8606149666282,16300.388126305952,9.467811356071842,309.0719760647867,419.10179303118247,13.420556372200394,52.03824159645097,3.5249510474044214,1
5.548432258982517,145.63651422285167,24348.775575245112,5.820758604878822,349.3614270975909,430.8750055896695,17.00807849578638,61.92640144795257,4.820433388848743,0
7.1582599779863,168.2976582117835,33116.32523298321,5.982778149377967,278.8228392821262,484.5575042468591,10.92240626781947,65.7669346873981,3.2240740217461936,0
6.669224241680644,237.0026834068646,26876.012009472764,5.336837040444902,356.45077078912936,398.5469839413403,14.990613497873895,77.84174142750697,3.942478114594894,1
6.574752048539111,198.39285725233637,320.0,4.778377622490828,345.7392412714593,534.7342306441532,14.117095043500182,52.60034847261868,3.490439364564772,0
8.009552948223718,210.43479307852232,27638.233578421765,7.605065725328282,324.6643503311998,346.858314711887,11.789327358480802,82.24470194830442,4.549049979074697,1
7.589813041789055,187.6345213704628,17119.008837694557,7.440587263095672,,580.2402042447616,13.33193778276968,57.009404942836895,4.471885115361251,1
7.554071805966429,174.89607372245538,25987.512255011683,9.146763727479856,,515.043090439541,9.11344607103044,63.77726585804607,4.985526100791306,0
7.694742685993039,249.68222239601315,21890.03377672279,8.765426232208549,305.5246396055812,397.5201775590223,14.661812640719198,93.01819708768909,4.03472786989029,0
8.004202002003357,189.97786057436542,20324.12951921852,10.907444408960256,355.2927723463358,402.85450366151355,9.796381154788715,50.698511047801574,1.661514528555653,0
3.9180699873338356,181.81216385513193,21117.392665772022,7.003281027285069,357.06757421132926,442.53884732893886,17.839042816835207,78.07865634153895,3.6339225936072586,1
,231.07655572337086,21817.338816474028,6.708363289201993,312.2019202088296,473.89367438975813,13.99649100398718,82.67469606256472,5.190902570167454,0
3.809684903265789,172.88446851624366,33804.43160523144,5.0656423746892925,,513.5638620186766,12.413014933321396,71.42034439629326,3.716504179055465,0
7.134089890196694,176.9687249992321,21841.580159263784,8.220593504612594,325.4980871658213,318.75270015879335,18.129845782586298,64.49600068060019,2.474321757403035,1
7.073050541663482,196.32789388854073,31534.151887999127,7.307284101485215,310.36776823462526,460.99540976489976,10.894898814058266,100.83640536833111,4.320478846416074,0
8.64829841218452,196.00864333082174,30256.974443466414,8.14900076191688,395.529883505173,256.6788598029828,11.832646410743385,66.17570461040643,4.378766310428978,0
8.861451589081682,204.30756313290286,27863.989452308637,5.320183733603328,345.97550428196246,411.81596113316135,8.26348601529557,69.7060555005314,3.4027847967498457,1
7.384162572378551,262.9334108606556,6345.3529474627285,7.675534618662185,333.59860957543583,542.3130003029967,18.621370804298166,60.948266263184045,3.7775356980280894,0
6.32945838390465,206.75994388327587,31806.86839453729,7.444215396367228,294.7582760787498,312.59127742252014,20.48045679875755,68.84752608955148,3.3091091690436856,0
7.807741668818607,119.90227319197439,17998.205650430893,7.3396753630320255,363.29856732850226,298.060977117467,8.777139871966206,,4.377604365310571,0
6.28812354401353,206.44156618980995,28290.928255025752,6.040439865058972,307.924199102279,443.66360796383805,11.607950945965003,61.94005347723893,4.014147570974398,1
7.077911022834977,197.21215982366715,13484.887052481574,8.99913294471437,306.23736024567734,536.9943331338081,14.530384818976572,32.24180652752767,3.0606953724418586,1
8.559204475441152,197.39040077924665,11620.900640230446,10.359485974785258,364.67720118614,452.03163608682576,12.598209347871446,74.7198369616325,3.9625558147666746,0
6.243342981015864,203.87031390067747,39346.92922200962,5.365656438449768,348.8802315606678,273.6305682494759,14.196660479728436,48.93098205403723,3.398240989553605,1
8.288517958863752,195.0822947944064,13621.258503829738,8.258301487756874,230.35864802544214,291.34972695629807,13.911926792355985,78.4183983597386,5.109627341160431,0
8.096102053038454,194.31641302222755,32065.355224483825,2.5729967608821847,326.5313986856633,433.81971463435355,15.644921138588405,66.37853934602741,4.667084231902559,0
5.647812274303767,215.61741471266515,23052.54621899829,8.176403720182284,338.14630444245245,331.6606064563386,11.128813869951976,81.67836747364656,3.8746221117368647,1
8.540841192326102,178.65341448977597,18329.547088181294,4.165155705864027,319.07655761297246,436.9349035124525,14.935776845806005,51.03683095974118,4.033230040583805,0
,165.67403725954637,21620.850684424087,6.290551590319172,,441.6796090613551,10.616779504399648,57.72941649788391,4.760745457791624,0
7.232888831058986,292.7610064839165,10603.401265420402,5.045421034428284,,386.81939914738314,12.94086887709581,60.89141637890772,3.834583896274577,0
,173.09256179900052,21893.37409082705,6.779333837979954,216.92815542703028,571.1803435159051,8.568720619216931,42.38702831760307,4.561546169081521,1
5.791190972136645,199.20457319872244,12518.367447132436,8.44529404342117,293.0058022268189,473.23737639474336,12.964990968209824,84.40500738118914,5.1223611810375695,1
,148.13887197198824,18545.957923866346,4.185445043311304,344.57213199245314,522.9272703035341,12.409965976403685,40.06814875899644,3.5871119886375493,1
7.89389169493794,199.7269892816455,30128.877176013182,6.55202209056529,200.7767946306435,499.6465406617298,17.413811877237585,84.17648061124646,5.253993178717055,0
5.6465622488979035,166.13678237794127,24243.252233410654,6.308877345270631,298.4146112431802,413.9941150440106,14.104441761345315,73.27525535451326,5.026991174594563,0
7.736268372929805,181.84086582879965,9015.364724817826,9.618056920517562,254.16680026282515,410.4442198928522,14.704260669242597,63.17834921604579,4.163875865857124,1
5.217366706682411,229.44206930467595,29481.550873034637,7.80218239240345,323.05240892621475,402.19039705369835,14.225908305959301,71.99088160788342,3.623748638523005,0
6.773897123341727,211.10430618809835,21951.73508805682,5.259996961027992,413.27386957618984,480.48818020001954,7.27394081346059,71.54727927095124,4.154166999707976,0
7.244471631861013,214.1891047863942,17259.0351960501,6.375354881131969,,373.9707858102509,7.710077341433497,59.91306783243607,3.7792893012153144,0
,139.3214451714604,28562.351185281324,9.578644696649139,328.5923833414344,564.0026353627654,13.248363809843346,71.23002699262881,3.3516379523690474,0
5.014026516719449,254.78064543452842,20547.59603971169,8.248697200502958,,366.33045570620857,15.21924796097356,78.24516992197553,4.385174652355072,0
9.2880218497352,157.85979804986,11791.150049026899,5.669191129399434,333.8735688702335,443.1580057837623,13.524944864023631,,3.1716510465260015,0
7.30476362098092,244.91394605740368,38219.29116941303,6.69802854935472,,407.6735350363241,11.448605382719615,72.00835822790113,3.7059274198108065,1
7.696757877023945,228.68940371140755,21862.38912584604,6.748527545515127,370.99248288994517,389.9365348490779,13.50696670609318,23.85353344079435,3.7161866788303586,0
7.257521870082307,214.47464773710976,21300.251756690956,6.2699885550938275,,599.7877481970891,13.220617737653498,35.14048162161902,2.9050976237186648,1
7.7470902272928495,168.6404870109318,18461.227643922728,4.417864793011731,344.83365622422457,390.87565268700297,16.87071072131183,75.54533175521418,4.483608178030117,1
6.8494723434569735,200.85087503422474,32362.299535043057,6.04935768968385,327.3100137447339,401.6223055206059,16.685965940157157,59.631166444123956,3.7918963284639844,1
9.261075272186186,180.93051485936448,17410.815483594306,9.314934903267291,,372.8693121235288,12.473732058776,52.574301605605,4.983097781873624,0
6.395293283662917,196.92926628816934,8464.526638222227,6.517791710443343,,429.28324925511384,14.135249962297607,65.54098732837745,3.7791706577588515,1
8.778351858268872,188.00408770926208,16061.99690517227,6.956859263871748,319.2050325849539,417.89549061258447,15.21145764443495,59.985583191037556,3.652855763091153,1
6.113449319680466,130.76446378968294,33649.81324598853,7.342030522028647,383.4813680535965,336.4597495436556,15.701326504954247,50.384553675429714,3.2643786824189283,0
6.989622230398069,231.89709283150682,29311.799055978918,10.624663403645158,,392.0504108521875,19.75357369960846,39.8474060066805,4.000442780702849,0
5.472056171564671,193.40457099042044,19777.512726173016,7.134022138838799,391.78514213473693,474.77492342271694,14.207112816572668,34.515848974116246,4.004849021120434,0
7.76253558052128,180.4863872159284,34057.44759218696,8.848433658661948,352.3536434066251,508.1589479537563,18.15685785388151,78.36843664120966,4.548578053482129,0
9.247688935389801,178.06952854944743,28573.45334676791,6.17487532815911,,427.9200490372384,10.471725843776111,59.555507249867446,4.022274812460004,1
,207.4707064437366,19676.0112809245,6.710149168406064,353.8681240166446,430.71958325225677,12.195676378982657,82.10669888574567,5.603255802532557,1
,167.3997971745769,20558.97057076353,7.13983330251425,306.3375811689915,397.1203942587779,7.251779423862507,59.391067333430414,4.325849466014186,0
5.40807455539811,123.83438212883061,24902.116509161457,5.896869951877973,334.3705502282465,385.8046638433694,14.799311582032129,72.1505132305547,3.200267152046259,0
6.736061019671538,209.02815370266484,14718.351451448336,6.798125906647327,313.0482873770447,352.4341576094158,16.43682905103415,,3.1342484524868173,0
4.690808610417708,212.61129593461828,22053.509424517008,8.523120478584966,327.5506012705438,301.4680436608839,5.867229137836775,67.12003700751737,4.387142025699657,1
5.71068301992176,189.61178161031575,24719.662207658555,5.855423993474824,371.59866254620454,369.80426607147706,14.921345013049773,67.90719633189775,3.1757040706377233,0
7.420179069163703,159.26710799391972,7219.306087403105,7.120140668922549,354.25897773801415,498.3242293872411,16.29389414586509,59.17955053933005,4.433978619941713,0
9.058519796612094,198.84593730845714,20353.660771079536,8.239799011616373,286.86001893746777,392.0466445842258,16.10588406791685,46.48013149135262,4.668598455105006,0
11.293816291844255,149.13496421396516,19356.197254342915,5.817343642875864,289.208045892004,398.3185053044766,10.353658303885666,78.811334278294,4.687398897418319,1
6.200122372393649,163.1286209059949,31030.15653505203,8.85075379233163,344.10180002087867,396.7611840228282,16.851295911204417,92.21545803351131,3.292033944823977,0
9.232950234968161,171.97766603186685,5837.761364277232,7.23515589794389,347.0706722027268,525.5766132666188,14.330704841371817,93.27928964157918,4.688747516459074,1
7.445628720602472,223.0060502685298,18668.192207198455,6.859106349923922,305.347755845129,351.729394357493,16.250424142424503,57.437027440698756,4.221619605912886,0
6.853128529880436,184.39644958601866,17789.011742612573,3.9471264668356607,,448.1642670711995,13.884668960204808,54.52263372087513,3.4958605726426284,1
7.728891677589228,181.66827482315327,30433.822353592437,6.529692341618712,366.3532924280534,420.5227093143869,15.557423311283024,57.4206243450677,3.845667106250744,1
,258.55016049315986,21632.09658666989,7.707116017509579,307.35136901922345,431.4341460075815,17.96047814013457,63.551434085270586,4.337598212421103,1
7.245593588418328,207.27879991003886,37765.75004237128,9.877645129707899,303.38753205154427,445.54803256931604,13.62672722146203,65.55013238115386,3.4451761436969752,0
6.4675002557599965,206.84782433519445,27821.61135931901,8.017264863496349,323.65965823775684,430.5731952214456,15.23754586935914,,4.205450372889939,1
4.982835510301724,184.1695761533192,18416.34434095792,8.899421646209792,319.39396914595943,489.44175093207355,18.42423669434741,42.42827928596445,5.097569519860697,0
4.764562196216877,176.91610663562312,24115.80676882207,5.209614773677337,384.5024572430029,423.6594137629657,13.8603404561278,67.20906536541985,4.721963781677725,0
8.059867324921841,126.03499391945118,18908.816541829852,6.919620456868332,373.36544189279033,565.5501114740558,10.5861926541211,9.207372565476021,4.033949230941229,0
6.66494986487143,226.99969702155386,29550.903713600983,9.048779378879605,334.437850053557,429.5583951173477,16.53094230971478,64.76935952708389,4.152631234771319,0
6.1858666505157505,210.34591058420412,10330.626054437824,5.717380990368122,360.7941279964578,289.7226493919784,19.035096115010933,51.095088743740746,3.5503109083536346,1
7.09275844008473,190.26668821717078,14790.186285469405,8.645051753777501,366.74198428012653,477.06482865149854,18.55298559229795,79.03850333112804,3.572280802357742,0
,191.6087455412398,26010.40058572666,8.278642226068527,,457.36774442078257,16.659459628885283,83.37168500910337,2.770986889507337,0
7.350545914539597,219.55661639235376,32763.884055306156,7.554063364550716,,428.60360254095394,6.564279972497221,83.75418131601654,4.165865581695741,1
6.095917595038549,146.2492776614447,2702.7354118592266,6.6006498522851595,357.3616897177836,405.23429475030844,12.201752000912172,60.78756052309168,4.5023487766454675,1
8.919439433473425,177.1237973902782,34068.11256423595,5.561653655775553,352.99183466960426,256.8304746832171,12.370818390725951,48.01066700619275,3.914742081167221,0
9.448778254472447,159.63830838743903,20785.014923686387,9.925099284683236,,270.25247501874594,14.448065693032794,53.20360446676079,3.285687127795292,0
7.82183498298428,252.68829703957587,5492.416583811078,8.118342778003969,305.21389994881145,557.8015376397984,19.871273953654217,71.05929306753869,4.021580210911722,0
,224.02097701930563,320.0,7.658173476987209,321.16761887087193,379.15979175204905,10.734212609261254,39.736995504332725,5.0165763628914375,1
8.942939995220717,125.51383548366834,8601.284202861387,6.4676973978404435,304.02676455907755,503.2496342041767,21.69926689236822,88.9755017293174,4.670425690304185,0
8.77514897460677,147.55962794752077,21841.188414235825,7.179837174752165,272.60287652193824,297.75733814076307,13.038317721195002,61.0437934848832,3.947009996137479,1
8.001148765668935,191.76493845256044,21436.07420841608,7.3802532865526524,360.71403039891067,342.25133637053875,11.769225665537633,74.50281349357554,5.566995713362179,0
7.977520570612325,180.88191321368242,27567.167812400647,7.751803581879045,347.2027332016291,480.29127575053724,17.0891755506289,37.54089695746319,6.074999252114095,0
7.859490860019754,153.61976934153958,17194.99745279035,8.280257655785656,278.0859703720056,417.7999171441094,17.350204080519614,51.39909118271474,3.5954887606611985,1
,258.2323916048157,12296.484407667082,5.883694989148955,,469.01337375915034,16.444824806378325,35.527997840366666,3.7782098808271645,0
8.13108473528938,206.00127724744254,18391.23238021397,4.8027767945305335,,424.90939472561536,11.760796959540185,82.94326979957867,4.510798413408462,1
5.046279043310169,211.19412233161893,22308.762216214534,7.2531637450121265,340.4597215689075,409.3862428794713,15.95669282153894,,3.257878433632867,0
,173.85552162456915,24037.87741175778,4.359396607026877,,371.5964937460088,10.88925944512783,75.65514024566703,4.632324702097798,1
9.03534760171213,219.1127727096961,15093.025587381002,6.608615627910052,277.4862363242291,330.47978752559993,11.669088648865314,67.42730165374724,4.049144800899953,1
,183.82615164857563,29919.687561941104,6.315480068423415,354.30870433739034,538.2161031786,13.986928458455951,73.98929587338024,4.259878021799797,1
,186.93301844136002,16564.350311980226,7.896962143678637,,551.3847284903904,11.594120120326364,60.93344186138187,3.521158481368785,1
6.672488424469062,215.55206271440832,14386.578732410593,10.252503316068369,323.4607967847588,342.90376362046527,17.77406921799949,63.10256145052272,3.3555913815819105,0
5.351626738084849,143.8720779180704,17257.2264619631,4.047546814232374,319.6308353839127,337.6736718394441,12.392047144698328,64.91393481529028,2.4213369365858943,1
6.719344204394486,247.10489151523143,31440.348340911863,10.713212347903074,,398.17814860623264,13.572494479672374,72.9712328098211,5.128129099236955,1
7.2330469458608615,201.83645487116402,20849.375107710417,6.751741248591939,343.36142246829195,453.2348011890522,11.395345670475747,,4.704328225576591,1
7.198483074510015,236.99021468097357,15923.116578078101,7.669537717832677,398.5413953302677,411.4545433634664,17.724112377691497,111.94527752091898,4.4952200248821,0
8.780520718135053,161.5865677881978,30135.96497143373,4.884565190954527,267.4208197757731,465.9616052198177,12.101780984646014,93.64195446354964,4.241694397685994,0
,166.45871603109782,40805.9046953505,8.695057080957586,368.93984489204274,422.06008419109077,18.068636639057686,37.58410766858789,2.1727023621956616,0
7.608051707704386,158.819192908806,23852.91670288947,7.185526607435724,230.00152584861354,416.82950868406135,17.826193831431432,64.08169125757847,3.3841410834843373,1
5.597059275848091,204.00952552527485,32834.79838178985,7.022881490322507,,619.0462989415895,12.82839486188068,59.82448738769895,3.7702568561642837,1
7.75547591706572,198.11146566138387,31100.4036265409,4.058931518453333,249.24235703797657,383.98373987237545,14.39790376726135,,3.1265498450437383,0
7.084662825278455,181.13882178460221,16702.53937795642,7.236598965878936,432.8921801594264,557.1957514259637,12.73676037732576,61.28488300586031,2.64905287515014,1
5.955279992573224,163.54978582767106,22247.581762776557,8.456408751630187,317.01951899143666,541.7490454144692,16.100882584348025,73.92147981463599,3.2076569775470585,0
6.726255956737721,155.46891936861306,10766.083597496032,6.746679755936562,385.90570549169445,466.3274805267719,13.658244672614629,28.539601589462073,4.008331499905977,0
6.803736380227168,194.448515184939,20216.65632400846,8.975234966117759,377.4503969598454,271.909453084038,12.922313809549877,41.879666855428894,4.008531205585523,1
6.674767305994356,181.1012230531648,16522.3104627674,8.909974371588353,315.10394725651923,428.4845992290369,14.452391238692154,100.29514950145986,4.6778678104714215,0
,174.0605762445356,18480.690155569682,6.1070692952694605,318.25028205430834,384.8244194083562,9.078687980364606,67.2139592509736,5.579280166696526,0
6.93233099653818,245.5068635562115,15437.420574794447,9.64027989689988,,427.60725531523786,14.049700792143243,50.2249476198019,4.5048939856764365,1
6.714155834733994,193.3655782978325,19496.160992124875,7.19156604363363,365.28217682421587,340.9626566089694,16.443719501459956,70.33450811380513,3.833071246591443,1
,236.6413738856616,26681.6806585433,7.198597496244773,315.6378077270428,486.5006359240042,14.75557945486186,49.34044495406926,5.374254679408116,1
5.7386889720307845,178.9359301541537,20966.05594544124,7.2763903317123155,,504.79880216888523,17.440466666892057,61.80934862128994,2.736089586213117,0
,203.832841081557,5663.447055685268,7.2295188864869795,355.02831649020226,519.6019441653553,13.054916310059442,42.86758938424697,2.3485023830788143,0
6.051220985735036,194.2247674797973,15470.522645840276,2.964389296479557,296.2157659023643,395.42570268923726,12.784340649323363,53.622716271746434,3.278355739993538,1
,141.6760860954201,8688.867678064127,6.826899890860242,319.51172603816786,341.2459918362581,10.612847286878655,59.65534563077025,4.603506209360677,1
6.832593336905672,241.70682580044522,24154.408181860104,4.964964574773322,337.39134045975993,454.13451331766277,12.961041818289205,84.55532889225474,4.101476996577221,1
9.012666373977378,191.67508457496268,26428.093282755224,9.68961040950077,306.660390940288,566.4859457718993,20.78744566238242,73.9175453244672,3.0899075096814568,0
7.172556951075552,219.88538302825475,24263.92790566103,9.626011126919497,,431.5511707690827,15.209293105115293,76.74408938226192,3.4028662623919903,1
7.135841754632365,171.9350808812301,15108.463470764373,8.46606256527983,395.93431124671775,462.183766888968,12.367730487865874,65.98245064790353,3.001642869617057,0
,190.72497978944753,24178.908958480766,6.743221449004556,,407.2061243294402,10.979731604378681,79.7301553935873,3.00162344028015,0
7.085694377432189,168.26072448245264,17891.097976906967,5.527336400166156,,385.722383528339,9.024848604972458,52.24898783663951,5.1798250643060015,1
9.658192504574789,235.55195144842858,12031.762805690287,6.0810220179845444,325.8198693391824,478.66207508835987,11.559701220955851,54.53016369129693,3.858120724374754,1
3.6005839098731727,205.96509911842162,28520.72539584732,10.189374212153133,351.6326545284618,417.51465861289074,16.805338578177516,73.00297535760146,5.350274028888753,0
4.077681383341982,207.74571285378843,29188.10340015748,6.026328129298463,290.61158901037163,458.2818329223464,12.890795148301523,61.87781228155975,3.2757887847735407,1
6.265243753415829,239.4618927073593,30335.813369102347,3.3981593400700194,350.5158314187938,466.6005485821622,11.138033231129516,66.17569725652216,4.353077510317915,0
7.101791822906353,233.00292150076874,16678.782777715358,8.747661503406922,343.4886277924289,453.80134713111266,11.500993512687007,63.74100849778356,4.147124475046918,0
8.115156637146018,220.49096115636112,32357.007482318302,9.490794919516272,259.66512925296115,470.62842555101923,16.443286639801777,86.70589671589595,4.656151626939209,1
7.789630797041212,150.5047248948012,17685.283655852847,9.741560785723106,406.56447973975924,357.7595413791927,14.031831851240629,87.54995750939774,4.168547833754941,0
6.503631130679144,173.73826817546612,27745.20658989276,8.76058984671394,392.89335599129146,352.87765149225345,12.23022543310664,56.2561146788673,4.738365046752529,1
8.608565539862644,163.8755796476367,17533.295956306258,9.018401090030954,300.17691975746163,422.5902714714195,13.282318380469915,37.890116580370155,4.40227413775764,0
8.625293104729096,219.2810781960256,20049.67642394959,7.2036358370045965,286.9805119544114,424.51509437910016,21.57941431430651,,3.1188079258662653,0
7.356086746907349,201.46086213600165,780.2701906968068,3.839452914883172,342.35011137803497,384.21417386242973,18.324756144878627,51.869245625599085,4.541517516253365,0
8.523986358730262,151.50360212382097,19366.22110956365,7.164052045570021,274.5396051989172,445.28002371317405,19.146463587910496,79.87432312094501,3.8895827560209746,0
7.4889678951481935,189.96018518364073,22812.85900870469,8.10208498042268,388.9356011017925,498.6573944667232,8.518056979421942,81.31205912374622,3.364158728255595,1
6.2377754598256745,148.1884052569991,18417.864855719134,6.906273310625324,313.7933968341519,521.0009499322789,13.801362483138096,49.69659823478476,4.511302665826633,1
8.126725258500008,194.29899238176768,37415.76935710667,6.834278932391408,399.49408406066146,538.9809498117725,12.172195972802086,54.177022911411456,4.688815667289633,0
,143.0280798724101,11819.172431697327,5.596693498351051,299.19946181416304,320.8158669554252,16.09467264625169,42.44002038646731,3.5928191718392384,0
7.08200977013173,212.9224797883076,17071.39255059857,5.537252785630199,328.3997144917645,332.96011410332596,17.79736269889226,68.57693208106872,3.6965593637233853,1
,208.09480403309036,14078.267210424066,10.02427465333039,,402.8283685246683,15.377206502636131,65.67235387583797,2.8880461649719624,1
3.4036918071898703,257.0543517871002,17069.67589420972,10.081467264410625,319.747181334808,432.4229232805901,11.420848859223787,79.18377344251063,2.562312840287319,0
4.953473744760645,223.13194526391496,31059.49256198998,7.115817532631157,344.1557614702054,406.9265596914409,12.118655984609124,74.45352697186281,3.7809995283079996,1
5.299394360438445,182.4667438136799,34976.33883624747,7.5648072960468244,377.7990089811585,381.78885358539605,16.347883858238422,76.28528813111015,4.587802496075087,1
6.535109028646792,222.17824298478354,15868.04880224088,5.570244269881511,310.2020545157992,401.64654078421023,16.67624147159111,41.419566955471055,3.5228527583627143,0
6.698087745350955,151.27475580975428,15673.223850317507,8.135268262904336,281.2686972875447,464.66510579460027,14.765142829043434,56.25351820720543,5.083679057826523,0
4.819011528340429,165.20087668220526,11865.981751831367,9.900245691150436,273.1928655513893,319.6302042566374,14.728310033985585,81.7721363368399,3.8100422863711723,1
,206.6605610264035,33470.12283977429,4.703815367687385,356.9207427269529,613.4685738069682,14.465404368036216,57.67506688090516,3.813212726403655,0
5.7887374822146445,126.93601079206633,31845.20864865597,7.852935613529782,348.9399138669024,427.67948347074395,15.188018640565861,40.03343283360152,3.7445084657810224,0
10.766136138113838,194.81085488211573,21084.53961409834,7.971655143379164,376.5281900963247,510.067791538298,16.662671218066983,79.48943119392084,4.735642207562195,0
9.78261292162072,163.35157465221053,9770.210048388662,7.953618293525027,321.7641665217138,379.5996084028394,16.379546833880546,57.04830708076661,3.2220497551631344,0
6.462375873473026,199.24182576490443,10554.56930094867,9.715651915200581,,471.9479674019815,14.377831931815276,,3.8694110694860413,0
,161.51243654248756,23510.420279872884,10.336908775230421,236.53715544245537,434.0072858262861,14.138136922819792,66.10168152238697,3.543049876826601,1
5.356194004217559,209.57594039856605,26831.693544775793,6.7510957889611936,450.5864639084198,494.5446715110635,14.011915580069804,61.90904502500255,3.531976930093492,0
4.2178043801621,196.61847755735647,3893.910059964528,8.183614402007045,354.60384376003765,410.10824657409984,11.72490887414078,88.48369243619855,3.9974203886930995,1
6.904679720387214,240.81170934020258,19196.112084582768,7.253089255047174,338.6084619993741,550.1250853671743,11.683007107205231,45.29697896997784,3.881607833189981,0
5.583222025133962,196.2155050912519,36206.45495141826,6.121257837155281,,306.6355322010365,16.095055706850268,89.63438311002365,4.7903036129501375,1
,171.40343024123308,20106.444257852396,7.547886367872003,274.31510312247013,501.94990641584184,11.947532674897941,56.042432872156056,3.9615961238441066,0
4.679691226434784,188.09965261352696,35078.12605623377,8.180969255030393,300.4102483705151,435.4975804426438,16.985981764112978,69.03039173711937,4.402904481086224,0
5.937038312534614,152.9844352954646,27706.134550941344,7.462747322958838,404.4765352476409,344.5338641301645,14.130569053582432,69.1834871658944,4.104749014318101,0
7.302940642954247,208.99639215057408,12504.867900673913,5.727733689011934,359.99223871994093,582.1652696037688,17.004664352836038,,5.064932020163379,1
7.629314396675906,214.87520788208872,19447.27275730422,6.3875741890280295,301.6924960372546,573.8958181254063,16.401964051730864,54.05377442075357,3.734139724372633,0
7.706207938113022,275.01427317417017,20885.351527962957,6.399666276124042,282.7005715485872,260.0903404141236,17.081668751747856,,3.7363343130173416,1
5.099266523764444,176.10124830065905,13660.473547819947,5.788938551209487,,440.142750987666,12.727993003543824,49.96408452255666,4.55113009846566,0
8.362028595203343,187.43057364239417,13508.257439948045,7.615392538936957,320.06734346386196,482.4530043784589,15.64936818658084,98.1837624157581,3.7235177833498896,0
5.879682455097225,177.5757272179771,35228.36055287978,7.780617112143062,,461.3363846654252,16.7350303655096,58.605678274867024,4.358745514099967,0
,202.78763843619916,13442.547365292814,8.66763780940177,325.28103758539584,547.2423686622747,9.180621891981875,85.17494552176508,5.793573236318707,1
,208.21409710334763,31471.884390104125,5.764956689906203,284.2283768505465,530.6106166011691,19.915588376911238,83.0402019289363,3.206416923094067,0
5.015418751383079,194.29200497828765,18186.031124738805,6.207583675758507,,447.21498850537455,21.777645052176446,72.27946177110118,5.164702963782924,1
6.605703443128218,230.76242933993703,21789.143076924578,9.576219734051357,,608.1682889929309,17.42605137184278,64.20199964812626,3.5860788299178235,1
,176.25665587984713,26941.37554795228,6.860096534764786,280.4975903189178,500.9477218166062,16.959406515028974,69.53926592270217,5.013389355588386,1
7.999448070711899,227.55756953250278,16764.640438625967,7.167607026217582,349.4887869125572,397.8868403857662,16.24290337161641,75.6691502295175,4.505115767076089,0
6.868518153833373,213.23193131651465,26994.520829347057,6.843336120194874,,381.81219241373185,13.232669972433806,,4.438255574266099,0
9.377668335901578,195.61504256323371,4066.8115349606887,8.910188693580197,338.6855226132813,525.4673202378887,13.93643830281389,41.018666351573124,3.852248745214326,0
8.591266156479838,185.92202749577135,25870.233796396366,8.971457715529747,300.32032877416316,362.56366187756464,17.482536154689747,36.94335667674828,3.7746074499279274,0
6.695018825400371,273.6533682794038,364.99080750675057,8.87886879893038,311.31631205962384,393.2209376433218,11.088383256940807,90.84560922575072,3.4068340875675753,1
,169.85572317625346,20024.55420685453,7.161976825944926,264.98772495686364,406.83424868361215,10.799634186673888,23.717634767909395,3.9748953123672517,1
9.98069022778228,205.53386166298927,29505.71098124317,5.741551155567377,327.512755401796,454.452271462092,12.988813677149757,69.570099488755,3.826549071914063,0
10.020726901174541,171.99298975225176,27471.529834131958,10.161836662859622,345.74197823002646,410.5233309630735,16.46563547715518,62.59335616520665,4.1189942374274295,0
5.238000178766254,253.1398639558818,10626.940099503778,8.472968183589717,,320.6423282815889,11.44241067769514,69.00497856283641,2.869689020800383,0
5.690200333264274,224.37844252157453,11756.043246259856,6.398478809400024,412.52770619213277,518.966379039261,13.55612697917272,47.9325387920086,3.9876631934639257,1
9.307378180100777,174.2928038770834,15974.346206370492,9.369633778172169,365.48345931349706,393.6481080971908,13.94797050662837,72.0809753045328,4.954869328766246,0
5.492578423743544,212.40303978979932,23647.11311288084,6.27373791389063,259.49612910311384,587.5948215039593,10.960831512506292,69.73746623363618,4.706357857053055,1
5.096188300062481,204.24626308084976,4193.945923316722,9.348911377038077,260.3372351011901,450.31920058078714,6.248765874607127,111.12839030593203,3.987941385597204,0
6.35070880395143,179.46800761680836,21898.029239808144,9.455689651227496,,527.3765987521728,10.912508619917947,68.50567675358101,5.968686119735487,0
7.710340064211879,220.26125495130154,24745.235608226565,5.664057220743931,397.5006016771302,476.4689211344634,15.160925507145086,88.24140873061586,3.519664422161887,0
6.926404940083356,208.45777251534113,19531.76392376147,8.039178118773119,369.5277901326469,531.2045017165301,15.904273445315663,,3.902395806601463,0
6.104154569391612,202.90235884435046,26621.064889825266,8.3558613122589,399.57220001788977,471.6271197011546,15.931397846742637,82.92554415233516,2.838598302363287,1
6.068681307413237,194.65856924024547,23976.06086852081,11.251556535346404,333.41858074907293,444.8135067193445,16.311588902982358,70.0656275079009,3.6551644569447648,0
6.0114944033809365,209.79374376318884,17263.692145071687,5.947164234138506,324.4109375535466,513.4587273485213,12.23289682822643,,5.364495020906245,0
5.760735557011586,203.3404051677587,5033.619310524271,9.38341837765025,281.8521110715144,624.8777691673642,11.525989887542282,70.99381040405815,3.68492467786877,1
10.502449315914092,197.89098665680055,23184.032725376117,7.1474067084930155,347.33704092158865,404.41624491160997,15.537691416007826,94.04267837521616,2.7782916693382997,1
7.526266606778332,175.48749068839797,13655.529046933094,5.158644589942701,324.9571051564022,489.5941590180011,13.601224768218096,70.53269234470568,4.650159128969818,0
8.410138581607107,250.20051970439977,16941.93517996425,6.930420271661826,,425.58040619918813,17.29335945440214,,4.273583988922848,1
6.346383797821614,162.38656181284648,26215.919391536263,7.123894322537537,399.3400844831664,466.48472163944274,15.558532762313913,56.421803763802586,4.617903931499747,1
6.801064984220927,209.68435900415184,34444.01377271926,5.446953494877843,327.819830282553,429.37268460612273,18.53660785734853,79.63746540060825,3.738300158970561,1
6.009669027944468,185.75229624635415,21680.212717413582,7.613234317785417,387.5702392059551,253.38056914316775,12.763730195725536,73.64877842316609,3.1844433856101637,0
3.1024374976211972,252.3055126223776,26873.148615630285,8.63333862368776,267.88893889315284,409.98506258094585,17.822863025355893,41.60632667516231,3.8267738235802673,0
5.012986084728201,167.0885588088371,9345.916178089148,7.49635703341798,443.2126015473798,505.96440582468273,21.01443046055645,74.73719754652075,4.402779089379952,0
4.364071980029408,172.47157562366937,24167.241805326452,6.263886338779795,,364.78347013851436,14.477350453305169,48.86605381973164,3.913584986740165,0
3.705324333072589,164.9658219756216,21488.624926571287,6.885414131916994,,499.6757154457234,15.947712033904535,73.4997799201783,4.272605035160089,0
5.286961538552846,206.35088163041954,32794.325882091616,7.112821496266347,368.517189389807,440.6887331512276,11.229256647294992,53.35002457599884,3.551281735482795,0
9.067433519072447,152.06237889380347,17274.179165227804,7.463368171420057,312.60837405460717,410.6807575316633,17.250386535411717,61.83999589827483,4.3015752925661825,1
7.013345748443468,180.68708816775148,19894.83809748601,8.87353260433925,366.5802336924212,498.4652308226694,18.025891959430194,57.57410298381074,3.9676491283909936,0
9.01584564348176,127.12429366866289,31299.802876754613,7.549664810350022,,480.4825234851409,12.668304492580186,91.00639032841322,3.419418345371898,0
,203.6934833320989,21206.863640698924,4.9037393267650575,303.7610754571235,459.64376569584283,16.234326584546967,72.90993355502233,4.079161120970338,0
,179.9931245197996,12289.461086110654,6.231532706257868,304.2466908085424,507.27201622243314,15.225560038187197,86.83003063737875,3.668380126163095,0
5.728654507043137,148.3821841941807,44391.82380675437,7.382313260416686,334.8575797628744,442.2478655670865,15.58959145791031,113.30244352809869,4.451388284945253,0
7.865926431289006,230.73950089516987,12554.741465536848,8.8961166862275,328.26474814490126,294.4267173608781,16.979665144525402,67.15824653926504,4.651062390761177,1
8.173071351111519,154.15465925168195,21446.580284810676,9.170597377627752,390.1183339298309,395.7503301494144,16.01236837969829,90.73224101807982,4.361199477410592,0
6.215029061649461,221.5021980809029,25054.455128344627,9.92400283970818,,281.64780617761073,13.84134017362962,55.0688182173967,2.6947098189981897,0
7.91931055592425,173.56669363239027,24361.005554202875,7.326370748175302,,478.5891860966907,17.049877972919454,86.72902538085592,3.217478812065099,1
,247.25028409265363,20349.947715863884,8.32602849729394,357.8491963070146,497.69598714343743,17.969125095431224,53.3183566716465,3.473470044176585,0
6.255671068304876,219.9856172456367,20393.65155048428,4.821950775643309,,501.3361793706433,12.47115836773401,66.10167486905816,3.3488750454220053,1
5.395847351593508,163.7424681320311,19953.64753265463,7.799212885595143,307.7722500810986,465.1275759383843,14.294062880746301,75.09741804072847,3.546579359503916,1
5.3038075021525914,166.6533583292702,12227.260060153667,5.421082719691839,,503.4340103511439,8.463313742771028,77.6465459269279,4.691693809772651,0
7.209758312882193,215.3768065671779,40871.42251048733,7.021188070707495,378.72998557759047,299.87173293860315,16.225873556853003,,4.514950462060326,1
7.570514803183972,187.60389981727465,20084.679651653685,11.907144654417985,341.19054272088755,417.394646256457,18.336288001672095,52.35424483350374,3.639395962805429,1
5.891211254313128,190.5810397753163,27249.08480705855,7.599615693180879,392.7877989990839,312.8067208953428,13.450925749285439,76.30549127608852,4.431599054793485,0
7.119878011989148,236.71164357670713,19079.09443813232,5.75517511369508,,397.3336309755289,14.74033932085449,60.44299167594779,4.2264968009230754,0
7.935805554207728,172.0419560521614,18902.72259344241,7.764306629413491,,555.3001388746206,13.573354074685,43.76295415644567,3.944370127416992,0
,198.92140070961455,18019.759078387167,6.30302120518882,,513.4589745883754,13.03314246120965,65.25017690098029,4.865615268031926,1
9.407820180183734,226.5480893968738,8421.852439334272,5.602024301211069,,478.98283251795374,15.066165246593767,64.47266160079491,3.454188880209742,0
8.995471248297065,221.8917596283392,20605.352601140854,10.442960462756991,314.6059423328891,411.47038171194856,11.711999621208314,69.26602269720424,4.011152439065469,0
5.578062850865184,190.89239463933848,18444.542871618596,8.80556300150147,395.7828972945803,346.51241724435346,13.523586109736675,74.97370939934626,3.1503291201783865,0
,186.75501181271494,32288.269945550495,7.665947867493277,,440.9622147027543,11.314981937250597,73.94355201715034,3.1877150252665163,0
6.283535243166428,140.3579051993302,11518.939968783801,6.500919201408885,345.9603644673998,514.8540665457846,16.243952733303935,53.9555958689608,2.908603280587746,1
,162.20016023471374,16952.419252843923,6.628952616903925,,458.7897191407387,15.089485796883418,59.74457880685225,3.201031422117638,1
7.1819799390766335,206.18749525039146,14134.677106566698,9.557121349613759,,299.144736865235,12.87691487262975,81.4301768312628,4.034818437701279,0
6.4617759323145485,191.58776995384844,34664.99155548356,7.604392509510017,310.90922736138083,434.36887176926683,14.422359860553906,57.600405153902635,3.7340623401912962,0
4.368454710337601,198.39766651411924,14389.287938624533,2.249167874140875,,272.9337446346922,13.57160665593805,59.99950864972321,3.759500393482866,0
6.822653234675478,229.25611550828995,26945.36963824822,10.945082854740964,366.2919390241922,490.3347066484806,18.074854062889692,42.030840899849906,3.7366527678103445,0
4.740925147041587,158.0056605100072,30522.316121770447,7.40923852401621,312.506232101358,370.5593801546628,12.844659359366686,65.93537638435998,5.35273924754582,0
8.530948853764158,188.4422303285552,20732.50206688687,7.662523029061011,,328.1502880117654,16.395648385925217,71.99338152912098,3.0829994839382393,1
9.355188985708871,202.03875082915897,9939.367521752092,8.83697780522698,380.1739758567141,491.4344530185763,11.972815958482634,34.39700986115954,2.9996072106087253,0
5.884633516054965,173.46688199761547,10050.370658642436,7.855336467152307,349.3711553903591,470.7502269747189,16.986986721253672,49.0619438181916,3.3105703777927213,1
,241.80726764567734,29554.13084826162,8.30011561599256,374.3221546500702,444.59191699313686,17.723108480011906,43.36801068500729,3.9139220289769083,0
,225.0747776516207,10958.59045512525,6.450516921563419,364.1326009819651,601.336635772084,17.878870765561988,79.17130623994663,4.371521623817903,0
6.137272904794815,205.28426646684017,25452.073378995432,5.176923388133109,,476.7999869004765,19.1543557407577,35.419909370163204,4.452498338830665,0
,253.41541693851477,23016.84169312663,7.562767794727651,378.71385345986835,374.40344560581065,15.265068500260785,,4.706817886768435,0
7.0221926072348815,148.03535105247545,25321.451887407708,9.381951150593853,303.31273796313235,467.5363093987953,18.385224115488697,78.0293669101179,3.8855736844870905,1
9.689472062896517,195.75275900461818,26149.798764808434,6.096471957754674,352.2809866564949,403.11381252828454,19.6597938426574,69.4427107157335,3.660869526472693,1
6.356651281945618,207.72278300588997,13825.707220655002,5.969722088184753,310.14296243721463,527.3407057517602,10.597227199181138,59.27266965228899,5.244099342062798,0
,166.7342385025945,13458.617870040718,9.0492104314003,314.38082728264885,448.47817654643427,12.309314132181433,72.01278786576586,1.7983174659817123,0
7.226120119436673,205.62286533816732,28283.91096606053,6.397552575877076,275.08748357477276,456.3938629440359,9.3641876585935,83.19896746806447,4.018952037506435,1
8.27366701461635,160.58936019878792,16494.647765350244,6.471315336141645,,310.61052718437645,17.801775611591744,64.65669190902214,4.305405416705275,1
6.4092635140050795,218.0978341847761,320.0,6.530432048744938,355.3464058299227,430.9081295602362,9.32184351761847,30.129216826469715,5.431473521853993,1
7.005661743672626,229.85071258012502,27703.583962441495,7.017330050035043,330.29311008951663,421.49873165877926,8.4265202764137,84.99327123275965,2.674758385952908,0
6.906751681051598,204.7146688361065,12925.988503636901,4.633651808474779,287.92589546680364,344.0629235831559,10.67860415304597,72.88428741197701,3.6422926420251023,1
5.8259143277313195,136.71046991792173,26110.781649229073,6.26784262218423,270.5562073687991,408.2798810888924,8.56357036526938,65.86416288685265,2.9110640431328543,0
8.07312230187263,165.0626073226869,34229.04761850982,7.483981470240761,419.58568335470324,460.86019548672624,15.198121498423927,34.31797605857702,2.5673444332905087,1
8.055373508367547,214.07072010282116,22161.00675018728,7.47271593915623,346.3315908747015,425.65203205247894,10.721009270226306,,3.8104699597513894,0
7.970332042358351,196.67835659239572,30746.866343689166,8.949629023075747,,313.0320246732773,8.722066390387507,52.21726887308121,4.619813130937678,1
,109.79191623384038,23362.80565830249,10.026239711067792,,404.14265334424454,14.161818043652934,,4.9106562788982595,0
,235.77057228378368,35935.75520779786,9.509723845729757,422.7566291900496,388.5580168768101,14.356469693875255,64.18951922265647,3.5551392100608927,0
6.517582965226297,200.37300820012263,12699.32065620018,8.565150766836817,358.4389567454817,441.48108184249463,8.129715778295875,57.717336454938305,4.489890467614639,0
7.639578477651267,169.78961075199857,21941.954621747383,6.884999346587812,218.73021736983014,432.84260495155377,11.944786127547273,58.78439939715156,3.8157794153010585,0
6.144598966112681,227.83857912213324,27917.62727621367,6.13555086946813,441.7439592074646,393.0709550310522,14.053692118489105,78.38194713885689,4.404127547715564,0
7.115032974171833,174.31871958697923,20344.0888910219,7.148247923363275,257.18089430809454,389.9469245261319,13.122483197549373,70.54026866993345,4.870490693174196,1
6.180375826321703,173.96953223666515,32118.960600643913,8.04521445624118,324.5535102395499,431.37780703876,13.212705350725967,58.37265986551357,3.8185002573075835,1
9.510105463704077,207.46728483244917,18225.013238490454,8.418661721228155,286.5304236986531,503.038140398925,18.19164702982917,56.317424222233406,4.810040018291506,0
7.6255472255144445,252.99323069575343,40162.384999785354,8.104475458955044,302.6599134910982,448.29124181665486,21.383597814667795,59.031291158553636,3.0238387154736097,0
,247.95478969513238,40625.67211246759,6.928542755225837,344.6607970842881,539.8455460232572,13.266114996260054,62.39140347236369,4.482078203235847,1
8.870427857784566,207.5107679649314,24487.771406913416,8.363242338950773,248.088036139257,516.6552783073512,9.937790942486812,75.8616129868887,4.776265152775018,0
3.8240768853068827,210.79634108321022,26860.31235170999,9.112178558031934,,545.7345996967322,13.525875774574411,,4.695563181166034,0
4.058846107702065,221.3279658267144,32464.95849042807,8.510653406826716,380.0410393323958,535.4902121442444,14.941167241284425,90.02671532359074,3.0456833763868927,0
8.273757982829661,155.77652238818084,11602.278811056194,7.069419372841829,,551.0359613392578,14.124180802259518,75.87330625626774,3.809467420437826,0
7.170702672176052,216.61274678886343,10507.759872152777,5.802519065840509,275.9983125423716,333.7485751623013,16.3152806901405,22.04556654784178,4.205696601573951,1
,172.5096490194071,33032.79387453146,5.7650434615667905,327.28849081161457,477.7941022328375,21.599300525647507,67.7826575977424,4.315580903513086,1
,206.19129813749058,24416.878907096205,6.043676154724353,319.1279989078936,523.4656442291117,8.646701171634945,83.25993362268791,4.060383240506957,0
,188.7210359165652,20027.548992757245,7.526178813906389,308.5956655162868,537.9221857485295,12.626637098788446,72.69703571220498,5.084765300026182,0
,212.03866646765485,22111.551366267784,7.941289930617901,284.2778108791778,364.3424949588838,19.38577248529297,59.72007645256578,2.9593961116773295,0
8.316299429693794,199.77931088020674,1088.416287367112,4.885038937648433,354.286567828631,478.590441994515,12.577249651122745,65.41031316975182,3.7826043494931283,0
7.334559817714219,97.66303133371841,20342.7685022121,6.32368772878559,357.40580396911093,432.01624519603354,16.905328568395596,69.28878316037049,2.6535377619696607,0
6.421419134842593,201.72453477456577,15409.780097275428,7.504391035182523,,573.764818640609,16.381972301247274,78.86732972489771,4.454574071959038,0
6.48814072219591,216.5488944735764,30065.48822680427,5.698505742045788,294.9826005712458,315.016670048444,18.38170352748555,43.475463460396064,4.402603169003422,1
3.886203166199974,210.2697071468305,30740.419926427734,7.805568561834176,,364.45683348617075,20.614021155726448,,6.581910625258683,0
7.466460631381741,192.71724972132546,27071.485653319316,6.634263300351826,293.43616201840564,281.1492940030124,15.399139933431728,92.94496567469315,4.77056053354095,1
8.348224662722782,248.549174141773,25482.17234996847,5.976995970762575,340.32514129056835,437.5693029626466,8.538761708114317,66.93374501715117,4.228464810099617,1
4.716571009244078,205.96394013189317,8882.269013723251,7.2040645832692585,393.1899076732586,607.1072215415721,11.988656318328406,91.1520146174249,4.168818159025593,0
6.087874661539776,210.0055456061794,27193.939811572585,7.739802920734979,330.5472700696391,422.4526705173366,21.513974459758927,114.76660721210486,3.7230434897113724,0
,229.4237406096182,27533.81998224008,5.779324315453515,283.2417289349911,434.0826658019403,9.633147229029587,58.42903612970943,4.071780401292319,1
5.631973207786855,207.60297599029116,32934.33957355176,6.736672439893805,349.0762433901917,470.0191016498564,15.939461678328891,47.00404550995714,4.185474190043227,1
7.16022244023285,167.2634318907455,40590.70005501283,7.8589318361452305,325.71615608969574,416.69676119941676,6.002119560574982,62.09840248536508,2.437487716377507,0
3.9533967675172885,117.97320275905209,7170.242892776992,5.915897510359508,326.84356146285614,455.28208153152644,9.840950299764621,84.20368202590946,4.123592600595459,1
,180.73213113542138,18607.058239328268,4.5007441921302345,352.48823778803035,457.37693354622513,17.226893028619713,86.47011312277584,4.048787463332299,1
8.210782604900523,220.35025682819574,15504.321592127457,4.692213323810188,361.33253351391136,358.3554678325179,14.418671037088195,103.20603525954093,5.338130355846399,1
6.703346117944632,184.7009173946302,23526.8880421371,6.459479634789988,334.4555887844055,418.47626307602656,13.057741976218681,65.80375058707637,3.867296027354062,0
,221.63770791301533,22131.5342965722,5.036899123437881,,485.35463411921967,11.612625119628788,74.30651555195031,3.372874624012971,0
5.5853720609964155,200.75930162944874,19961.100219087122,6.5705994056215316,417.605201109409,500.2860893250476,7.711409619204196,54.86933165453634,4.179455024022373,1
8.929352901154045,237.2181142483899,31026.09024948829,9.750609704852833,382.2227139551992,529.8801324955421,16.588239424547904,25.78684382008261,4.0279914960674175,0
2.9130085789071414,186.55306537213883,12354.597367944527,4.941814547451884,,452.8348853426235,13.365613680130016,65.75762629809553,3.8681315139637844,0
6.558714881709721,210.96367445016602,12883.364730966845,6.673484334665233,338.37944378108807,454.4628568995553,9.277844924104944,47.70918108941673,2.9723887275786454,1
5.309998832299112,212.1883220651315,13031.54437247017,10.489041195748788,291.7645273283061,486.01478921717,14.399624160383937,76.82238669280666,3.8483047909287103,0
8.286855452377255,244.05125992419818,18853.927058274094,7.764845531101622,,378.41838291429536,16.218118450853424,35.921428207265585,3.518230339657469,0
6.067329071784808,141.3876061973031,11239.26380645311,6.538997205788553,,375.137675840867,13.63777682258627,54.422807170375904,3.8011444308483817,0
7.685931031103418,181.33093521429896,21588.0280432304,6.872125437459603,309.3360704332515,416.0161713876481,14.682775854930991,70.73640309897543,4.541079514089057,0
7.92819062875364,223.15251537243213,20562.650993087296,7.798392763261379,323.0312414029045,323.9985840356717,14.425818491108558,72.4322671120926,3.4438788153882305,1
9.834338759595031,245.46868735291673,15116.262450228067,9.799319650391356,293.38651478423594,458.5520617359927,11.967577131527019,65.6314841908877,3.797438663260357,1
6.775587084486944,203.68228840454657,29676.930048072838,6.281251300185957,,509.9265628934611,14.479056723889446,96.65099172048397,4.392139874214362,1
7.644066554433917,186.63346673851242,21492.180366925317,5.922975753036513,,369.1965084129317,16.72621587336901,91.82531090010768,3.759866218384501,1
4.852416781308846,220.22778779758224,31333.417382558917,4.941482202207241,340.4469309226624,460.81193519082166,17.71432412197442,,6.005165070015602,1
8.865620344940616,223.79848560741385,20303.412804937132,7.28289173136549,331.24579148136394,375.6695159246405,16.909406817344834,92.47243661813906,4.164115870712183,0
5.939236727892953,184.49082628264617,21801.81083021102,4.899013955687698,305.0925760327564,344.6739598404059,12.072176496921488,94.94766347040094,3.0013203148248473,1
6.238868753868382,206.56983398968148,17078.398310941397,6.387223452781565,245.66702160590066,590.4448835007734,16.399501420180286,,3.3153438604003838,1
7.046628307726184,233.776872397183,21952.2018395038,5.684280163045643,,345.8213491186206,15.8360392102106,67.13553059020497,3.2368508649018795,0
4.735673481990226,256.49468778478246,28260.26855477805,8.817115146169888,302.5515410797091,323.6544545529724,11.957960984930857,65.5783108393491,3.326479496647756,1
7.4231550433934075,219.76335869552935,18406.598782989488,6.316733707960447,296.388378337432,443.177231764425,12.767767966119859,55.95100991185071,4.388842932211146,1
,197.412444693299,26560.472911429006,7.747149918248874,344.8637856092587,447.4817182768613,16.542987238736885,57.56018359065058,3.1069226240854046,0
7.519400735245937,194.26959436678695,14886.20915162885,4.585534637332071,366.27124342090616,479.37857129519523,18.84379690426126,87.77302567282484,3.711659510058522,0
4.696653653731913,213.83668983019592,28670.873459629776,7.327780988035496,327.73399202505755,586.0982442807925,8.321482736664356,73.48549351903564,4.861342588443333,0
,192.2984690406576,16928.225894474395,5.219006716740017,,363.82961478442957,19.712202086618674,57.422129337597745,3.5645777194492387,0
8.193043354469236,202.06849596871643,29483.23248821877,6.447475370110823,300.90119349694817,379.72505296208794,18.141726930496965,51.39886362784169,4.493759518991514,1
4.263016851051138,162.147959535012,22548.764277143244,10.613700067324835,327.4429778033206,554.7044397845485,14.957091050547909,,2.657283202027942,0
5.467850979273429,237.5058302877171,35352.76424183963,8.592835516040596,330.90952564961856,501.12990124046274,13.505635142918607,63.74554540303436,3.6809202577832862,1
8.39481540612228,159.51408873124228,11892.826040750588,6.917108119126535,,490.00650702093856,15.588430382423173,81.1933521743776,3.27896259779618,0
7.485143151295929,182.1724236655036,9067.929698054915,12.17432821745745,337.3413703653693,378.8105043594145,12.186134309825398,52.46668505533559,4.203821346141993,1
7.697957373190131,199.12298434725804,16609.774752794277,5.674023989210158,,516.0710576329801,13.71360643417599,81.0075816038127,3.162873060387216,1
,259.7115801564364,9870.961985739073,8.961041883679071,265.15143228467525,490.25462561448285,9.432411060251368,,5.584332366570346,1
7.782829167759304,182.4741444847255,9887.414975864005,4.698374358181559,296.1038249223591,441.16298144954925,8.552974241674411,68.714039469018,2.6912797826138233,1
8.06683201564977,174.6874939532673,27465.000169233113,6.734602042916243,377.9340432216009,379.20577518132063,21.996611894529416,83.01789759996392,4.855909292225419,1
11.14611829082749,178.3738586453186,21977.351981770986,4.990492194714714,247.91096719251547,434.53564435107563,14.50814822074735,80.06241123062459,4.6550561267713135,1
,249.084709363562,17807.19783430365,7.526495945843582,,557.8789510786618,14.972173769307812,43.646810140340754,4.211691702093403,1
5.883175854572258,106.00489620780732,18620.33802163136,7.208433000654436,353.4862440471235,338.4825797917056,14.198581782734117,48.838978937903335,4.012457937739353,0
7.721694597370699,163.91238361124522,16776.225683858003,6.633889617289941,302.351625537086,362.0160745549224,11.56834573571306,62.681832721458605,5.416867763112129,0
7.738486544083342,283.40123869310565,36487.73760177301,8.845450099699566,,375.7758051943468,13.28669503778122,72.16675973310521,5.8973518337407524,0
6.289926912080688,214.90822635173237,15563.61494397057,6.223983622655592,410.7341672937806,393.1343075192204,14.600922690095558,88.50612561461789,3.80833198314723,1
5.531404470667729,160.60848162114496,10418.885713809465,7.636425761535572,390.86763806565625,424.74106507831783,13.651093684078516,67.45409391897095,4.093060111551633,0
10.544766633135117,194.6586245704073,28995.363915355094,8.416476805628715,328.1029283667166,502.6856822561525,11.81773099860822,93.99988003934241,3.539127830152699,1
7.570265205582034,198.15854611417157,20121.823183239612,4.77651048994403,338.5182609075475,462.913129153397,15.882313017639348,,3.057955829618742,0
5.981571927896887,223.0760078689794,39894.04525093285,5.937505340154473,,430.8672840402743,14.921603483164875,57.69122580067311,4.331227948326369,0
8.453895453419397,254.86406409032202,17399.176547775434,7.205100328359018,338.52614309087033,448.1594780064276,15.596595646754189,61.44794342666324,4.164705474328594,0
6.916282272657998,208.4336538009349,29433.281256467068,8.115642402696743,305.3699487686589,475.91927682905435,16.62664787966546,53.16091408474506,2.7140273966196657,0
,178.72677430358524,31504.870589355905,9.365555670156024,329.7797360088586,291.46352430163245,13.737271089415717,85.18235260755827,4.325681548447937,0
7.92340930787174,221.18670214714254,17441.884751588426,6.7789099180098855,407.2235045703544,511.72673534036807,13.742669797071123,21.52873923084944,4.190849085383681,1
5.142176597652465,173.65591370038845,15498.584865437755,6.6199757526131835,,359.8869645690878,19.19209345543178,58.24218331158528,3.5010291437175582,1
7.608940805875759,162.93320012835107,28515.784476264034,5.741298272262411,,390.51917030580097,11.184749810599905,85.00095793921565,3.450112324514513,1
9.949432211597628,139.68291609739376,27055.802120105174,7.641374865639713,276.9787460326161,453.2348257362869,8.11701523085959,61.340440606679024,4.300548218579961,0
7.7792664932959665,145.91589137598717,9642.949416765174,6.650554233557015,338.21182805194366,419.9675337596866,16.133277716789685,83.78076081906252,5.224927691040904,1
,167.3137550040233,12117.619469607598,6.687029024735365,,464.95443528746716,12.223144686914912,102.00248314893756,4.280748591131214,1
6.319342079357638,158.31072743357214,320.0,6.971656160696157,343.110728821284,437.34623347651245,10.74474184093162,,4.578777715977154,0
6.464490039982336,206.02356887599095,27235.542709394096,7.991572338102736,266.6003731817296,402.85341703507027,17.221285456404985,85.33673515771483,3.3208868129609104,1
,157.61914157363088,19717.775516199512,6.229305725976768,361.30025551761116,548.3006535501025,13.822264333594779,105.59002788379856,3.6468675361305833,1
6.513290200862592,95.4026783352082,20591.940808046777,5.89999021952393,289.5332402564868,482.6452425608108,10.13023860981492,72.9138694568096,4.4442530828511195,0
8.45446716161185,162.5948232131371,7180.035263154747,7.802124214091883,334.8981876303709,450.16938601084956,20.68532219273153,65.6213763643095,2.9104909899737295,1
4.480186345186525,180.9004912729146,12383.642363406609,2.3393546550255158,319.1295680849612,481.4015872687493,8.984735327488583,81.01993814228601,4.131617324676737,1
8.3730000756182,176.62561638809711,17822.300336782446,6.166188485614537,403.45394745343367,369.57364058340033,14.013961305290872,85.58431140463101,4.354869965894016,1
,244.6247897378939,16117.70448670361,5.300930990936365,,599.9817393453347,8.065386643004274,,3.9399434020299715,1
7.645421678543059,176.3666381027472,23047.422382289627,9.021147992366526,412.76434987269835,338.98902391334894,15.19317217171235,58.5617327313157,4.219110185301849,0
5.389518134698704,224.18955082237434,27131.015470561008,6.423326235182223,355.9904384025592,435.0534926634721,12.18434128930561,94.22180415640057,4.015099481271343,0
9.072946600274154,195.39255681021243,41918.50223263118,6.234068537877775,391.44164281481164,403.08589771058075,17.00360689058692,62.01604578490166,3.4847139498722925,1
8.94845244025781,194.64624877847683,21838.450646628786,7.043176473299828,324.43927353666027,400.04684996583615,14.242624925187862,85.73840608181258,3.0510767223284896,1
8.51938578862511,169.26783075686282,31796.081355360213,6.179311563025436,347.16562502910324,389.65945949481926,18.75700567072254,70.65844982588598,3.899555587547628,1
4.807867836309692,194.11895514941546,14735.138745887376,6.483815910117415,,364.26319992011986,12.88194407256705,95.9968355540677,4.98751468264701,1
8.323681606599079,171.51692393928266,7324.72081766613,7.273434448468598,370.10335789194596,521.0673763846496,9.005003624718473,52.645456052981956,4.769016970123158,0
7.687282631453563,201.44077805614626,18924.314558352205,6.4531761134800965,,329.62377643336924,15.083802974988657,52.61411748707181,3.7006408095078385,0
4.672093129301149,188.44001175604197,8001.980534242901,6.441836425410182,319.55467185570313,504.6851118947056,13.466560314484655,80.24267970964605,3.6844385378683637,0
7.043553924343777,165.7719061378688,22142.683676073037,5.523950875536132,326.49016375392443,477.88301877767856,8.296442391454399,48.08850323344769,3.627024336239156,1
7.626801733549894,227.74061887041904,15169.417328059008,5.29702168997756,,395.5287094656523,10.817245088917158,68.28938109233135,3.6271245820324673,0
7.914112910734726,209.65889536068562,4875.039938162285,7.215806298192644,388.18236119801776,468.60858270350826,11.867462929927587,91.48422957394999,4.194444550019709,0
7.345892050423283,181.66199250744805,37238.94052919376,7.6044288054616,308.6926280995334,413.36807858427403,19.43276518832242,37.48571934927567,4.794835488385795,1
,200.65577750512992,17299.583776065818,4.86351250282136,,337.91949291925187,16.63457113858093,72.91465631345886,5.734991203272887,1
9.290417088379643,193.31767931193716,7652.078713179384,8.320707436301738,295.93051468092114,338.7653076263275,13.152473962783976,86.03027530705319,3.322718933994918,0
8.91905086486602,168.23709000757523,29890.96660274893,8.3271952709231,367.0177252449364,478.43532131757524,15.853870108578388,65.98029582613358,4.477920670593004,0
2.7794175693258847,198.25587932867725,15624.052040530469,8.660008838480225,,474.2856258948018,7.569782396461851,51.381096148073816,4.393020834344722,0
6.603842167743477,176.12762384616403,31574.756115467106,7.593824753890145,366.52173964689166,445.36091314553755,12.435809833211596,62.14575026887705,3.7127977928079057,1
6.833023458684073,165.76211726015683,15582.131684873508,8.126589718456614,355.37330406796156,394.67867685275945,15.623284750727597,52.81597945912028,3.1697127857387692,1
4.451852140909543,144.0714454314712,17270.32725639527,10.57234083443375,310.651234381003,410.7654773095183,14.845741811105045,67.52036324526637,4.184791015538852,0
7.221274587348469,184.52456468676382,25038.1740921137,6.6435958706138765,,399.9557474268779,12.520124718518094,61.91736992229346,5.623506233762548,0
8.95313665861576,214.14306110667914,27216.533968775046,5.467807428594501,,286.2444691858506,14.1735831639677,58.085179536091616,4.179856741524531,0
5.450148210614115,173.77090069187648,28753.60237647705,4.696185384510091,401.040836590101,430.90026002050234,15.41575806554966,73.95158779837939,3.3559593464484383,0
7.584601408034809,276.662678149055,21226.970213343786,9.89396480976706,346.0743204340653,467.79638889676005,14.269123021443992,91.98167307836647,3.8473322792531244,1
5.706264784055343,224.34194091688744,26649.968648033697,9.914683868743879,,431.40870390225643,17.141313057847462,71.71069823728095,3.080664258855399,0
6.0721319644804845,237.7385642451353,28553.162882718396,5.659132407743916,,567.5319337615362,15.35171696262922,88.16738224118896,3.9844380229967467,0
9.296090451255052,221.44777638636026,23772.991345231272,5.9708331159678805,372.8607126730195,345.6350284136016,15.987093552417942,91.97696334404334,4.50305826158009,1
,255.29167919803433,20762.888346672124,6.608094160700748,315.44332098006544,373.1117026485024,19.954730801159275,56.89642710244537,3.4297719340244845,0
7.7733187335159375,170.81593652887864,9338.76330401299,9.054325857990655,293.44645682510276,436.6415196546936,17.030770898784716,70.85270776465734,1.5,0
,114.05640365892411,27268.7573549605,5.0860625264011095,268.6682635026262,445.50134481539453,20.04516287305721,59.51584816479232,4.185967236754549,0
9.87347634209232,181.72398053270774,22383.86334146789,4.012741150675577,432.03329263422603,273.9033099978982,12.082682591473407,42.38894577294724,3.578789002971477,1
7.9839786694597485,213.8629944175212,18386.588974884296,10.544672872968215,,474.2158399900482,9.04503421960969,72.16332607324546,3.3844775288681186,0
6.806250236024607,200.8485430959353,33220.01100869886,7.6135497933337195,281.19286895796205,445.8653471644479,13.837073390654007,49.35517618761489,3.37774474937557,0
7.943319764999842,204.81512355096908,9491.89903935022,7.837973023351326,343.9846840983561,256.4485644933527,13.55553200646464,74.24571306470182,4.28219650204354,0
4.965270856578284,238.26912008543593,36432.19848575005,6.795932511784011,265.8463678627943,416.66325848920627,19.116066702884876,41.194775053112245,3.6518333883853717,1
8.853796112628986,208.22584238279998,21818.663346375735,7.855940179474477,,361.3166782449066,10.570853372232431,69.1700865915372,4.695747593287919,1
6.594022836755355,221.56521368291268,24798.63442547042,4.727554704321243,373.7937369605792,389.7341388548968,14.039699430482193,40.95412533077855,4.712912300344206,1
6.773895727427348,165.9339922607117,18549.463115569524,5.791345504360837,352.03263438759456,318.95193722577096,15.637091907941526,77.31660921522521,3.758907036198027,1
,160.94740194508682,7393.7705571703955,7.286149457545717,317.15883165068533,459.29509429388577,14.630338263148383,60.027242807850484,3.5637245394923793,1
6.209022895881623,247.6516455367836,20789.621190455113,3.531992389217618,,566.942110445618,13.733952164112303,,4.069612634188517,1
8.122005917442612,199.22884912470616,24949.71283344979,6.642022170173518,314.85870826179985,447.20188593362263,15.48327589558094,84.6493785901355,3.8565933181942884,1
,176.05666612972368,27944.49716495075,6.5446202948716365,330.45808981586936,253.2492718589083,17.86102218200952,61.19056327493966,2.6030393207293505,1
8.05762221210456,176.11537620649221,20277.248849690834,6.641749433518429,301.76573331505426,448.8476829866239,19.367960055034786,68.19581215358471,5.463000926606087,1
7.066807965771643,175.22806010757574,2785.4255926372534,6.24929074364285,309.21018789937546,410.4288966240772,14.40826378460508,63.182417447103504,4.527181882980272,0
7.849799716615772,173.31331132653307,8493.630008010374,5.546490757118295,307.9621963606372,337.9189972196717,11.607709013137939,74.61975719335892,3.6084816676082223,1
6.451726884112443,154.9392703166829,40010.21210040409,4.241189676571947,303.239705073914,454.2899065112822,19.363962510508102,83.29570774065405,2.475221094739349,0
10.424597762114322,147.98654712894373,12432.459422318547,7.348700334524511,375.80035085307577,496.38117825018844,10.743809625772883,79.93729440163906,3.8292631475862997,1
,189.7598599150586,34529.22374875785,6.645804100861936,364.57481307253516,372.520521448549,20.20891018227994,,3.5113780803724204,1
8.971405985344477,177.0263721497472,13822.059312847687,4.947055156421489,294.7731059959711,294.50137513504876,18.73564670423181,85.98656089141431,3.9227529016000573,0
9.131861176081456,231.42909713418544,20413.8616716866,7.218802792277358,,265.06622083657044,19.21501601171527,51.555107917452496,2.2821810222618484,1
5.801761791051609,205.37845290454132,27497.076436691157,6.653978691785125,,372.74519251317423,16.561789824711184,54.37179300327631,3.6016476193280993,1
,204.49016576249545,14820.894703485737,6.391582156373858,421.3667915298714,413.5597224592152,7.328782867545211,64.329628079844,3.6491689160960172,1
8.573235424417977,172.22014695825757,35977.7267406069,3.7121060788442284,290.86408664844157,384.71955490900166,10.870901257450704,83.3581673257824,3.820025284787209,1
8.536708510234368,192.12709069504078,22678.137700259966,8.198772669446472,326.38980002213435,371.33743258700946,15.312731128287094,47.4435470050136,3.7857580087616616,0
7.122033280538815,207.5520353162061,26055.661922048104,5.1717793566275745,336.6375369624241,471.4319621702524,12.070364904781922,80.8420431350462,4.010755649640733,1
6.754160762671986,218.9182636708056,19667.086539672266,7.219967002649162,328.54567086414886,463.02608369167393,13.259576401484974,65.51309706394878,5.156518355213665,1
6.765886759440588,192.9954615514123,27790.976917139888,5.842935859376345,314.21339515700095,441.96747222081535,16.322266996725553,59.37351691790464,3.5682889339473163,1
7.665795894479276,230.53196093837468,35860.012328483295,6.5058121022741835,380.35827886014073,491.3190227475285,13.739084859405498,84.18446313483642,3.259296794425358,1
9.181779412550844,196.25565788505418,20862.62232704441,8.94062213696486,351.6328035406816,373.4954117763745,10.27723200572968,53.39673257525528,2.6226821933675506,0
7.351971326792129,221.37110779256577,37183.5811748708,7.959956757269331,367.6780182735481,338.4352611953145,17.222673753357263,103.42795369074884,3.571333297409717,1
5.712834565294065,180.3247293251472,16650.304760515137,8.905463115137364,357.1645779363196,384.2133060618103,15.999179158007298,63.53840302561502,2.877024279306375,1
8.31664059357747,137.99717226980346,28715.122265114496,7.642009081502086,369.6518811940455,378.69577826545833,13.47831338816744,68.82743560854288,4.718875109794497,1
8.46172611959219,204.58748761659274,26303.532728851547,7.745906863258433,,261.8968435162379,16.64717840754542,91.39506126047317,3.895037452104872,0
8.06198929267168,219.210370020692,12642.535222575621,4.305800379642639,,382.35450883624236,14.613655308222041,69.25006079300108,4.7027826883050885,0
,214.41111461784223,23889.1111096694,6.618310509690844,428.31696234343246,514.388044414578,18.69349193497031,85.65967583036151,5.113243704031074,0
6.673607804763288,209.50997316599808,22078.59927494777,6.764643887679199,382.9109925376949,490.068274449429,14.79898602233978,34.75883282700259,3.2952548635001557,1
,184.8452170894404,14531.504614052068,9.053390416156121,305.5526821623722,468.0147085564864,18.668961299716244,59.229927949230394,3.699059387085488,0
5.7777098540388305,170.18411995374106,25153.681347882488,6.320157661907054,,436.5294434589583,8.1169458214618,72.827087210446,5.008715705198972,1
,213.65530460940099,23296.9593193717,7.538478024308674,362.1278423383684,541.9118820913625,15.815422776599036,83.91899262149923,4.117589711914139,0
7.435422917318925,209.6463173183448,21377.41247211571,7.4766966020739085,411.73209111451973,341.1865684105631,12.987056070953232,78.86908424382673,4.376777750858357,1
6.95482682516011,178.05122909299757,21412.575596355335,8.949126753243549,,348.81383024297065,11.465131738466438,77.35172014851284,4.7757225057464066,1
6.420018443205437,231.5015740541458,21224.61002923986,6.908684349956309,355.8759943371104,515.9436218950826,18.123051912036914,83.58913704614335,4.669281429857949,0
2.6465717634823953,167.74830353447678,18789.27432166971,8.427903378935172,305.0761158645547,428.2083917470967,17.233988525191855,74.09531838520839,4.29008045156701,1
5.209023795458746,177.3272518786867,23240.34501328139,4.426313088062711,,372.30573543646574,7.678626925994845,31.680418766004003,5.059161958438835,1
8.761260977104751,248.36560679493329,16366.872357569646,4.569849295948572,324.1953867514115,470.15397014051763,16.661135596544337,89.76369269072173,3.9167616393012694,0
6.083060999905303,223.7946220074852,45314.219240191895,3.512315935493248,352.65822097182644,390.9226430649612,16.260688553139584,52.82982701549368,4.3751432306411235,0
7.620887516485262,184.54370221148727,9654.147437269181,8.361856260710667,,358.99796036218123,11.913864028029726,71.48072511929948,3.8321283666055725,0
4.993971855037116,205.19618270859362,16885.864602653794,8.184393761706202,365.5222857437918,356.7718549706328,11.543496975021556,69.33227713090862,4.766030301877798,1
9.238058223538847,200.95335182476282,17578.64174286023,8.536987566760866,341.4484401226301,451.7239488820813,9.051101758825254,67.16670742893157,3.4234035824218427,0
6.863958509917985,108.1403563207239,39909.12724362619,6.0497682995842155,339.23990815264807,442.465239730453,13.186144739118017,48.48214091296241,2.6573720562979313,0
,166.99283361685178,10436.419119697332,6.229594701095228,,547.339741332476,13.714291123588332,34.99316912587635,4.480841334187717,0
10.568669687822528,194.37290825250298,25749.338553338184,6.928744724593549,317.31818067101926,402.79286027187976,16.93008937518309,,3.174291944626044,1
9.354660150884106,184.5884327501022,24192.415950458155,9.401044898657297,347.0328824156513,401.428044096167,15.188955202851842,79.7850626833583,3.0969907244332258,1
6.620151568069414,203.90728207457346,24939.692211995785,9.796248441642842,337.11109866060946,541.1706824421533,10.802303219495704,42.96472582646038,4.956645348894716,0
6.190169722694462,232.14343401433342,32856.72953609795,8.374217413949353,341.11960556987003,504.85174346220725,15.08828527231799,,4.723698049929117,0
6.591682482720702,185.71085489107432,32676.823484981964,7.643011165189532,,437.59186430101914,13.461650115967087,73.17235579155299,3.702849429940669,0
7.844847372714804,162.15504652406833,18059.10863141857,9.229904662366199,335.6160907889637,301.1189821934952,11.215073494907331,49.75572026714329,1.594538760720987,0
6.922163798623694,206.39525307235346,23715.5330320623,6.715768917703698,309.7415282209812,361.0516174173414,9.054626095551155,57.602619326089325,4.385927308608077,1
6.4871337824947926,185.5480533258303,5665.825178025698,6.502312381837974,409.70701461333607,341.6724162089811,16.361851005584175,67.72550856033551,4.4867538005995495,1
,191.00596797369911,22883.045684737317,6.916145049430178,,428.91614215194954,15.773110593282244,70.97881237390857,4.373112841193636,0
,186.6632409871015,15050.71271791407,5.5736312963170676,267.1876959644287,385.3327108366765,16.137337793326996,49.43493963950873,4.337265722899826,1
10.529383639555979,267.73880960035154,20379.42612432627,6.843485204292852,302.6254080364171,554.232391427384,11.896793369477182,68.68327524861508,3.828516445726141,0
,124.29746364806576,7233.288745557586,5.354495290821374,281.8899127442429,300.2850228980793,14.864563544935823,72.86144699639198,3.6498340678612804,0
9.757977591337092,183.57331509975532,25564.72995452629,8.739512353861334,259.2014158811075,333.092822646983,9.761298314678083,45.77415151068075,3.1071937417018702,0
7.61597913406594,195.88195117925144,7135.092539801919,7.979026077832168,,445.57030279038815,11.044276720888796,69.88045621210442,3.4260305929642993,0
8.524440859874172,171.00344024695107,23314.456001562212,9.378708588125564,330.1211454237893,467.7148839811336,14.411316259169505,54.791351678136365,4.220758034754634,0
5.993083422723414,224.79442662810504,11257.545949192241,4.545733171395581,381.4016445202852,219.02910152833266,15.165765000063189,68.40742592711443,4.23358302169811,1
5.799361166118882,222.02424571902847,14562.648121858292,10.124681176136875,358.80546609454467,287.1671872667805,8.924900943400106,78.11387984871574,4.586063148287847,1
7.769558932522481,194.4718522083667,32141.000539321074,4.635488846206364,,404.91170454875083,10.810102442801295,63.54460386599917,2.872983620811306,0
8.562829863697972,187.3384398290018,27170.040385662465,5.226673241368535,296.3783897868935,534.4834905187975,13.094203640925322,81.1973297388607,2.6758039971365424,0
7.140384753000695,192.4173813045873,32092.51151737066,6.139101955956318,369.2822637405287,577.0208708173576,17.463111818603966,79.21118654469369,3.673830012316467,1
,192.64682708327007,35692.80695203631,9.186198693312386,390.04054629234815,392.8402007869579,11.616760915541477,,3.174440836552635,0
5.039612450566009,193.49206309997558,15236.204538384263,7.476406125621146,349.1774065533926,412.34824180636673,14.763898433223758,72.93038102559159,4.115070216060532,0
,189.9840287514624,35159.981479606446,6.734749784175917,350.32321898821493,359.05073941722856,15.109795714092467,84.23242362511837,2.9482962383188784,0
4.4285668305909285,204.07837806695656,9161.515395311033,5.867648653260646,281.1476157123009,476.6565119908898,13.47601697511254,72.63854391718998,4.89058107122025,1
7.244228039170632,220.1027860744917,28557.299933958802,4.946022461956094,,548.2823667595145,15.184466125926136,39.39038206523867,3.3287929204171203,0
8.767565882562039,156.63167527684556,17687.42824295825,8.909551171434957,406.01405249921817,526.481658990404,9.861774544939635,,5.2122859082136035,0
,162.37875522453925,13855.267749053195,8.381850032456851,,423.6799509875667,12.135902244745566,62.977635521064535,4.378955443399253,0
3.6893778639932213,140.04742305652724,27402.900736259962,9.256871595805913,308.63135158693314,358.91746358918203,19.033387529647353,64.98698659999722,3.1469190009915486,1
6.793859309498177,223.7247168114432,30301.224875734,7.746972640630176,326.35821090449843,426.6557603447857,19.26572417659211,72.19536789978302,5.603901111975981,0
6.835801505051089,204.0103453820948,30040.903750890197,2.9454781154822545,315.7627506844839,536.4629363546862,17.08163845941378,53.32737962240756,4.177052805401661,0
10.22399812533816,212.16856050984865,23898.321225607328,5.153558966363306,318.2215642204279,393.9586321322705,17.931294226847037,98.94108101370061,4.099573136811631,0
4.894293130620666,150.25605637236902,23171.265532657428,7.8544966632378,359.56730561145645,280.76567765217976,8.274494175068785,64.7401753864513,3.919134599148992,1
6.493983596101207,253.11833993216442,26634.619956588147,6.535847100127088,344.458028578484,397.19925973460255,11.169303578531219,66.27545770386304,4.333911591110819,0
9.638779020816846,176.51677093934856,24678.010942285764,6.23702969225356,,403.67793972093284,13.27336482006223,55.53386446442314,4.3798280769486535,0
7.754967512019822,201.38258582756018,26761.690713169046,5.376901711474545,348.2070043359071,280.2961470984402,22.271618357166332,50.145296485085055,3.295320317545222,0
7.924969610274637,223.3403091417079,23803.075273940965,8.617191516514973,297.5723930668945,444.5629865598655,13.266822884128736,64.353888636785,3.8034298685863783,0
7.251876655535817,164.4166478145257,29405.214140920812,7.8407843671146065,312.47162702217497,466.4803730604318,16.758184188756474,66.84632173186971,4.0602467470453725,1
7.574915307985897,178.51762052759466,7743.387536552747,7.911882132194834,309.9235160156979,574.7914091854648,15.548627693240995,64.99215363677537,4.424537562430091,0
8.246414295417804,201.73349678722798,20862.731623492393,6.11890844691961,,319.409843452551,15.475207420412989,93.21352627720675,4.4377576361099,0
5.865770521660851,287.4391384148706,9877.66624897421,7.398534659061699,406.58326134799813,484.44171450310114,14.222348942327205,64.35378850767914,4.098342599455692,1
8.3970878683623,205.63599177126477,24440.67669439484,5.0063314166095605,413.1508832575528,503.34689209407014,10.339891660253796,65.00794575410922,3.5407480946144547,0
5.020495474671691,247.40355682018298,36413.72764223693,6.914871790263014,367.30064921831,467.5696744748248,5.386159085497802,79.60778675133614,3.500758309820735,0
7.572551959247307,234.58154064614257,17856.276462325088,3.1258712658228878,337.86931567017837,345.45586937247003,18.530080190717896,63.62873357134695,3.0406390456538217,1
7.348111444929491,207.7763211678246,23130.000305706577,4.642376500167403,277.1722590003198,340.80586554059903,12.265557305350123,75.13729291344006,4.432228908216739,0
6.155560367711838,164.34573530781827,28648.388489862773,6.610747286081822,342.02034053493344,433.7757401827052,8.138526456595512,45.67947523883755,3.489537866591101,0
7.04597208701153,229.91211554618351,3880.069888407579,10.872686671114392,300.60970084608084,433.21421278770333,15.745271369309666,45.807458758191004,3.8204314919235385,0
6.14618977100167,148.0604690672625,17435.091071595474,4.274825943988715,399.8513977592027,381.2452940297035,15.68200504992782,68.37734874418051,4.155440247442438,1
5.472448009707383,247.22800395766694,25210.802331822895,5.155142663787017,267.14966671858997,529.3309610826605,16.83404462788851,62.64779511373603,3.9730686512175994,0
6.549577887579534,202.40016986298417,320.0,7.4625041787746405,,393.9398734006352,17.98186181593463,53.29379853867856,3.9656231729515588,0
5.424017046942508,111.19284648645836,13447.389515732502,9.915688191503072,297.15618551633486,274.50394047047706,11.267344981377262,68.37399809120473,3.2641297029364282,0
7.564196196139872,185.10380495898116,31668.524426553908,7.439432545241156,332.60987739517765,408.075478839613,11.412560367994471,69.78742152563466,4.179712795541933,1
,216.9263302695341,30810.28281695286,8.229384126640568,,464.42186785965646,13.248279214288342,54.89967058982145,3.725993647206234,1
,188.41523606272747,25296.770854035778,6.586586073931166,374.900716240066,453.3568921648837,17.011412607382034,57.995507644650964,3.9026076509836622,0
5.30778139810677,218.88018595179435,29750.87330230167,6.313217889475785,330.51170176180517,452.7378069711957,7.361291320419127,69.90918810097484,4.873215423031476,1
6.2305576266284906,168.79922663320656,23900.46413587624,7.249851276267055,,545.5191211485342,14.723080909101148,49.858529088622014,4.3641481912678515,0
6.143094887677232,154.20856407079657,26884.813338269098,6.079902762810756,305.8387259569038,336.81675426383003,17.37600202078621,56.614667547444775,3.524771627753917,0
9.067720093312259,193.71374710247662,19245.716973467817,8.264345555174037,343.06707377570206,392.10333213194605,17.23982627515986,75.0497492770504,3.853847138039954,0
7.575434918424888,197.01010135327726,23029.677229226752,4.582090399665978,374.09050399195246,549.6043230408322,16.6382532299632,66.01385631412398,5.217560785520535,0
6.762399296183409,184.8517007660057,16468.11171113324,8.526179511455597,346.6160786037395,268.61200904285727,17.807901716810285,58.66931392791476,3.730241687469947,1
,235.27331669255017,33094.74892847889,7.182114559438348,311.29690844869447,421.70444422377847,5.234297068498197,51.77027703249071,4.0011073696778015,1
3.919211479005468,168.79336399555015,35358.07602133431,6.7807410276106355,321.55926292989926,524.3136892189627,19.624446675588505,49.98597610128716,4.488033543552819,0
,206.02129943463518,34115.83526211333,4.524084394905454,374.6418985644655,523.1213000747248,15.390336346792138,64.26556120017842,4.137849360564672,1
10.076271266707144,198.175039077236,18434.88616008515,5.5719338982433655,288.23437070594554,478.80930982770826,18.704349196537414,99.21816287643126,3.6792018674553324,0
7.278519759604009,146.18508953164533,13649.401674768184,9.013869327550422,,480.83514414093554,10.423706226185864,75.56574360700793,3.3901319614386627,1
7.181869753754003,153.7910341226076,33213.05900477893,6.7904135831072825,357.66513915228114,342.71815015558917,8.512371412857457,,3.962122825448091,0
,196.3811525199562,26784.06616672669,7.559869576079057,314.9951126237863,535.8541667143348,20.19504636051861,77.8569019118631,4.4832550886038245,0
8.42340786497152,259.39839995798286,24895.684675162345,5.730339418961753,273.4246139496627,329.9950630971365,11.242477945755601,54.106036952058716,5.000302161180594,1
4.0837999606652104,214.53663398076196,16457.04661503107,7.0740936747637875,,334.76695845013,13.274198614710803,66.32131049897257,2.827023812143868,0
,140.77968559537175,25747.07163682443,4.9519997639704325,,457.02993049309964,16.040600313526213,56.860458207362996,5.344971775447326,1
7.39543693662922,96.4643819161812,12496.11141676483,7.277813961774862,,386.558840342624,16.850525978952103,99.16862796855882,3.7450409388753196,1
6.007685157153736,219.45771497614015,27574.72686281311,7.705612617686923,307.599653608829,442.5357359231807,17.858773773052143,48.02745183021841,4.691364801239378,0
9.048037893329871,192.92116854629762,34106.83635554646,7.626571268952328,320.79497709285096,460.46136634241816,15.037174352389648,71.48051854939447,3.3947224837771115,1
6.607238415172164,232.52051102433182,36318.26942007274,5.692335967825544,,568.2487791500439,10.820779563905177,55.29775437112975,2.7135452486361507,1
4.178203896430324,167.81702653723386,28227.755954543085,6.579559445121207,,460.69796684531275,16.63188768726393,78.36901488590073,2.945901987334058,1
5.177979124734005,207.20679993147283,9893.671009822763,7.968766750650977,337.5437644965834,376.5172556673233,16.684434986120444,71.15395188501854,3.7118537352300494,0
,223.0775508168916,23744.58524839661,6.785928599460605,373.3297974036466,480.1190366548908,8.310384859085477,86.7237528676628,4.378792659005535,1
,181.68116357739257,40779.00889538614,6.666057495902626,308.0241033267894,359.45966399343104,18.98165997745606,78.03350827342467,3.994330116441995,0
6.797423809103425,182.3652617526059,14396.276351821169,10.12747882162838,420.45389256791765,499.0524419500833,6.092650478551054,55.16475132424913,3.7748169880862616,0
,196.8084105951485,21494.9776055774,5.617437192191523,254.90939979433827,431.1702335655404,17.7135716007597,113.64248175604152,4.842058188454612,0
8.698318558544608,213.36564308993053,34410.60856529457,8.827061179580593,268.00946877518595,458.0435052925559,12.20743710540918,75.39790336514739,3.9715489404277027,0
8.877779754775041,195.54131185561886,27426.264496585343,5.29560455166221,404.87647875637356,283.5476818308256,16.62818128823568,57.47927642897811,4.188232042829246,1
6.824417364965833,227.16788280830357,43764.97096573436,8.154554115518835,352.43570836530176,245.940352385481,15.98364087748737,69.72975436410877,6.396601311033045,0
,181.21807394345504,15586.73550908528,8.238881041835878,,305.88606140692536,14.177495588611079,76.61950475366255,3.963729964800487,0
8.005922370738388,153.49135342518048,13333.841759052992,6.3136230550098675,350.6822876000385,565.6616684558774,15.788585909955053,76.00327055875087,3.4272408119643396,1
7.913040342762863,259.26321177962177,32749.580072274475,5.196386572477872,356.4194980761684,334.14761417223275,14.014719437133728,74.43565518139182,4.345148618598133,0
7.544087355235417,176.65172043064172,11526.14443005863,4.0067155379906,345.29047653779196,484.5847841591145,16.656037727681404,82.05701089352623,4.542589380910491,0
8.552219623962174,177.80985332103208,20288.344738070205,6.148120655897969,,374.6473760871436,21.511396814980756,80.46437035556264,4.204767097459101,0
5.33275785530844,193.8942937256901,21438.279801581513,7.9514254637646715,,406.7975920624608,9.873911330904914,52.66942810697521,4.092391720570125,0
10.093133079277708,198.1497955089274,31099.62768159454,5.4173475117826655,,422.42237959445924,3.7791171178040113,100.55047648491725,5.126140150873152,1
5.640858370287198,183.62612344037495,27401.130079581417,7.27317875785949,391.56567701633304,557.5022742249197,12.928274919078483,98.29598264431348,5.028652825574991,1
8.203834390801282,195.44211529763172,26022.459297331086,4.7872409193008645,405.3338841529478,472.76044246331395,12.702714530283707,79.3756313028859,3.878661101352663,1
4.548978458379972,194.72760859429843,18484.681200802384,6.750456656475737,346.54951926537376,456.8026512256281,13.054025021186686,67.02688682432004,3.4680742417259083,0
5.684602969094923,201.59421846466583,32669.58524734864,5.307670631366006,,529.7358745688957,11.242751452038881,67.30535129992451,4.304778217654064,1
9.354552970088005,120.56040131240589,57320.47685471811,6.996790807006805,405.6734401792876,375.3442508990735,17.179032758365253,61.155016804326785,3.463597980774209,0
6.688650265498725,256.1880418242512,28076.54400755397,6.3282944380201,,511.46743815611467,9.74161279559043,63.25097555562383,4.660426101125561,1
8.339883907699196,191.28677396689415,22888.125260185756,5.2392215047445925,346.8565319405676,498.1042076126985,15.787557848881475,30.974092478651748,4.300763895456987,1
7.435433083078869,214.57992382230353,10631.741744398752,6.0789799049354745,322.4739090167449,497.1919490594826,16.406936538928242,91.1902679371892,6.052624210010086,0
6.922562765999741,151.90075707091123,16423.287689488563,5.644032157657651,,413.59866376707936,15.34433749323402,85.47474899438694,5.1191715785322796,1
9.125775487399034,180.927991640024,20139.761248282142,5.043998973624888,,391.0148083378057,15.907572810225549,39.237673962595004,3.1285824115807674,0
,174.48589227774673,17325.555892857246,8.83073840395728,343.0228435699866,356.41410838644674,17.43258194390063,80.817804220885,3.565344828344681,0
4.408892838654794,243.03116046427346,21872.99739119954,6.5509237141675385,354.04290114199335,361.42541080267694,14.476765431447765,66.27502335231273,2.4771187391650153,0
5.875139862072443,177.25396458125175,37607.20099359991,3.640483790463609,299.5568621033018,352.6389479153206,13.156561174705347,63.17545254308617,2.302557490815027,0
7.906787593052542,220.2585595820829,32951.65386532818,6.135216324000397,325.86292641963894,455.3478209460861,15.905022447462052,74.38403243873805,4.05878495650551,1
7.673263659543762,175.18654551445775,20621.03707657341,8.565244507832858,301.4490658265313,407.73309493839423,16.28120858411957,38.166847532738714,3.0399407090924964,0
4.729412624646843,181.5161939310738,11417.384885280404,5.917053359453345,324.8380648929239,460.51201581440154,17.235947370021886,66.21776324855772,5.250124870670778,0
5.993486220887698,188.14239471357806,33742.71422825416,9.486435327451133,328.13074878043625,465.0305615722243,8.64910389236142,67.68759506413355,4.873174055954651,1
6.207417976196631,237.0830440585376,21583.794021743834,5.7664739531606894,408.61647110139666,341.21951565693337,13.69434598174096,67.70327322597218,3.758234341818803,0
6.531795608828663,135.5247149110362,6872.5912674673455,7.915384728189999,322.3650709067816,338.8185174312616,10.784284651500721,44.24667174636912,3.7139162965329415,0
5.016129617097673,153.89876623121816,28262.012139183928,8.757888963653798,245.85046869424352,407.707169346135,16.151183927819684,73.64003862288585,5.12859090629413,1
6.137443337820782,133.68623469792587,31009.272220727493,7.831306476252064,390.19875303015226,363.99034211089753,16.698140265414615,83.5690029362058,5.307393688010868,1
,161.1999321676336,738.7832887229524,4.948299520067172,351.419634335067,355.56702883789717,13.39443815218163,72.99876971820298,3.2425736317907816,1
8.237299889642879,170.02879836185258,14782.655788494438,5.630899648463928,327.62857218331106,561.6549607259897,11.89341565953717,62.687155838911956,3.1422771511871317,1
8.293681966485366,144.33659986910754,21045.31832083135,8.9687121648108,,303.331618249807,16.269979665256116,109.96245776729347,3.73514890529339,1
6.861284312866776,172.5072721083306,28455.660692176574,5.8487138989954754,294.1760481016677,587.8451541822408,13.860300353923236,51.42188847341065,4.306329530190842,1
,131.5291366101307,17490.902452846018,8.661568891965484,412.4599719805462,449.1101106687271,19.0073399850069,78.92991106762621,3.5693361080579864,0
7.28988646805867,163.4243608394342,14716.115519688577,6.440150139532388,,504.89906264143406,20.150745078693312,70.3410340320272,4.322727048046351,0
5.855137338816638,234.4134527971264,28391.274319696076,7.343470964366259,261.75220311725957,495.4666253864185,17.602346460495134,98.99946978470972,5.4912329382471174,0
5.359751876748838,208.9148182489953,17906.812786034825,4.929950502306896,346.43734136469493,475.3567341812829,15.067769439958742,,2.873295666211896,1
,201.9989655095209,26767.819285312074,6.158937231954253,382.4530397834285,558.9465439314548,20.32439712440273,76.13871496892003,3.6223728135512006,1
6.127780254042815,163.91108619906834,12266.00770587284,5.737015918905239,339.4138214024934,339.40666492185744,15.094376958913342,74.592615101341,2.8881463059142165,1
5.334789300311593,146.84528131056882,10154.039421296786,7.476447447881914,,413.4897297777273,12.718660161628502,49.25517503250467,3.317463846695731,1
,159.547005582903,28637.710511892383,7.267252175951095,,357.7722469999402,12.071376559760967,52.32413665534331,3.7401523361366866,1
8.174573510675563,194.61728553932753,24228.599613481965,7.8509868360681025,,290.3136375174094,11.978444843911312,61.93418039858299,3.402775291486523,0
4.699352548802637,223.78165695125338,30103.936780481537,6.344974445113577,395.38797787892497,373.1007105153421,14.278979833794308,,4.375582501751444,0
7.11769306682405,224.87575734833024,17343.159381918955,5.650236487354567,,575.8038222579057,15.828186493335487,70.1761671667988,4.087745900836663,0
6.750096307100497,216.17959559946667,15040.926497252636,7.4087119551600065,264.1722989981762,412.12266420658284,9.629982099696472,63.05089483562377,4.203234882892779,0
7.592263028305204,172.3981803498258,33947.50464373379,5.4932495332488855,,584.6812570666848,12.81854443902671,88.62963677806842,3.730775731886528,0
7.060591847844618,196.7855946369276,8657.651639768497,8.82390759174769,338.78250820851565,592.8661730754563,15.002408346026408,,3.8026057699769313,0
4.899601080102554,185.71703903880814,32989.31041951408,6.939054629189203,,665.6104290956866,16.423966688230912,45.40771389139117,3.696461372871924,0
5.186416051714252,189.561927568168,33594.8262846205,6.6047065266661695,,578.4394415278645,14.21445491813659,25.955083319978584,3.776046970635135,0
7.12413536337746,261.188092702714,29556.98504011348,7.8502374839453335,289.3803091093121,614.6505492267046,15.106876841633525,85.97463017954304,4.296827262741518,0
8.623171379618263,139.6159924158844,15981.92807581837,6.999344090897888,377.55198643411984,452.0134032844579,10.212876056931197,64.83303645791666,2.469677265264318,0
3.758718943435496,188.49034189048766,14853.085951918598,4.5002782874003895,,444.26625869493387,11.291103765664168,82.05392681482324,4.194594234694553,0
7.59858986970237,234.775965030277,20171.81087080579,5.442940758964695,352.62439025113315,449.587148897228,14.099155936962559,,3.2923901604070736,0
8.864433007931465,149.09147215892676,10656.502034188627,8.791179752106093,343.03511119278494,426.00497636882915,15.984818680126983,82.97557543013676,3.705691040722919,0
6.850461185690681,175.40008239148,13579.943630930957,7.25253726959444,346.4352369013847,437.97305081340346,15.06330086420014,64.34661247798012,2.7520043391672706,1
7.905303744039661,179.07076807783554,27668.319736534333,4.463122872265763,313.79581879944215,486.17460521227343,11.498879524345233,73.04056508658576,3.6902360702664505,0
6.025396378653297,188.85472889427248,27708.791731745856,7.676337065409963,,388.73457157627695,13.519345421290959,70.66891855114255,4.186749545832329,1
6.9009507010846844,144.92937089260104,12809.228771288434,6.236371064605797,,315.79006097530316,19.289066531493468,71.87085809618507,4.3265257984352425,0
4.648629722537773,215.04915393081725,27943.589372581653,5.738290075036124,,455.0895038058021,16.096052167568654,93.69274296736701,3.044661416302566,0
,217.3211930404206,25998.2399913381,5.311101093498523,282.89422850185025,370.5756132540147,13.763640956923862,40.084322885501145,4.288894121993813,1
8.494148701837913,212.26801040057433,35255.7024526412,8.699888564683526,324.4613878425809,378.8581202022929,10.914738686325165,65.2921896348619,4.859025364991584,0
5.602507608413337,168.1480424226854,27005.326595178165,4.014512572231547,367.41069971874026,414.57974157486626,11.945875313437746,69.60739286968408,3.5849217691488136,1
6.396708232494854,198.76834530519344,31297.755841250495,5.796699322385606,410.16526902084496,396.22854243729,14.321748195372441,67.18224962729113,3.9707122297440063,1
5.000336620094711,167.2179123337892,26197.970472457953,7.309800290139763,406.06034283456074,514.8033994013354,15.210625425380023,59.9542594270351,2.356533678382954,0
4.965045445374186,185.3569068553116,30607.97829204434,9.613813648867525,300.3739295871935,412.66067683813253,16.166359368835145,57.7375961925546,3.2703134366003996,0
,264.9109736694681,10725.982536900612,7.995095950233504,385.27689084643885,518.8359710301374,15.580352428483089,91.18623741765678,4.181005769414548,0
5.98563420879653,199.06225208308018,20946.30111113729,5.783281107458172,335.4040883863877,442.4812999153723,13.07822000451334,65.25431836547435,4.715264575280625,0
,157.99914956841044,21672.121122644563,9.536378457488768,375.8210821939053,418.9176798451464,12.613353832004485,,3.5025633231947513,0
7.758807628469388,201.77073090124523,19876.312965377572,4.978905028466143,365.3194259136728,438.6576389029435,21.0550633115559,74.95805477927256,6.052121135970282,1
7.561274469486911,152.7425303659741,25906.885747877684,7.539231141261144,281.1774742548447,322.6696108783413,12.463657837637983,61.70757983443391,4.2148339193571704,1
7.437901186392666,157.63166743951962,27577.509569927737,7.8906997402884995,,453.0461751576557,10.03737780551694,75.35339721552708,2.9767816369117526,1
9.44665230739783,162.6840596496387,25454.094565913972,5.727837378543303,374.2335602379409,493.9351437051969,8.892232322426958,68.16471250109096,4.974002514770348,0
5.4786093464326715,181.78209752973814,20462.202161688867,8.22219702198344,,505.268034147698,13.134476672471951,88.14038812441812,2.9927043578350214,0
6.997597700695623,225.98300785885445,15561.647199758254,6.308053596273284,322.9010264804285,317.82607316977055,17.40194660820054,47.48289842587421,4.226173079810338,1
8.779034730779383,214.50874233653886,31636.321870350173,8.218325035478383,268.5617796173034,304.4815838205619,12.399372625174061,37.220787068683826,3.2451919710979915,1
8.976809714007054,212.7358505039145,25081.156801703335,4.21343912171379,361.0283181785883,383.05451799353307,19.17579798841276,72.24789236982997,2.9112011295009967,1
4.94735452598314,160.83441390110264,13080.756461837189,7.649262222561622,,536.7729886394302,14.275970901042765,79.93827354858723,4.720478707844107,1
6.611466837516195,178.67794062605924,20315.3602597328,6.468871457144104,295.1904594968865,443.6780314864197,17.96154162026425,71.03166828381048,3.7673739685120737,0
9.11718164380089,204.70403542026202,6725.261826506441,8.936531977089158,,364.02438082014385,11.799520262659037,77.29409789929929,5.3160242025569975,0
7.842118657798598,175.8937604675708,22324.200287827076,7.050510446961899,339.3346332142387,309.7648426455696,11.85068479786469,74.9120771760681,3.176011801350292,1
7.372894547219659,187.09227391036484,20274.20790341031,9.09378266327779,310.0959326488405,371.2808556437107,14.600450820988911,42.41751683565934,2.7534802527202142,0
6.753472959848015,210.12347816095837,16975.924845383688,7.922028168752222,333.10976222790555,365.8759097189538,15.892430398938158,70.95608320166558,3.5958609222883084,0
6.504298611438382,184.83927420155834,35910.94366457695,6.918536634703911,,500.8494174916205,13.709441099532354,87.7318467498572,6.224596863791724,1
,203.2339068512648,11874.528371615675,8.364517509190586,388.32628957093016,507.00353995096356,15.265135987246591,69.1826246679433,4.620454173746305,0
6.701438812523275,246.96731059262618,28209.06618625408,8.374612373952852,,342.0078502247251,16.24200364638577,,4.402036550714523,0
7.0161320684333335,190.50051843241607,41191.43057137253,7.865617807096118,287.92650623389727,486.25328492652795,9.61233125674789,60.99151468686346,4.427812583921611,1
7.197898059172556,233.73880991101458,31461.63951559535,3.4981638280922103,232.151937216105,478.06055189403423,13.174906417675839,75.4194590213543,3.5918221155038452,1
6.062892707259751,213.89984215383546,21737.40488100258,5.5675544245922515,375.1945325823691,331.62553481896543,12.588347654102805,95.48921058132845,6.098893213484882,1
7.878194060822158,149.04825620842348,12068.218032257419,9.306887237479359,,419.29450409376784,12.748596879851135,34.70719348492817,4.327306630657481,0
11.45136697262313,160.73161506356723,10068.714711354327,5.13560554841228,341.6381142522311,453.26559905259336,15.642696504110551,72.25196032945476,4.254166701196533,0
,169.32493174176332,18404.69163522253,8.514288617103976,368.4095680518488,439.0588334973887,12.63419486257853,51.29823758259209,4.738193100620533,1
7.56601878628497,168.64528265815093,15989.003563575025,8.236195197711877,368.29683424816517,289.1567138553155,7.6832438005009465,74.62517896068776,2.9768702855553038,1
,193.11072812458195,15703.573608437178,5.973311268700393,,436.4945963613295,13.519488448946728,75.92286639545239,3.2841094030566067,1
7.946103866278875,215.6686095386183,19152.230995517188,3.9675340291555754,322.5772170924295,476.9011913145341,10.78746009684757,62.623015090603786,3.7784991656757647,0
7.149836209991792,236.16506933455113,21117.292995392527,6.221118095242276,315.8971944567744,552.3675335094019,15.937895537902401,76.63190707711908,4.7432360103781,1
8.222782161063694,205.86160283920265,26269.30878084925,10.403263768940157,350.25862298011316,372.49670398822815,16.958800073117278,84.86631060704428,2.9575186500642348,1
8.84325986476317,181.73825420629728,11158.527155314496,5.75602187830922,390.2782863700533,382.36374747768866,7.12306476192289,63.73393837213841,3.917463553151275,0
7.368631676652272,129.36828020384402,16030.721907913152,5.865073395533153,328.7809699760452,409.2906587301912,11.745034168866935,,3.8070973741144423,1
8.778078432621268,198.2588664133548,20613.675833646837,5.543819791710474,393.53557364258563,449.29727370535113,15.466130977283385,89.49427970145939,2.741979070051962,0
3.5635531593169842,196.82464619823972,20299.59485367793,9.039359472948242,348.2992514115489,433.7614214098284,9.650712053834841,79.82485671646384,3.573033321574628,0
,201.85372011324665,38119.43591401572,6.736193175632332,,474.34463903736724,16.882780894694694,75.53285419265941,4.392956652174967,0
7.6425932278385105,263.3996895265067,24050.80261818823,6.13106815826036,431.60948816028287,335.9850766227886,17.762744565045335,55.206340284276216,2.8130496763606416,0
8.696765033617773,235.6990894781783,7862.817349115847,9.353288947168654,400.75980686495575,457.7482951437239,13.765348408152322,82.36406116356463,5.070840983092989,0
5.250186382737718,221.12194938399955,25681.450541115926,8.035600658938149,401.82297901991683,366.6227695819477,11.746091721589199,99.48729542127269,4.335075400637332,0
5.833845177591996,165.2135318377088,26799.470848464694,5.66752141809779,,414.5332878355537,6.6751268359314695,64.43477264997016,4.239885188038498,1
7.298907441217161,179.5841680257042,20916.627192293647,5.1867374205223875,422.8794825884079,562.6410901804965,16.986283472711634,67.93078173660629,3.976386700801057,1
7.054443165993805,192.96497257828793,11372.511165431304,8.949908544510357,329.62911144108176,314.14057529871934,20.908372029631973,49.14391141011879,3.1179888610026145,1
7.504602882014985,171.1869720316687,37432.13967789907,7.146525298711911,,403.64260252485036,20.225648954506006,54.74341957487553,3.4632364567069667,0
8.70677274139495,212.01486479952376,12631.118077892374,4.672478848627342,244.47081505005718,324.02833821515003,13.656587392281335,48.99197594059595,4.252246676145554,1
4.432169527045726,207.42108317490255,27808.972250267736,4.302677214708193,,438.2454379641418,10.694169801530938,68.51932498432413,3.461708940507098,0
8.540728607575964,161.17415062224984,23768.44313989071,5.356658829984381,288.58248771779176,509.8586332312014,17.06415994688284,60.879380965857294,4.117224277259373,1
7.092422864936891,234.29813469107597,27283.108514991083,5.161614350797213,349.73840697042664,439.5724095075416,13.881333038698314,72.43936415793522,3.268872570989017,1
6.774327208313179,199.27393068188354,36983.14399494749,3.8871983859757306,285.3758295372546,416.662731733147,15.877834688023281,51.95120643399824,4.322115332142851,1
4.873327148422664,140.66972330424795,26939.572908676877,5.382778961095376,406.70569334958697,532.2721863241642,15.29908062087992,63.68558389379386,4.380342866436806,1
7.834573002565298,194.35702853296098,17114.514728828217,5.667852712602711,355.6145324779459,452.44019478177154,14.606911431793364,50.95271315431771,2.700402848398259,0
3.4588382234534443,204.99860658953295,31713.552252872218,6.3889635643523786,426.47473460573264,491.5652845049448,17.694095551492353,69.43865955870436,4.0225006584707685,0
8.052591016858068,227.12935556594368,16479.257823113072,9.794797871301785,291.05601470880697,483.2205909476108,17.81670462780104,39.9563463408667,2.783099016245531,0
,185.20075509994828,23448.4037599365,6.698387630084728,,195.90076766745912,12.575130640451844,68.8555685840076,2.5183880378957717,0
7.160186868926211,222.49402455831063,10673.656757701521,6.855231756364141,259.0887909016541,419.86649555032415,11.253728844424796,61.88456948365863,3.5067640446003496,1
6.9012467440081195,201.9885435766469,12952.123636256681,7.924623474802329,341.5310945354461,339.7540424894918,6.052917729484378,69.33161824054434,6.151595698499868,0
8.834307220940826,153.91825251079746,22464.661099725356,6.745037447714835,,359.65464846745107,13.157667511670681,39.63327989322174,4.574802603359432,0
,150.71466324855956,25242.120434254248,7.7522416829409995,314.6337820547354,543.9668885860235,10.692026976912599,77.00639391775512,5.0558411540524615,1
,231.92191584477916,7084.034238999664,7.5633715055837385,311.823646865738,396.0155563741926,15.683349832690395,61.56036513998411,4.444564900048482,1
6.320095956043195,234.2714937082166,26375.210217365828,7.313689933646804,295.4966364005955,577.4054556644805,13.191639115010082,69.91722598886211,4.1302458397562045,0
8.989324153131996,206.33309537295114,14827.60787523293,11.491016413381955,,313.38492637833156,13.549485454018928,36.104796970549174,4.668405461052787,1
7.884445453771341,243.86261507776092,33236.86389743613,8.559578833590077,,339.30633757781055,16.97948811598121,46.26772092501025,3.471134332443238,0
,229.81151516933141,18927.27195920906,5.410879264163366,337.7571642887617,486.9880528761576,15.610940444111357,60.07950258998981,4.337001401050005,1
6.72533037005323,217.87611934335106,12159.832696046624,7.7049510541788795,380.71146862166677,398.6902784193193,13.914922802209032,88.68310224386431,4.888136293691371,0
,166.8380323605225,22678.805973302642,5.869055845477642,345.1093662614632,450.586186928084,19.865204730586356,74.94179584456754,4.515548943167626,1
7.662711301277311,251.40572003303498,13978.61904053958,7.825076207214569,380.82814825306986,417.01545389041996,16.735891423899012,68.50397567052508,4.939368372728601,1
4.440276438456801,213.16164583066472,33142.64889036851,4.947203880968933,,414.5939009627194,12.927659182644332,51.42620771163267,4.112428124510357,0
,183.6531592124281,22018.649920065283,5.369708472027313,315.2482543659416,401.6611145014339,13.074864222357972,48.47850781650044,5.2898229084278166,0
7.272932388736899,174.61535983023046,20683.79601547187,7.663373948734401,362.1512016845934,440.3594688326189,16.901652988563317,70.88181409364053,3.8075792320225124,1
10.660427699360884,204.21708100844342,27204.09493602494,8.69631719948488,347.0708209874457,477.3310630022322,14.969390804652306,77.7511666306363,5.62180009540688,0
5.429796669413541,142.52610928516944,13200.61095821343,7.914178071029761,,555.1537720777981,10.600172955897875,69.78538044376552,4.41741378946744,0
6.926006863439051,218.38954481129161,10708.12244276893,8.469505388565645,371.296824578802,409.79899717257456,17.252552371267633,94.09482677102122,3.670521920455133,1
9.777431551384595,165.48573392979114,25595.243351703157,7.710633322846877,311.21779953994826,394.50893634912995,18.4488662606497,55.34412008357371,3.0502784563790066,0
8.867084460437122,207.8594594823772,12369.887890762744,7.392543836471084,301.1280939828574,384.20307548326946,18.19858326441929,,3.339766994204962,0
6.03568192263015,179.3081492045389,12366.910951617265,6.32416462667167,352.9648581803691,543.5827084025999,19.39107170499773,38.97056946953299,3.22169790031988,0
7.415951142560171,187.5386011928095,29352.350393807184,8.40454285777254,333.2529439787037,481.22599176910546,21.12835382753807,69.81893743480916,3.9007990190226782,0
7.082999034622631,171.77888407151792,26618.812244559154,8.739309187866093,311.560594263827,274.0773258849464,20.008864816565573,90.20384605635581,2.9763124981437055,0
7.502933801091236,190.84065820221434,11017.914912687967,7.020277207698955,310.1683904648687,270.5503437762894,15.424183879807083,49.52755610168781,4.9783515899812585,1
,256.4601454725553,16584.17690340448,6.935256853989721,289.1383312079254,359.5953696401532,13.612188011539784,80.04253097978537,4.056363842035377,1
6.946019395948898,240.3219080655565,14088.274254350774,9.634421182521134,316.7743219115865,444.41163552434995,8.262314399892947,89.7448438911211,4.024716749509002,0
,207.3433265598546,37592.32024381589,7.0877335878903684,378.1003868549849,423.32238886250474,14.335863889952147,55.22665304773001,3.060998273252122,0
,195.19058350192154,29959.71144979424,7.239583675178231,343.02656898251473,467.18228414749444,16.01314899440944,73.96442304406382,3.3701505911993364,0
7.755031010132749,223.01443810217233,18323.19070053375,7.885076934249574,372.30235731187116,411.9645246253376,14.443724587910271,91.99003426589948,2.23811347083863,1
6.738870881034174,232.1590526114418,27067.22742554243,6.965466115592437,354.15881004466274,537.7935017103155,8.068870704381027,70.1336976289286,5.23188800957242,1
4.657423664122819,169.44581176935907,10120.247149386627,5.823862290065909,307.8979055141554,487.76891030192127,13.354149549134657,79.14478295968847,2.8641810178673066,1
8.562797794277193,193.52195623576952,16114.893254068147,7.7171856093271645,265.385207733846,432.2061285692549,16.429595761227052,37.66202037742829,2.9233150804086376,1
7.626787556989203,137.69733665382142,22933.65084231034,7.0587670841647325,,517.6271544427284,10.914480384619093,76.07361173371272,5.072275245816195,0
5.990977353448535,231.93926752834864,25980.06367000966,10.030754615229704,,294.08750205478236,14.846781109282764,74.77925139641857,4.272300433879397,0
6.659099329742904,262.0807762464274,21159.283469247097,8.365748709461954,302.30810231804196,419.1940229867821,15.724369102901528,44.91536453143517,4.064174694218863,0
4.828995895827242,198.56264398793874,24189.07848896376,6.179137987420058,373.22181700124855,437.0009844902388,17.989293215384958,50.77787580568249,4.235409410805802,0
5.541884808333144,127.99967600310347,22701.010753788916,8.271915146320794,372.79412714083776,474.16291999620074,19.951597796220277,76.18482919561032,4.71404229114371,0
,215.48449653046498,20579.426184264277,7.606428018874948,423.68706525134246,288.7867197737104,13.053173993384801,61.49606715006503,4.04790274706004,0
,167.06914668322943,19416.80315648586,9.18889355707391,301.6874319811122,405.1674474500415,14.906399359909315,84.41340190130276,2.766042899666096,1
6.120744913668787,174.77281786673728,18275.657066615833,6.291362343730118,398.49538054864104,458.03686370808595,15.009728269439819,71.43377627418828,4.5418881004529315,1
8.040320488993139,216.05044447331213,24048.09195067272,7.418108314408048,398.24195543222936,464.17297011178687,16.442937035981615,67.31458017798484,4.299428223781764,1
6.27252569570763,204.14573201640718,25616.85271727923,6.963432034433862,323.47718592040655,520.890387316336,16.07343018261644,63.63872566178723,4.883811611013954,0
7.451921341277813,180.38051918916474,23753.609897386174,7.212397488432114,352.4157712745496,486.92042659253957,19.002518348989245,71.14145053733914,2.9957028864891218,0
6.867906746784297,175.21261975674673,11677.703871490707,5.72138566057376,383.87006321478964,421.1323160502367,6.606720790271235,79.40750443476168,3.401113319883176,1
8.389584900139115,200.02675376706665,13253.402745474245,8.02994043530282,330.5840904708473,479.99789991590035,15.679469558135876,75.04838122693974,4.275829330077064,0
6.277782992672163,182.89710231960424,25512.19343816455,7.780383555842205,327.40793713419964,409.8909091556294,15.908456329779971,59.54725970137449,3.233280978097293,0
4.721207624996339,160.50441172470377,34920.574846883595,9.150653314736436,307.27916573418446,437.74191622102825,13.523743532651114,86.47888025115239,2.1347828477335034,0
5.007076452954551,185.35797819269249,23350.683597870284,7.104159153860887,236.23842073481578,489.584188011789,6.828767849764572,77.05464667928278,4.123917851414758,1
6.282183759085864,206.8669639441659,18403.66802257676,6.469293576967947,,422.3759365449566,14.09871283444701,,4.668105953818183,1
5.20641004398292,190.30068906177172,23981.465794233143,8.367085117151579,,454.959174362547,11.955149483123083,67.88549427407975,3.869433179665576,0
7.695318023519327,150.76772485605807,12044.076124557232,5.8651570770724994,288.9107064317101,502.90470154536104,19.83725285274829,74.50080294228317,4.397545399258473,1
6.381347752712883,227.65006788401726,33493.43148282479,8.834275565432655,,482.9731888591242,15.538461520431984,36.72680117645362,4.28462666116795,0
10.641909825039647,108.35803401781332,23650.430647335408,8.83089035591365,,524.6777484705095,11.674900069268944,70.30921024497603,3.9781863789249035,0
,181.71631503909006,16142.860240143491,9.106500663792366,366.0492755425053,612.2758638362328,7.526271484176018,92.97096345897012,4.076051262223727,1
7.385449768064702,176.1536494542747,20551.203762365483,7.7150643157936,352.82757192568135,482.23422186855544,16.24903835132064,69.96378432461236,5.022327727357061,0
5.388070464741497,200.7417240918853,17391.89224480209,6.351335715495529,,389.0965958876196,16.597292339354034,67.75233256305296,3.217884550412969,0
6.339897989425982,213.97317784968754,33517.34569668363,7.292516607562473,,466.94584382558406,13.587936391193315,56.746674251347045,4.572974953586974,1
,232.05647386435314,20240.354415549293,7.720508854225146,284.20093513967606,463.5054733192334,16.29212909111351,74.3821819395148,3.0489153482518163,1
3.59194293768857,173.2030440527309,23376.55759343375,6.234976200603156,,475.0808554808305,13.150707256071062,63.23979460112199,3.350071434121126,0
7.4352391751820415,214.77063479467142,27045.58102483183,9.226323736501842,340.68193388310186,545.6012997789898,17.821810408054933,87.61065647472755,4.902815505486631,0
9.934361193411252,202.26618841220676,15517.476884984966,8.036532984758297,343.7358481381713,291.2710792812795,17.57585995804275,52.40936100017067,3.026331511706941,0
6.399842552447111,141.23073999413685,23712.832018005327,5.710287730591232,353.57750556659835,547.1070393063787,8.891546274370356,59.07266006487406,3.781558826759644,0
7.469711785208264,256.8172881738915,24420.79994358722,10.094940408815928,306.66096803043934,574.033349444649,9.695866914994332,56.665775478129106,5.811850742311301,0
8.6173825396881,149.95919592831362,8384.728739649152,7.2738750547688795,270.7186107282417,471.4456530616172,21.003229686043646,96.12018123712502,4.769929515042555,0
6.834069749959506,209.42391271391088,24230.14820657964,5.391317192297022,372.25005337141783,473.37080649785065,17.376247955089397,63.32579628187907,3.3950058689087808,1
6.2085597172027756,208.47871821432793,21612.66669044867,5.808198486059307,361.23745495810874,406.6684154192401,10.134142683405749,57.52114510148311,3.5286563049790036,1
3.6663953944173717,204.82037703453048,23153.80438185729,9.470698083521246,311.05028906589166,426.5059191853364,9.11774587320441,32.53236836363476,3.8373094200168327,1
8.04148607909246,180.17353977082857,22326.47258731227,10.003476167622578,,481.8361727318522,14.985647816513401,51.635773834316396,4.993316500210531,1
6.910247385406654,222.47208483649607,24286.919785772217,8.714986384499852,384.57691098743595,476.68419142162594,10.530359206818192,74.9517360829602,3.1887152284659424,0
5.560974222917757,146.06824083382094,33742.500089179906,9.204507664767675,379.68673292644155,483.656778400271,13.254865619848,74.88678701377968,3.141508225342724,1
,193.89347876243446,11669.71999601359,9.042252424901806,,476.1334857282627,14.143978674317502,55.85050763425231,4.526415384365953,0
6.204479464790728,177.95601035032132,19013.324017661314,7.9999275213672245,271.9607971371957,497.8711979313896,14.00155331674644,56.75037442594402,2.6587131655233947,0
6.287360803326711,174.32646585385498,27860.245376004073,7.639886024741263,278.9941792765331,488.9318935988518,18.017576329882225,96.52991130264756,3.2593598209321613,0
7.989436734163062,209.71992919851346,26231.719859973782,7.97298384727304,320.21923346884046,344.05210677918944,20.35469558911416,110.08135215339334,3.903630594371022,1
5.072426383014234,230.47931336702987,26042.986702810078,8.282904400166405,392.9550024647735,492.5814434806304,12.719571085653877,85.02631595991977,3.943620234656951,0
8.650972929110637,185.0158156212203,46162.87218145517,5.948275149688291,303.1337381022039,574.6869293132982,10.568824759449308,91.66033417417401,2.9055964804196193,1
4.9834707553223945,220.98179487762488,27399.96854650351,8.276494792313134,308.55055802661644,423.86985984356784,15.583192311445801,95.09708926252434,4.245917511324505,0
6.085947887467104,197.59170129422716,31932.32447315657,9.424614618729288,307.7066449771489,545.9583958385982,19.683884377660974,102.27605910845642,4.401936721787464,1
9.964419291099865,167.43256930438372,19320.978043863503,6.793931563240131,311.1990373521646,352.61637600707274,12.969389984079175,61.5087686614009,3.453258325690588,1
8.771032142463634,187.74553301628595,13306.158480920836,6.625068499191561,332.53969939244826,423.6189904311652,17.106184343646902,52.17205900361195,5.265390702865831,1
7.22640598874316,186.4164514946683,19257.43614562103,7.872943168597092,280.517942843378,374.7073478552113,11.537452544637407,96.10253448683946,4.234892733311231,0
5.669204676748175,173.7068827998257,28257.890702681652,6.093541070355145,377.458758209405,536.3377001939039,14.370195514730405,50.77843690934525,3.186210000926712,0
,209.71145371698668,25581.88028685187,5.03942658572854,327.0623358016045,557.2381243527082,10.465590468409484,49.736743273616035,5.234208826100614,0
,203.5086780065523,25550.514520152174,8.933396083366182,434.64451756373876,418.064310392995,14.335745799581515,50.10871811496399,3.5618069794917266,0
7.136284848509398,145.09920965537862,20134.19972778919,6.407497009162976,284.8835890594494,519.684921812948,13.915698570238522,64.27137932820274,4.109521302171634,1
6.943693605561056,143.15116815234055,18735.751033010205,7.149148754377931,398.18451304482124,558.0501302322667,16.306805567234854,34.253110882487206,3.5903106459044447,0
7.033751228873723,209.58990250258415,20436.651967547954,6.156002435207257,390.04516131744595,423.3664913630665,20.167603308675428,43.183627338328996,4.456839417639437,1
6.758437335442329,169.9108342785749,28367.649697948917,9.137272607562538,316.1209556373284,436.3801289437587,13.016645110999168,56.31811153989989,3.5944079355129097,1
4.917031896539981,205.66531696321036,29387.17954505457,8.468018330088743,316.8025148460134,484.6892295701587,7.700893813759216,47.026009916033914,3.6417320746559128,0
6.305233886758751,220.989810499494,13189.260732383333,6.7396315249771535,295.2267895386742,358.59696147837724,13.633057165707399,83.6110713871984,3.845217439226031,0
,155.3295092030221,28699.74424621381,5.255762163674852,295.69732156517824,434.8078076171649,15.287748157511817,66.50770086458594,3.5784788010921855,0
,150.83080785356208,16307.174806267867,6.571850908324044,332.9751560592308,597.422968496155,14.966270291247236,75.74775511916505,4.80601537899202,0
6.795666732691083,249.58181383664945,26126.442886646037,8.020841265920549,,385.99891837997626,13.780504726058657,73.97398890456176,2.988921244623341,1
5.8503691068437345,207.2502650547987,20330.46043860398,7.418044412446029,,494.3060992565211,19.20945930462796,63.05027594578457,3.941024812495162,1
7.247025644097167,182.58429898645534,35745.965576825896,7.292374910234139,427.03371825636043,467.9043556909609,14.74950798156379,,4.039782754000199,1
6.497050228399773,166.11390551531957,18347.485503835353,7.454484039962303,322.35980885631443,412.89872730376385,13.954172325105759,73.72479573996361,3.872785260096757,1
9.296090497462004,179.66589283496705,23580.42584464725,8.318898045767092,335.69010336590475,443.73240743275136,11.733569781457796,61.2419155754212,4.725272926252023,0
7.839874731285381,157.90168524437408,27333.82199179618,7.05386245757723,307.32426523004887,566.2095939631544,8.535854731774053,39.12066024995348,2.7969205645474653,0
5.112295251334183,224.2691895708989,14349.380884422324,7.831021251726014,,470.2877717263441,15.386465389849194,74.83466595690906,4.412975449972871,0
8.086842017420548,171.14396308459774,21375.04362390569,5.560667651762745,318.32699743898746,482.785489860901,15.109879069562275,45.966885275980424,2.99893724655328,0
,230.99310682292054,19676.050561855085,11.155084227621014,,554.0689837001405,10.80420923473703,,3.573154314763939,0
6.214505442933699,183.17987456735963,17507.855750529616,6.671502275480318,332.4018136724473,402.84716504014654,14.153571213479005,67.67799465050093,2.9188016862436497,0
,162.61279412424594,18157.62927699199,7.441676952456684,365.9995202901839,342.2468072129724,13.825290269360526,44.36201921855525,3.7109688832894787,1
6.342378870404798,182.35834918355835,31766.368025659685,8.015015529162213,,567.4677913272224,12.239148269449721,70.58603206476404,3.5189952047356137,1
8.419283724484433,112.02666311995466,16764.71005615188,6.470950990407146,,436.92174260947445,11.682074646607528,69.4993748782737,5.247852002029741,1
5.918234907729907,192.13540554643177,26981.397131029982,7.132363174914151,332.5977563059772,497.4880680119211,15.636769514646025,69.55814952260049,4.158265794145885,0
6.151580171112955,190.55618588383493,24772.998167813137,7.113166933957705,,365.0136651504512,13.554821384883844,68.78135006007692,4.313033095713804,1
6.095443659677837,222.39176788953498,9762.484384651709,5.675819813734064,323.10646700998586,457.0821044196932,12.349721148288397,55.831311384805126,3.1061472174022517,0
6.231541877467442,135.63824230453184,26567.11597499989,7.812971292352628,374.1275811078436,338.2453772110514,11.456482315068222,75.98406797242579,4.547260148017471,1
8.72878733332172,233.17972354763353,9617.48915042502,4.514229495551206,346.2275196101529,431.0991871782474,13.871049282983632,55.25997613255609,5.247816264693388,0
8.023194440415455,222.259177439925,27522.365333008453,9.88927933901825,326.51893096497105,374.1661451857376,17.35079577727024,48.99162719306621,4.6485291514816485,1
9.644915931018106,236.0653940383572,17565.92928974246,8.37289399826586,,355.78765320699586,14.981912244904496,77.32906601016923,2.946630191485434,0
10.481466305848882,194.3129159678676,22087.380811059087,8.129813325092336,328.52118700887314,401.7501864507261,13.5174973274837,81.57017573443107,3.6079693548226976,0
5.53392445210149,228.44469869128818,10663.164841777008,4.376105462355477,,242.5287485625435,15.318018401075788,76.2204092191538,4.054622286653982,0
7.185628690990933,148.92019088297903,23087.292978014237,5.867804696197028,330.68919485002425,333.20780497779737,18.802470548403083,63.04344324430847,3.519812722864702,1
5.315699525034851,218.81752208654507,30143.355165602334,9.315165290871985,310.0874921363342,488.59313250082624,15.918366316094437,34.980655596545155,5.945732865543427,1
5.9135911083776,171.32279161280175,14936.913196241614,13.0,,453.8133111638182,15.158663239190433,90.40338076836902,3.5938243840057327,0
6.134876234616496,143.15514136246605,16689.144654517022,9.007614094790108,366.951115694475,340.0650442429914,16.407147364057618,34.72742145922413,3.9361859464374716,0
5.494267688792588,160.02750341874045,26001.02637668688,8.758370588196502,406.1381303539306,469.82988555720533,13.778554669476291,75.8941945733859,3.501822169742776,0
5.50216909065238,196.17699643613665,26220.252698383658,7.949459280420418,308.2511818635648,355.74295422784917,14.907423808539425,100.5858369884538,4.150713296799183,1
6.863573432219618,169.6224253370367,666.2475529573967,5.780954430777931,360.32398773123634,483.75710963307347,12.68644710119816,68.8213564566783,5.048233012497288,1
5.254922372420389,208.0343530142656,39689.113810374925,8.692375051456523,254.72537003241,416.74887412305395,9.18317403959275,71.11797532249514,4.059587253166131,0
8.343190438706449,138.13639823987145,26649.414050718864,5.380092407386853,366.9907656658974,399.9901479686138,15.431358312878237,72.54499938373871,3.7991696612697634,1
5.703369693873729,127.93287860429243,28125.976669712472,5.207275439079032,273.2801332847054,418.71491010180364,15.444044278637271,69.61031090249176,3.1323498519282102,0
11.294353455144588,239.91639789259443,20755.150282774113,5.107823665807186,292.6424247535363,630.7622765332567,13.35054723770816,104.47993843983627,4.912892367326553,0
6.4029233235534075,224.9216041408459,5742.549729996814,8.661641781472516,346.62123848964853,365.29587843821196,17.71820952638583,52.74072938579696,3.8579187282972205,0
,162.42250125075816,27931.312477164603,7.029285793214547,307.5185395476852,444.1246933013103,11.918709041156612,50.70662832486779,3.8243768979550326,1
5.136988223300947,195.90401140894272,17057.300992415127,7.279355797848921,301.90750608988066,488.50949675938966,8.454431440846534,61.094482717415744,2.145628999093911,0
,228.62422592644236,26784.28095798789,7.095661779459919,313.1225430775678,349.0069720728852,11.999517708677853,94.60147179982044,3.870771051321304,0
8.759251021204374,209.41441946529937,20095.114613795868,5.341367864906805,362.91466566865955,298.4593730075254,9.214900301578446,57.05459893454722,3.6571381176547826,1
7.525373806104168,200.74313907787132,24101.60535485063,6.060245168492502,294.7514937468725,377.91214856302616,15.415519973119228,,2.545716559909038,1
5.059796176830652,231.0449306020031,15217.281735040924,6.139726594119545,330.77965056687606,486.7570560887094,11.818143029971452,83.75033836822811,4.741896915564706,0
,172.61720079356095,29594.69102729423,4.8996711133839295,,398.63972386173737,17.549474335236066,79.01953464278682,3.5525109130029877,1
5.397853430974118,196.99771035726812,11591.915823956218,6.323348049425445,366.6155216244896,407.511525491118,17.48053604844622,82.89279623332112,5.448543724613785,1
9.27353289521004,195.42884357464348,41707.64386022469,5.411535798893943,367.76479191739656,498.86157210336637,11.247585492314172,89.37137918175483,5.073264400957466,1
8.29379209777976,187.27161447452664,41640.80952883609,8.032727493609848,257.7534463051194,361.49255364041124,11.633247351257465,71.39335369700922,3.4084751836146596,1
7.223158557731605,183.52622363453594,36332.775364541296,8.164334281067582,375.8494861693369,418.89957510831067,16.063650853856053,58.99580784718788,5.038064648771333,1
3.4254365051290163,198.3317836105117,33199.95070524245,5.076050186228974,307.95900783518874,304.8927166946545,17.533471278778368,68.78494602708001,5.226222911693803,0
5.604876032011454,197.10103987153687,21272.51089829097,6.651321812488159,342.68798014246363,451.65752485806365,7.658351981643678,60.907333929703185,3.533952266692926,1
8.111641697399808,162.4503154388952,32244.61460940302,10.052574612480392,294.5047416442848,444.3605659654728,15.229513871097543,107.24914210368686,3.1645251146283973,0
,221.65746911681433,21170.53211011836,5.570394621668297,348.2165187111011,489.6429038533774,7.0479510436172275,57.77096222218922,2.288823350357829,0
8.743754717238197,164.75567335147974,8389.651154508658,7.794087752116204,437.6053070984652,334.3795094662891,12.489896837334086,74.22688427257017,4.266744447289992,1
,189.01652977449044,35197.07640104913,7.286724655724558,338.21378801268634,410.64899353820664,17.909067466057564,42.08597729398642,3.2108058194552482,0
7.5323284602193565,186.55102487295835,31913.79053983037,8.846762341388633,314.1462435764994,323.7223711633451,24.232241440283893,68.55165796856689,4.290184483468038,0
8.603272824724394,207.4593156050949,21739.15602586183,7.586837609344702,323.4813893783028,406.3114651075361,13.511881347308409,61.74891754201332,3.5270762319664337,0
4.592496651626632,128.18867391304536,11269.134063205813,6.4385531448804745,,544.543046035298,10.18451760137885,77.34610325067976,3.361809358976874,1
7.068143226940146,224.50911407774265,16873.0200664024,7.225487311927158,392.4074947327428,400.33977952208136,12.605475824430282,77.76839917290754,3.5320368345950226,0
7.490763597462684,174.33630887641075,6042.55322053654,7.248564511446903,345.82820741146105,316.7264140604077,14.518029970533005,89.35537525115188,2.9561428028147825,0
6.628853122729898,235.03882543286574,30302.35907745966,6.9751216119931385,289.99518584178827,371.6096588020147,12.08820390952171,88.06862321320281,3.531676441305477,1
4.3017572168981975,180.69872241548305,7952.980360601139,5.035803900588052,291.3309501047211,297.12385332662313,11.248081869266645,65.32586015360151,3.3954421182547763,1
6.591452834889407,194.43700525651167,24529.506731186353,9.08408000000467,333.6265775451019,322.33816969542244,12.891394978641266,51.10094449146135,3.95895860208325,1
6.589041854617464,257.24115328218954,14614.809339972135,8.804965068825634,371.211811126878,479.678955799632,15.6054049785433,53.0008771361126,4.0513213072245655,0
6.8578913931783685,187.1251773186026,9501.81078735459,5.470181337545625,,310.29734101103173,13.740950501114058,71.30435521155609,3.1344834315636736,0
6.234792861862395,235.6431963095507,24104.374168053073,6.64485350114967,378.649783016554,450.9862872283902,11.390710759692993,68.95613503687096,4.828628048675757,1
6.415481770137799,197.2494427380659,19086.579390813484,6.764364642420339,329.24302436976694,428.05941407060584,12.088793751036881,70.57841077065683,3.845536465642582,0
7.020440576479533,209.29340256939167,29364.918454580475,5.292700295210659,294.86002121470904,383.47774007253327,12.934266786087573,57.73121303734901,5.14190269296672,1
,198.238674861164,10897.10179324924,4.170461896935618,313.82469251050793,444.18799840462214,11.001892887972085,89.68324638725483,4.158044194769138,1
,223.13125204160397,15372.35055919458,6.060463609978509,404.6907089623181,350.9870792522196,11.966421511920377,42.54252207841785,4.0239011503060125,1
6.465526607447997,174.06298838870237,1074.3778315348827,6.556884302403117,276.0832532016412,493.2675520661637,16.423998801992344,,3.5870370815894574,0
7.218531057381687,164.51044726338606,2857.279595984117,4.84285133328485,302.992388806208,370.1327761142135,13.539940827955883,48.95086484017996,4.449574725815316,0
4.198626111157228,175.56556190793532,37784.14743551156,7.399624867255056,,395.090648911449,8.51349303502274,63.014634327238284,3.9961820659061122,0
7.7955526908396875,199.1907320423709,40287.1566007541,8.957312959239818,341.87473878159904,385.57191956823146,17.682330706914417,86.59437583224691,4.639603253115928,0
7.079155354315562,188.93379886238947,22827.208819814066,8.450543510941124,300.55912645141984,481.15788515262125,15.675175405290739,61.73838676898268,5.221636670095599,1
7.139540289896343,218.72879604707765,14789.021722999893,6.919836668009225,,469.55551308071193,9.735661219634249,68.04393283953759,3.4030547628194934,1
8.521101461391696,237.75141439428864,19396.602923451763,4.212149519496509,374.5041250599364,216.26390672609597,13.094249279824142,77.16073427408884,4.448501591103579,1
4.150776704927628,164.77317320847973,29675.245755805412,8.250809698241296,,446.3394349022543,11.6860738641093,60.967874999890874,4.426390617604047,0
4.119249195211554,172.51363866835416,17502.808296160656,7.351299627122002,307.8917399090759,286.4325734539535,16.533788839962785,,4.327327288441897,0
7.490705767985279,150.04033861398867,24098.049013955613,7.790474752564473,,398.6942630248669,13.07354765404274,70.46224317967904,3.63210463983829,1
7.069324717307226,260.97193570429135,21902.12943727944,10.179042424477972,344.67171867723437,417.346078260264,14.059847998176329,48.08088911374979,3.647886211576088,1
7.335265414787898,205.74942397189847,17025.512883373336,5.816797625341568,279.2109084902514,397.83534163745304,13.675658414520552,58.878090608265026,3.514571907166772,0
6.386809387241332,211.35367424165048,17399.289617651288,2.577790825667172,387.4391801264576,466.0655377679133,9.415556051906204,72.14428693184324,3.499100692405128,1
8.076530511359897,153.11333167900645,24586.424044681906,5.455541767060584,402.7085726357094,483.60612528636256,18.937807354258613,87.17151081564802,3.3147029165570836,0
8.47895826448668,195.96256035178,13446.691043882138,7.887951207863157,323.3258511565489,364.1227365744568,16.485689188705614,87.15641673458249,3.88849211711378,1
7.805973440927291,212.29593550121874,25975.666361118238,7.162542924761904,347.60028418966306,361.21623980021434,11.833634116535437,,3.3789016838972348,0
6.688757312393125,187.9117539028984,17878.252523876676,5.199294915234082,381.6178837568224,423.1224357077986,14.933144339284631,74.26440592646226,4.309802081199916,0
3.918465918578396,230.42257999444462,23131.01126176498,4.87684653458124,413.1779943812752,302.50143355470755,17.51458911899638,59.704304214113165,4.014424189804965,1
8.233854312055692,269.97859602057054,34151.351705298264,6.559717755008515,396.83623475511865,387.84176198498574,14.483945342100053,65.36397222357114,4.101915610752084,0
,165.69398953299356,20538.955763359627,5.151170421586747,261.8429619522895,533.8462266709886,19.4372888160047,64.55700994358953,3.756678483480789,0
8.04683761797597,163.2932081287457,30080.68406348377,7.9426008008421505,320.06229877857174,305.4959547831428,23.928907778328757,59.792340545579314,4.023740669034316,0
5.76053635894874,167.91180590308554,6297.871853898823,6.469945515970495,353.528218310812,398.79061125492734,13.883798271492436,72.60387656408699,3.777088467003331,1
,247.3983731205277,17888.916370371986,6.1291537427558955,312.7370908270208,378.61593496559067,12.377651847965147,73.35771364514918,4.578043602219014,1
8.370794561942168,229.35537014494992,22256.82920683716,5.92192328338165,406.09343654665497,586.4214305110206,11.034949468331611,47.385128549531586,3.624936362159968,0
9.418224371698628,191.66310983060325,38881.610056640646,7.535733907997339,399.80438208490796,382.97110346642773,6.995203743785551,84.02835477394896,4.262909085614118,0
5.7658351136580634,197.16990926082798,4825.220229810762,7.187322573540857,,387.61512917132035,18.418878669783826,36.643781597794096,2.9510306638751524,1
6.740318123183792,169.87060396170492,21170.239511200347,7.439092486382899,,343.53880577586153,13.13347042679117,62.79579236263595,4.525418368912047,1
8.200908076715184,224.48086904778188,34789.16122253562,7.404604521213182,302.2682804162249,426.74574428538006,17.18867396665122,85.01890742351033,3.5337765057997865,1
7.166115107157236,183.84314162852627,15129.371045809534,7.005931052177204,324.99973379164703,447.613364401895,17.852292163933107,76.23974111413283,3.2584283097089926,0
5.404008596923088,187.67755073744001,20147.40363256687,5.487653678136217,,355.1344121904325,10.73279824122763,60.61702401917171,3.0817362858265502,0
7.701924427540055,215.48127268893623,24923.350898937082,5.9659993997646055,372.1245745046212,505.09782405775724,11.228313157340875,98.29494091790593,3.0200212716548975,1
7.94799245072275,189.9841619813369,23632.140016148784,6.49641364988048,296.5729487869128,447.6850867430807,20.05746673518643,59.27080926263993,3.594452360942354,1
7.211944344496503,188.4810882080689,35745.80706973521,10.38300847617955,225.7132661968137,494.15194150121454,14.068785005681116,33.96839430141786,5.138929601897283,0
7.409377390769916,196.3384065769304,25947.11531434224,4.9888386137414376,267.2137336283724,399.7491577728065,12.121051127508277,73.73438295117985,3.4682081716602258,0
6.691941147471405,221.45137324137846,33658.5682936597,6.458017124759313,290.83963387902406,445.4547464713067,10.850928126816088,37.588080401816995,2.246846477726945,1
9.297418403574088,248.68777841548265,18856.726706392077,7.275261954974573,306.11664485112004,408.95228041007346,13.83319592467633,52.930533839248184,4.255063703513172,0
5.728961724430985,214.73555943187463,15519.5921433349,6.640734249829462,340.67415042522373,542.614523959292,19.276051589228313,76.488554294014,3.100879896801146,0
6.199018855854332,221.70605515597654,20034.407597217796,8.816871875471627,288.7284498733168,435.30113098968496,16.56194533981832,58.9341058124451,4.6055499115401775,0
7.096478270291288,189.60467001276402,11848.665871166133,6.632573269805471,,426.7003158651999,14.899815742825622,75.80587402559775,3.641560128114889,1
8.398431041551339,173.35046837860105,26254.397575762534,6.749424589342038,,389.3406400783269,19.54211911385046,,3.7562737462767184,0
4.833940244858195,216.9275594315237,18629.848951136497,8.407113051513782,287.25818595244897,384.7229095622269,18.906058044402673,80.30737639304554,4.903902466007102,1
5.114554875351841,201.47970638721827,16122.41134719754,9.980924427411034,,445.0177659859062,15.402603295384331,39.00666684155911,4.451829018399346,1
4.023407238397923,150.47588324000802,26387.234252376184,9.343847430838359,308.5112167683023,491.5669967498171,23.461194869869246,87.761832048928,2.9978259007350694,0
,185.50177205038085,11983.612627165488,6.904086863107553,361.25132949592626,371.23535216719296,13.483503586541422,58.69922896092053,3.112578301004243,1
,193.34729524859029,28771.30441551532,7.041767545462803,,436.12634217409027,17.92349404062534,91.20476805750462,2.5788466465928006,0
,179.66534825508867,17818.981102930768,7.193816406759042,,440.7335592815292,13.00311120336098,52.78370091873875,6.000512350766684,0
8.072067284837562,243.41553902534807,32179.275814705994,7.352259065370886,310.65407012341245,454.66908131004885,17.27939984018409,97.58119756383867,3.297088317618685,0
6.11768591882573,211.35484918087093,18569.691438926697,5.781189979330453,,289.4002878511425,13.48032229423624,50.885889952759754,4.8824541280872795,0
,239.94159737243672,27555.847775712995,8.599818202191594,326.6745496832741,352.02138402312096,15.822515442526171,37.338031383924076,3.5548258388056317,0
,204.4296083728691,23588.762017988385,7.446442421802002,376.078565659367,316.7324383902479,22.18744850261242,67.09827307313175,3.1277126731514007,1
8.088171472644655,198.6044107656025,28538.01943247605,7.049127221671804,,428.63075413213966,17.441110944558208,86.3906224333555,3.986817405339796,1
7.792692101022014,166.02886983647204,22978.234244134692,5.111590305036665,330.97596905417237,353.9221304087751,15.87357567187651,79.21077390458326,3.715201932858121,0
6.042099455738085,196.38174506229012,7426.004693749752,7.218412209415168,,386.30071052586015,11.74348078581131,85.24013456045428,4.595462252555659,0
,196.4177256216141,30861.119339153498,4.128724560911127,,330.4575580871323,14.921154724860648,79.5304272056813,4.605219453373375,1
8.645615096580741,152.25235571090454,21245.020770044153,6.200994036429074,330.23204731961266,393.7410770265758,10.973591744804095,53.11166019891817,3.509690005231263,1
7.670065305381145,178.73512096734737,28938.05599840171,6.230305623762867,404.05003808764417,336.07171190249846,17.227021949182205,78.81595370038143,2.846835554215865,0
4.984556913373303,185.6549568474764,28067.461602139872,7.573452405078438,298.0307390800285,486.63267536263606,17.144196210976475,67.90391002811002,3.0362120408818734,1
8.063427091757074,209.23134540978307,15232.189861530533,10.090163039413568,327.77434574465155,464.3382375836462,13.707203028485154,54.90235261265713,2.1896827886278327,0
5.453084066345642,210.7632035835426,13991.244296612647,8.023613795751391,279.1985035967054,438.0183425179482,19.78965555671624,69.30553621651592,3.7559214795621285,0
9.198769604941509,177.39780857711344,27761.464239707766,9.40847527476427,,401.8446456255545,19.325557028920976,,3.9607957281772537,0
8.616148259761538,211.0038272813403,19354.506012069793,8.13943523350365,300.72265449694106,262.98505869578196,14.793833774871645,89.33907874816575,3.0785942236915913,0
7.5148282138776015,190.17347426084746,30226.48478092118,8.897584513706432,,389.34346996041234,16.16618670145976,58.058986237409854,2.984352136034171,0
7.315849265154291,104.17215920464139,20451.177731091288,10.054261217650108,316.37109532182285,365.0834765050101,12.358091180794364,57.30179446850445,3.9574545748514596,0
6.76645161595887,180.48953497755065,30989.303748221486,5.963697804962437,323.7329743817517,445.78193738124173,13.40180425992126,55.08205402582929,3.4770753741494147,1
8.097785927100041,230.52763648455613,25726.380326513823,5.860574994072225,,475.57657350434977,10.742574543920211,97.12894520820858,3.803915414854518,1
6.523832745806907,142.18221578791426,24539.54069487308,8.176721222754168,307.33620532821413,451.9706129994469,12.721487933920708,55.988479925814545,3.683564617796268,1
7.433354805959841,199.60611841329728,18733.921787047795,7.1141880425816515,,527.0430647301271,13.955516747955832,87.40877936560909,4.164009587758756,0
8.387901549779176,246.7283588539292,24052.390175319502,7.468159055834998,,380.53486124919283,8.820788086038347,49.6915224973837,3.529082366560062,1
6.237290184711616,171.66038550366463,32475.318310135262,6.72710631047037,,377.2179294943485,16.203486117487206,74.60730591953302,3.588779521686587,1
6.1557108900139585,196.06877057368595,21538.530427522684,6.177911227100947,,509.0302583122062,17.673023292736705,70.65265225781359,2.5021969486144497,0
,154.2714797687065,26672.399871107413,9.68080817666454,300.9270561970295,439.29731156305076,14.27387147479923,86.38056902373623,3.9307406000336598,0
5.483290880810742,248.0713965332343,22420.577868709923,5.382219440164535,347.00250024259475,406.2401007566227,5.399101207152933,84.03173695836554,4.039179621470154,0
4.3374070328377465,193.33335593610835,23106.77745487735,8.20449976960164,270.6338225452137,573.7216915915826,13.465123877430178,67.72661870864061,3.8313944293295314,1
8.174743183523294,197.4920589694086,37128.31233834888,7.948280691454111,,472.21844379061463,9.701825499187317,57.69936994318716,5.461230551596637,0
9.793371813124157,239.3376148961799,32553.17237221686,4.625158989839015,347.9978300568415,410.7564660852733,12.28825719262872,92.72437855345115,4.0969673878395545,0
9.21799341520546,217.1673086286554,22710.37145926645,5.807367078610122,335.28228154388813,371.124414908216,19.091389792074132,56.081451282943405,3.8479478610195517,0
4.6408732670602255,167.97988056010433,23894.76235119902,6.072948913699209,379.1175390785395,532.1210137267095,6.266238826530536,29.662874847034907,4.359333075710726,1
8.1672820073343,175.2871064292059,15858.595683858002,8.012042899040214,319.4966885712988,442.55976167117353,11.606003667871718,36.291239604569206,5.6180335593808275,1
9.213159524885334,211.83780174474555,20497.039539256362,6.54008453262973,307.66789938906163,427.96135356307417,17.037579719121148,40.23600614436022,4.167123974275208,0
6.394785028892004,176.02812623798593,24727.418596801355,6.984768105554927,,480.10211419640723,11.983643805489422,76.05026783223911,2.235682986410338,1
7.232171145975074,128.24821401214314,29473.881180521254,4.8169171759641305,408.47139789162657,496.40702854831795,11.731180415332648,102.27437514664126,4.3070056705401365,1
4.068160423792994,194.2962944435495,28584.66726590876,10.794940512410196,304.5690540491717,469.98959875927176,21.00694035640484,33.3526371176177,3.2841963674236547,0
7.4801042519649625,148.63319484400608,12285.798079717444,7.232489077608405,328.3365272785796,496.71804605055553,15.54867839825473,53.72261089273422,2.4704693550704215,1
5.484660405847924,247.72101611403923,30582.138548051596,7.908421417729171,375.84674427371965,462.10994871221453,17.38319795640552,67.84221787556898,5.294097772722782,0
7.379452526867272,201.65720440842088,21235.45483185886,6.265811728066948,329.7960549257583,470.39124667441814,15.932410068984924,91.43721284386297,5.125528270256142,0
4.73819561671668,167.0343981842056,13358.085810707993,6.088848823232795,357.37812885825736,367.4689716125252,14.83360139227597,53.63541218973323,3.263961533690105,0
7.894287336716394,173.64376273080148,33734.09414727795,10.142041754826579,,570.8283105294047,18.471282202908007,75.97095712423503,3.269067727258697,0
,135.53927718803453,34846.95680139185,4.091579860929526,309.9455124021817,327.30586728074377,20.587643794742043,62.34855417570341,4.094930425292204,0
5.905230207427248,160.81721962302387,24327.06103512759,7.560262368120627,350.19026119941066,450.7502091597979,8.744394148784874,108.63601845322728,3.2795605034013366,0
5.374616127884348,228.52234248130236,28230.119888708912,5.205823852049528,332.7460995250926,319.05863534571137,14.183452724582745,68.74155265965912,3.8646425579485593,0
3.845965436175028,267.4171566557565,28744.52956068867,6.480098176052732,,418.14970089312357,14.157444130285189,72.1621581249543,3.413718022345451,1
,219.24468842236666,34254.921780163444,6.111810741075047,292.42424149643557,380.2965089705532,12.883385123469584,67.76496274008757,3.657686194992164,0
,193.05463876412708,28399.16096803623,5.5621552601975885,306.2509060997489,436.8604697075187,17.537500077262347,59.68207760336335,2.8746029476299215,1
4.753470881477918,182.17729997907466,10370.173806863751,7.1759979329359975,371.0693138829068,453.3406145086116,15.14772935231289,81.78790062421335,4.614980695414394,1
7.759528134468257,165.3921339655564,39640.01395847679,3.0625139472564165,372.4156846548464,349.49330376043264,20.65406045266117,47.62375363717523,4.908955450887863,0
,261.9125087788717,31359.810920739976,6.621528198568458,363.7464296511863,423.64684360387395,17.93087915067714,33.96820911334289,3.891840888444717,0
5.4663960620321514,189.96004154034,17545.472719757854,6.97734183894704,,537.4939377965026,18.803518044703118,63.96684708271887,3.9417308469782184,0
6.248141391539329,263.70015456200014,12984.188115425517,4.9723430566785005,,321.01879219988314,10.34275807404543,79.61213227473219,4.460742474535093,1
8.686956808394424,240.59262430752196,26441.213784643813,9.510885579890026,344.37997843174804,357.6756984670347,11.639916450743726,56.991414297764535,3.971482892974346,0
7.984405415632834,140.29451419691924,19573.65946351633,6.1807557678202425,349.711479272287,494.8603718332268,11.91181819892975,69.42114681803527,5.319059802090057,1
,174.68952333570266,24908.05925457087,6.744774896905557,352.4898659302323,432.2043850597136,18.666292047426484,46.624719593373015,2.943236972025841,1
8.00865752769728,174.5905560264377,28533.67799801037,6.18429372101477,275.41869120517737,438.0923943859652,11.108318255765033,83.61514562676533,4.641534728551837,1
5.338632065419892,193.44491634861635,17046.304642268104,6.991125529719675,,507.7841878953862,11.204816647604487,76.96093604819097,3.8809221552205515,1
7.128555151090546,194.0699439003599,12225.732904158362,9.186867667739559,,362.4745038561366,10.599527122578168,66.71959876971502,3.095454254931412,0
,291.87965105274054,25397.62796323725,11.027364970199091,378.3929453138144,384.4531815921924,23.384989822299886,69.13342256384342,5.722729219445669,0
6.37524523725191,161.5287080168077,17336.18850922094,8.298109941847041,400.8181042469281,374.5886506826529,13.830634698101791,43.82408073462017,5.830456290562323,1
7.733187503936127,203.32703794126047,23295.26004087313,8.839030151815399,244.06903526310083,398.143756213155,16.04863045464491,44.547928154786646,3.807861448806319,0
5.9093498180333235,215.7282477589697,10233.02714784094,9.83195542073379,397.1573990867381,533.1617667958143,10.535962850615833,64.42373893487196,4.316885771472959,1
7.844731061664177,195.94969585698573,19802.357506357428,7.513216301291003,336.5555763147927,289.91359235803907,17.465552719735932,74.72250393375191,3.602474715244585,0
,199.52577848900344,28284.128084420772,9.600996380306755,374.5215125855068,330.4624951271942,8.446900136699794,75.54293446924859,3.727970022799705,0
,162.5661153821892,27328.028092062406,8.371993789176837,353.76515333798073,316.7453546165457,11.069290940838538,60.52048743935348,3.086650634567813,0
8.865458555265176,199.40755822728582,15100.100595441434,7.347500027712284,392.05619719759676,538.1355160548775,11.886466131742402,78.47512937192113,2.971395490983771,0
2.5085511519708685,212.3647678775799,11768.321481080688,7.6735388344333195,,376.84800522401895,15.022276077077304,89.41682274409989,5.408436978099752,0
6.155926461665812,206.48321869667612,22152.247559123218,4.242161197878838,,399.86610831320013,11.682828363512265,64.96358785003946,3.939761050607701,1
8.618022051386632,214.24642892518693,26934.257629860214,7.581548431504917,,296.8292657663251,19.329193733615703,71.4165552871108,4.009456242975311,0
6.604069912121339,241.20345282035942,25567.385979488674,4.6808789176948515,354.141897890379,405.00911710672653,15.960636574607202,63.03276308858716,3.3377957889025645,0
4.880721026295687,225.98292934125894,17522.358164951314,4.55207474045445,324.1455948370913,495.32173766735735,12.024308693921865,64.35383779471012,4.118176757772985,1
,198.28142763191798,24625.92036060751,7.424748328659855,359.96700060825947,446.23656386183706,17.59213635432605,69.14694203192491,2.797040545957674,0
8.62035861948093,158.5037327397351,35189.65748309047,5.359755819583914,330.3064070657418,417.37087589610996,13.00216091479891,93.99288148267262,3.366483921267125,1
4.197743204177042,176.7998312092442,23813.118907700173,7.108760272940663,308.5841179162903,300.80915796386074,12.351559097107629,81.22747731137791,3.0341757246525765,0
8.773486651443026,188.9718031386427,7691.2926028707025,7.338726540572787,288.47488628422684,399.76383301536225,17.25619163673447,79.76798782694732,4.978449612603567,0
6.997346851436566,204.0750666029263,23796.066965142632,7.409218369291073,,437.75318111407057,6.205678899568948,59.049365566732675,2.681519276292163,0
5.2914070043363495,180.69335163201936,39939.50263753458,5.69148817687348,341.38743763771345,346.6540114373356,16.724896320204742,51.849562589574326,3.050211912167485,0
6.205327391545963,166.05653762610075,10723.582568976228,8.539918164320294,252.66493602550602,478.3912926382305,11.946787179094928,72.7104741434879,2.372880368243803,1
5.554163488347538,157.9776419481492,22274.685284240524,6.979008326383595,301.01686716068406,496.8054837316056,11.941795897947173,86.54867408639123,3.275790381041652,1
8.379337801287793,143.162311710223,20029.038252308183,7.816899574670436,251.13562616424966,383.7081033076724,20.761851885244983,94.3191512562316,3.611573634887727,1
8.178641714644257,188.4815774792138,22854.89355284231,5.229625409963745,307.69993098690037,484.06657550173634,12.54699785315963,26.667277533895636,4.732668694106105,1
4.50125829918593,148.97070585375025,23717.59138315858,6.83824246026234,382.08990410577616,417.22083220127735,17.454518288115892,106.03149034001336,3.7968416852135913,0
6.474611822220999,163.98317810696346,32011.55431777185,8.85372528356679,284.36922834911775,517.7710385263051,15.221507606244577,73.15518856161252,3.649742211111069,0
,183.39514006898233,22757.549421735108,8.652880658257748,361.8295495803145,588.7320528046464,15.563870383653592,81.12467189945345,4.203928336443085,0
9.020264952689056,153.25064609947412,33215.56631674965,5.8602775609794575,,338.50676144534026,13.47321054917063,38.2129054277919,3.6245355641532755,1
5.054851322810368,208.15207003195832,20982.15987244255,6.258018058891745,392.5950633815513,487.55875228373327,13.301038842268436,62.5621254444126,5.84972813289889,0
9.486343657027522,219.687138035382,18943.300492242466,5.557874966499166,338.47404859603967,530.3971652930182,19.342361687534247,79.73013625373478,3.509017329855664,0
,178.41833536718724,16145.265238751428,6.082867589147806,368.1958126876558,348.3455727718534,17.370518230301165,47.3690863087609,4.29269519040443,1
5.337098390429869,182.01512615647994,6078.14675461626,4.909473285683685,276.84300510009155,379.9903465425072,12.65105283661654,19.609355806525805,4.614635511017404,0
6.0640887239860835,213.19775264445047,24432.602982589615,6.901682121594611,268.4899992101673,379.0898321416637,10.848608735724888,,3.486623076689571,1
5.877571738847324,173.15215688849028,40027.58252989806,8.120358669128894,334.17662247225513,415.37750091711024,12.371236679843806,65.59352085676237,4.098990419460257,0
5.168072396976741,170.95251482888656,26032.725135797,5.879616475194296,349.34303310220486,397.4907595023503,17.53893439116759,89.7496608236048,3.579340547625363,0
7.222240289595564,234.2879513019613,28036.77429599793,6.976842073395341,,410.13723295559345,18.18968285639915,63.80932069066923,4.183736230198418,0
5.238126673962235,224.29400763880918,18391.71527962323,6.771612515942456,,493.03906626225347,16.131313886652574,64.99515555206358,4.048720869023203,1
3.809450686892717,215.24960007500542,19871.196158529907,8.787087595925186,340.9292148588275,274.3350622491075,8.964655927012224,77.70237559131668,3.860579267520127,0
6.51048529372774,225.62062788461097,30649.305852682708,6.153684897849015,339.52357381867193,348.0885262686899,16.787470965744756,83.143031056663,3.0686604259538806,1
4.375715705373176,132.7270807882444,39630.24322534172,6.211158549911655,327.61284167136483,479.59424609678933,18.601808071889582,54.91827539091703,5.423681941821353,0
5.95175869789872,239.32273749737942,35063.30339693811,5.783286617298069,330.0285300785059,470.22209188966997,14.872736600737523,81.70087990514774,4.427391405777096,1
5.716345667094966,208.54598773067974,29075.995402714754,5.32273495827599,297.957115391778,341.3166244773288,20.8333500834855,57.947912003740235,2.7308628650177535,0
5.773175891961278,228.34500428818353,22322.270581254765,7.956112286486213,344.46800374378347,470.7761560242935,9.94079683550066,66.66764998037058,3.642111719796577,0
10.08144465238523,208.3891769317236,23853.234878124425,6.906524941797844,340.9970491879982,532.1493565455821,16.559864817475017,77.26646983347919,2.745871097296975,0
7.164617350754356,197.565594389765,15405.74080861421,7.206599578520817,,422.0778788427592,10.933269517072102,80.0912087708236,4.564423465515046,1
7.448056513492999,187.19010520441427,9313.570838175698,9.133933026788727,360.29674490696624,345.3631182348891,17.793188297930374,71.55670148375654,3.9530094920701377,1
,207.74862006035858,12131.978402445318,9.224687546966038,,495.99634050513976,16.322440823945392,48.895003702062176,3.9731806646269168,0
,186.02406691505433,22450.74630275739,4.518949793621011,360.77242813499396,563.8436344776699,20.244474195317004,36.101873710388936,3.312953563645788,0
7.402953944912268,223.7720352020836,19453.227867288042,8.143578783490996,,355.10877572483486,15.949038349337139,63.35511299076388,3.7238600907141945,0
5.543206630630491,145.2333873743296,9126.996249608366,7.476522142623679,,429.1401659160027,12.966780140400644,82.13481471109817,4.584003598478102,1
8.442094265276978,178.66957242258312,21686.673965733815,6.39068622134942,295.6313059225985,513.2124507909616,12.67946829901061,73.68509855064345,4.7935490784412655,0
,261.4343439512527,19221.366054433664,7.6377402255041495,,435.2286971970549,13.47441510465789,70.3209347195566,4.6302084735569204,1
6.650450796202237,175.96542516568343,11728.115539158616,4.3923144883511585,295.7909954221835,286.2162933593532,12.61461066395469,66.28616978524298,2.7593098456774423,0
6.200922540036662,188.3621208619687,18767.53007686198,9.430974901586712,,461.47341750286387,18.745459603796043,71.40744986424133,3.824829499295144,0
7.326480989072874,167.75741013279756,19199.242183717663,7.933611673373614,365.11659022981354,347.69530909416807,18.509606313313686,50.295722933346525,4.167584496676914,0
6.1192648922168615,206.74706153234638,16606.092282862428,5.752987563164399,380.27256151903794,324.3421920804789,9.361327431690244,79.03926947047756,3.396875040306016,0
,172.43952351544976,30140.89734508499,6.195051849525153,376.12060569801537,287.7801607211364,14.426588472172735,80.11016462643882,2.6759677330107134,1
6.725804862333022,190.0604500861744,5325.553300441654,4.429028568635044,,521.2325834532544,14.506222005440481,60.644698764838886,2.966428173923372,1
5.978418363913049,223.16372915312226,4598.542851464783,6.623947545258718,,359.2230944786059,11.721725570057865,73.47952361655653,5.139824319587899,1
7.807640802745669,173.63957059792588,22042.816329618534,6.357283475959879,404.41067697670627,452.66689441982976,15.746224973843685,38.59189867720592,3.0406601225553125,1
,221.23555581648708,22857.03545097052,5.026325588344461,326.230094342931,472.3163544463522,19.12080776483241,69.3167762387356,4.007097344750129,1
6.947079082120249,222.3113380979314,25558.966742886398,8.347189529261449,,438.94551918521597,17.24296964704578,64.24337077274501,3.8480587038917324,0
6.434312499807063,229.7585950310174,17287.202332392346,9.137339559717272,374.3061360802988,449.72566239791774,18.745325683508614,86.7995730913018,3.850050291369553,0
,200.49731183737728,13963.808229340251,7.076770425729725,338.89480239881254,456.48384699195975,11.929056103132325,63.181987333602024,3.720508055882243,1
6.726248634278728,299.72029046325713,21949.83751626531,6.637077925102739,394.74370908313824,437.0478149316315,14.420475650130006,80.47236511677133,4.585526870491803,1
6.6199540682610944,229.74507828934662,18141.359752998073,7.8072756713682345,342.9617567972148,365.1872388547181,11.77336265842172,60.06300531884349,3.9977780768605506,0
,206.39608398101845,35616.89621883044,7.088970439257832,,358.0530270278729,15.09011923291587,29.365168423883354,3.481989365234353,0
9.624880024456276,167.97041874938446,19170.527018156066,5.410156838354726,395.57095315976227,417.6014764659259,15.387188000053918,62.74631160287423,4.0100481829034536,1
5.069465687968194,192.89410797202748,21547.566219441225,6.088768781192128,269.92287985348355,415.9068761560787,17.467465417822993,69.5874675328377,2.9735155522279695,0
,241.6424632608011,43723.417084273955,6.651631109338111,309.0001455112767,460.345578594126,18.634523117694954,68.84356755975384,4.341236785858036,1
4.240243258142843,250.7051077000406,20305.952811571875,7.51213481927318,296.61811815393645,514.1320053732128,16.573624641021016,69.08839818543035,3.4388458567377778,0
7.405909737342936,243.30653121408733,26891.495707796024,7.13475201424482,243.00172907849534,453.51242884555927,11.461439452625093,58.19544192167782,3.4837705008396407,1
9.442624241413096,221.12615381534783,27682.133730798316,7.452383620379643,368.80023354868075,361.1293024706271,9.837830042730083,,4.370177078923155,1
,155.8188733985417,28428.392415408744,4.710771786411404,310.1458450266995,251.5075348215507,16.016066101327592,48.15322971779537,3.65229358660673,1
,211.58917817042143,24552.803317656682,8.171044035654187,370.1200897075096,364.4850235296541,19.251719659242003,34.054988218751724,3.696207399441742,0
,156.27512390230407,23713.98376698017,7.125397096733449,,318.44077107787797,14.2181868056748,64.67536414524577,4.880751583545452,1
7.126570800732831,148.40092181181572,22893.931721871508,11.153280305557242,357.89284113173505,367.5702238111361,9.259601244961038,54.32771006353054,3.210913567813659,0
,203.65307790647162,16962.53347740981,6.507537695121267,314.3286212855335,445.3821591092169,21.17969465713645,83.89333637979482,4.358740301335944,0
5.901035088102967,212.742382312632,24868.799900900383,7.631064422272808,301.66582609661305,432.7512406270941,15.915035015532768,31.051864281180876,4.710628741310364,1
,224.90806715138575,39805.22399421367,11.590166276289434,336.6801958840085,574.6542093550568,14.86476700296212,71.11450454613754,4.880179815197884,0
7.3775717409396595,211.90835969235502,32631.6803416104,7.4266647746150225,370.6858955156349,464.64652416657486,10.445695201678957,100.76809369095795,5.667685614696964,0
5.92917439720404,213.01075154376795,24679.361054910063,7.013143747943894,330.93433777516657,578.7333826651761,14.353513535554994,63.43788780941641,3.469130613987034,1
5.870577268972974,164.49111728024394,29519.627329389536,5.560663406293971,304.220610772076,483.2111523191941,16.566717735245327,66.35548093095092,3.2930100500297974,0
5.039634843611738,192.6407460900907,14391.32728043218,9.534660860190197,283.8402582526673,512.8565394644028,15.959968377826705,73.30681767353815,4.607428052099157,0
7.666087539133344,147.77226285969638,19729.308407668468,5.288619493841019,,397.2878182703233,12.056372477096973,74.57321520673278,4.7033880688165395,1
7.897984892950591,131.89218785919374,30326.643133494166,7.794851048620033,310.28323106792993,340.0392573336567,14.111684566240253,59.78218114771754,3.3532269747492025,1
7.427490666354776,219.70056671497838,35056.45628662834,6.371782592332758,,390.08320873592965,12.267177883278674,50.06560139721984,4.3481475031591,0
8.527755739093,171.90001939868932,15253.503670723534,6.820848705126725,323.21006992780497,425.0504375457601,19.791733223558097,76.97407692031858,6.094881351345312,1
7.211801455621091,223.91995206857771,17772.930526358912,4.870187015596108,314.77833003793364,375.7472892795983,17.25308412949917,35.48940552384496,4.051638236919043,0
7.668016406048635,231.46712249216125,41144.66571231476,9.242141010339555,345.04594599114,345.9086060423319,12.569694933621184,79.88209878481663,4.690329067833601,0
7.535756138456344,176.18184561205769,22858.21116047389,6.681080256649123,355.7346674499084,459.34701539366074,10.444050125778382,60.052863910095375,5.199855160767944,1
6.942689970872689,214.88995502576958,38004.884500582324,5.200158338949007,413.57643673068213,345.5682267042198,15.216789771363164,66.44997949621182,5.922921996691007,0
6.283767257805529,174.84298468436347,23828.1386725087,9.099251143323345,364.076676302065,303.3206441505175,12.673702613932983,57.88515248577639,4.161645712410627,0
10.401228923687867,136.93187601194163,24173.001075994067,6.323463835401061,,336.23311088819236,12.919588009781403,89.58029850105031,4.947366165763431,1
6.402073530219737,199.94590094215866,19334.8449152227,7.6486795209345395,299.4373847725288,407.25156093894014,10.553793359250541,70.43397346027844,3.354974589316491,1
6.081183433319346,180.93203584909566,30280.208591044706,8.449437883772298,267.361264400192,346.72647137883814,10.962351209078252,61.18784461688322,3.989407136689481,1
7.731014735175161,181.9171516612118,33921.70911616608,7.868974242307425,332.40835951547353,407.7528077345192,14.836811503449733,60.73157309060373,3.6217670695781705,0
7.457781622942508,259.2109797710568,12937.030441664596,3.649315830211524,,474.0355444223368,13.419301122121325,63.9998544183805,2.4994342796234874,0
4.972812678584509,147.17257655255452,18923.00865702677,8.218663587544905,361.74763044453664,471.9554437490681,22.53849747386829,105.23043085984722,2.719633657198621,0
8.764017381845608,208.25187633188708,30039.23865876191,6.961030254989097,382.6666444653896,373.1339272728551,16.261036327803783,45.063168616929914,4.30542540680684,0
6.93870813697375,164.16616841136795,20877.858446631446,6.600134659050735,,321.6846730368841,10.499405901340356,83.94269133164502,4.3207573622666775,0
,225.06436509655438,17687.009440963746,6.947661580619149,384.37205269025253,379.9501227880634,9.232400398043527,75.6033056508573,3.157529707553426,1
8.86317617153081,205.5497995576021,30867.684689434653,4.576148185573091,346.75396768361526,478.451584782684,15.61396558257173,91.34495038907563,5.184760582462875,0
8.01851335739423,208.13901917377964,31691.28460532872,7.423630045165648,269.69545284987447,497.13569832356546,12.990338587400846,76.59088208210267,3.1042143542526146,0
5.183187012078129,165.76353223672768,18070.638864805343,4.96426162953929,,454.2311936826682,18.69386733336536,66.45448060594245,4.170669788416608,1
9.745774260386586,171.50118677477366,23876.454450454283,6.668373258900522,,522.1148840796336,15.230150666917801,82.92444758365016,3.6461132232706626,1
8.06819605254929,225.67201623506836,11415.676039919876,7.366897801830373,,564.3361695695498,7.757682978008701,70.12225495445857,4.053419458889745,1
7.064705826562431,252.66552709528202,14160.632415101809,8.81697859902043,373.96347516292985,387.3417657496378,10.935899815222147,78.63028769582225,4.670855947958027,1
9.46532820843267,211.36985015117398,23102.92908580974,5.825011207421651,350.6412901056593,544.9250603189192,12.071569215176476,89.53715531387151,4.56072677272231,0
7.318946675744461,167.28253693531414,22289.437527075228,9.413508047516663,,405.1560383366605,15.758721896615189,67.89882357592423,4.522116965741735,0
7.037875387343952,206.84603271878618,13534.496675522336,8.616028140553933,327.1359229389007,507.5878957808051,10.82591698149914,59.52496329724384,4.422521389385039,1
6.089549825967016,273.6791054188035,15734.908680156703,6.441532606864953,266.6765479951134,482.685797493821,14.804298060063303,55.970247799164596,2.977259335440639,1
7.952775658960618,199.27752994300516,12673.560875489744,5.3681761590838875,359.6115371029146,267.83532645979005,9.890705589999037,73.6987546030676,4.854933112374745,0
7.79490445098597,242.77890750059518,26004.874945128857,4.838770432075934,,348.70182920585677,14.320411882628898,52.17367177507453,3.1429749748646847,0
7.102020209834567,172.3094602931612,4757.804245012037,7.549371085422361,282.10046953535465,328.29696669517136,15.521085748679106,60.73315957865332,3.8872934083570123,1
5.895020469198595,194.65324634763562,13142.46769675708,5.955091043725514,,283.436237469929,19.12298404728127,50.72538606042242,3.695965001358342,0
7.2748947812491105,215.82608659601738,5676.002625510544,9.01498375234511,296.82285783399107,496.3451986716525,15.11039889789705,74.6350937183856,4.243096168245734,1
6.975301821356793,208.71450586441165,25688.81069583449,6.046352348871332,314.3898838505282,591.5017484096053,11.604774749972417,54.21507651662164,3.5919221078270795,0
5.079788521898698,171.47556223644284,6204.026766020268,5.696939851517884,349.9093494861536,405.38619962407574,19.226916786961922,45.55492681943015,3.846361722004173,1
4.872281473013722,170.0954413718208,22292.26507115669,7.489129634966016,314.8341659938525,494.33253322931034,13.695512480514266,48.40543814871445,5.232717069881309,1
7.927730068214654,227.6251008992851,36392.6256181049,6.036045965688111,,544.7700254152595,16.852770334734775,57.14836855302638,2.9597023689165836,0
3.1771675274224664,234.12962600480463,36690.01601574581,7.133508989522709,,442.66653601462076,12.277443955138523,58.619126733872264,3.9680761832728466,0
7.38811579044189,244.38859385990145,6176.190618301738,8.677863141492464,378.17212971450033,423.9749548067968,14.599568257644966,70.4735328579667,3.100980811871282,1
6.362875413369263,253.72577546409178,24631.05220630348,7.305222344036585,287.15457508984446,406.3449657806326,11.655815815892781,63.78170272317116,4.4959927188619435,0
9.042369910319865,200.3078219623231,13340.721730743413,7.311123847910304,389.82308672338166,469.0047105763979,15.36345785265239,72.39903485887483,3.4031515262679917,1
,186.041624184589,11550.196966821037,7.444131800075301,393.1089636799258,495.97552400260645,16.95263271403994,73.69992289757593,4.0000584233963785,0
,239.231710040911,21018.86849999905,4.4449035953490785,396.6598771807239,462.94439248313444,12.667162390768976,78.39609208514227,2.936761351529797,1
6.484629238143313,218.81821701925077,32786.11344630351,7.739103644890175,326.52959239157445,460.19704606534935,12.481673866023975,,4.977401068331974,0
7.250622230229215,164.56143172263708,27273.00832691254,7.372691891226916,302.17445859427863,421.9037679033636,15.477500120931076,48.138981384130105,4.026776135199418,0
8.185254796380077,162.92365870339484,15742.214057205136,8.530777776633805,,298.56363799417784,11.577447299066698,75.38916491186104,4.077457101230316,0
6.38616642551313,211.7417664434019,28197.148157285723,8.077181065796648,287.8270246504324,497.8173111005277,9.2907858317929,69.8248799398043,4.616668064390433,0
8.574832326747606,190.327210832512,2336.6779293976724,6.800921162063288,,323.22999043081217,15.465548180724078,82.22631384758324,2.993901349514415,0
5.589453184340275,195.15424144829768,15410.665347740482,8.75118076858689,367.7619261161074,475.5508513668657,13.944599317154218,41.38691441800214,3.4902825991777013,1
7.5218892638375685,230.32106767072622,14788.471152970033,6.657643497771901,386.5688960804811,486.45893199943634,13.87476400824609,58.70249591748992,4.102642246032255,0
8.46395958418178,220.28918863952114,22700.872466550427,7.510508224442774,,334.7654316407419,16.019532368118092,61.598645029763176,2.59564909229759,1
,238.5559439493898,20235.1987587018,6.628383899842618,331.4137810497082,377.37593675158763,16.48047616302036,69.09833336541536,2.6793911855497647,1
9.954667315103116,134.19084459605227,20773.29850895361,7.849577331778675,328.72831031054073,595.7179641111795,13.768693757762245,,3.329415386144447,0
5.934841024034009,204.10873335107843,20481.709720969164,6.525146143432336,306.9535097555293,419.6414209704495,10.595190962543159,73.99906006867998,3.0800218384480784,1
5.011276122977119,218.2300327167106,22210.511503474292,9.723131542127676,363.16573072018537,328.3829059652385,12.192663549535219,64.54260582899445,3.7017865894020083,0
5.588497337257321,147.1492525859941,26750.948580223623,10.30743312481651,347.87677811155226,490.07033917704325,16.230380970535784,88.63184758946588,4.377497070452325,0
8.070663849822656,175.0433394780809,23323.633098917897,8.500822441613888,,364.18598355414554,14.750128789368441,93.79759030638907,4.55490665512726,0
7.826884401404068,169.10447480547458,19520.234568378022,9.555248706074165,347.69052300703294,272.35807820367233,12.485794093000317,48.29007259493058,5.381340305779558,0
7.233384989471124,196.69434147391732,25537.33241388794,4.688041120242706,358.2335011662568,467.58156384371733,11.711524596744093,67.13080160626927,3.9523529337140224,1
5.395564426339305,248.09132699821004,29259.10347783474,4.874223165625509,357.8229177843459,352.67057473734974,16.33881527384456,,4.090399862727362,0
8.23030093999359,260.7228609492768,17137.652938362542,6.611934304722683,298.62191179900384,451.69506737779506,13.56854706164522,75.88231330369065,3.9505931615339733,1
,169.94279830165496,21493.038052000633,7.185144925109026,,360.98479695181084,16.78396536994805,59.79293328576191,4.219809246445065,0
8.81842437356535,212.84983201579436,32203.920557918562,6.806832279402528,343.47001082490294,482.5763355415748,17.201808131547253,70.52881114099795,4.28072657849335,0
,213.88153126855408,12342.788860365283,4.525426305579933,315.18073600580914,440.67986596847487,13.267628824058892,40.747975303299654,4.689251852395223,1
7.629676719857326,208.40402468847194,37841.238261164624,8.939514895991362,342.60341734929295,218.86331288328154,17.433836699959127,66.08990156914102,4.686202436251404,0
7.954662203486615,208.7673483116555,10269.610871533923,10.52363320870396,,456.56100325636703,14.75675218972438,42.743079987067375,4.375103352819838,0
6.340710346656661,205.7197600784425,18985.15235973446,9.143960533092745,377.35313035372906,402.8214937255688,15.183602184027333,74.62925921732356,5.147934800889973,0
4.364680018369776,250.00224386580544,13680.833727397374,8.835126764682625,290.1076192321076,539.3374113752644,7.0771279861305425,48.32148124079488,3.990870506518308,0
6.175920955454666,231.27892845977783,41202.11976254443,7.477268976130053,387.3243584998219,457.6166279212681,11.0959597155326,69.04113743124165,3.4929771945478882,1
,162.07507527685544,17599.620247010476,5.788064154251123,333.9498206087029,486.4926275002412,11.274908599204448,71.57096856482931,3.6205248593714963,0
4.909493135377477,221.46307458817756,17621.623057244768,7.234594323164829,312.24771671930745,369.156735918326,13.248439416068221,67.62899500331336,3.8874488193850527,1
9.663539912993475,224.55594798436647,18762.53355072691,10.446829098209577,310.9929179058575,362.79457993456293,14.677358325257467,56.16236362050534,3.1247646367943287,0
7.489293777038659,206.07895318885724,22852.436625229944,6.563858782238851,291.94392190795423,423.9480535151548,14.812326072635214,62.99203434637734,3.4915733023005635,0
7.649531370920975,232.20557985608735,19133.565599007437,6.401167548438172,261.62248976597357,397.150709856492,15.242964924411133,85.53336102499749,3.080926649846576,1
6.616466452205626,202.01836909756918,20848.582723461557,8.869539781384184,360.77339509472733,533.0407241768065,12.039682848821638,59.5213439222424,4.238289004075275,0
6.820693376334845,202.41496707444003,320.0,8.974423960178042,414.21634241730055,413.7344753021338,16.581497780456967,66.74716773251895,4.2459804573199555,0
8.526826023359,199.87969742966538,22515.291761736025,5.780315146875811,266.6777706977316,328.01426000130175,20.27065186372025,57.38002136776686,2.5902462791019563,0
7.031494321957177,131.4161892544106,22170.164070437873,6.706854311084872,294.0324554468553,359.79352690490714,13.134027871417883,82.93091901251668,3.459815928271014,0
7.876040907037099,193.42725139501204,31122.24835330669,6.326989316475734,363.81491075495865,503.20408676912035,12.10989504746896,67.6608585575961,5.393647299817804,1
6.785993553232476,174.61598161745374,33494.46451641036,7.230109218916523,331.12888674447163,412.6194124589658,12.03840498109412,54.02362106288903,4.461228406091414,1
,158.03366469783816,20367.800301593936,8.863824940103358,367.2111889332811,408.3430585640191,14.582043827550624,66.51542918821441,4.324382472375252,1
4.969628751597207,241.88858511166472,29172.32904628059,5.8496365166176165,328.8294585508977,510.8150055374237,12.564981738277087,62.49528352,3.451882459358252,0
4.113376406449308,212.13464059310266,12353.241795499047,8.84167040333436,,352.81894489075665,8.589916236825408,88.95983019652404,4.194080392150601,0
,195.04540540977447,28743.592345444835,7.280608973295667,323.7404734624016,247.18589612581357,9.492718820909484,65.67606239460225,3.9586822636573156,0
7.164745037989849,177.92629276472235,16993.38724158976,10.79538357537656,,357.7706682914686,17.666627460242566,43.99946800823066,3.3485378407876967,0
5.150804944936814,205.47742670811968,11624.20320449942,7.62375279730598,286.11714182841297,445.3671270837073,18.529920332407137,74.47785843048234,3.5848442016427535,0
7.028287702448051,227.72595498616042,20386.387292150477,6.966868659985761,371.87945434296677,406.0390783729528,19.579635640261316,95.33461642051769,3.6024223333839323,0
7.160628844485753,169.53709300649788,34296.14336192452,8.028049268843269,,301.16563039324535,15.046804647971944,85.79028041064927,2.808834856415274,0
,195.84549208714847,23601.418557129524,6.587308944138208,390.65280825878494,507.28476250812406,11.030011823752423,48.5324747276789,2.937617532678458,1
,223.77812796323752,35138.20105513939,4.283468465104116,351.0756432043693,439.0797556867559,12.8545467077813,62.04660406193332,3.814414349202549,1
7.690895840603202,134.04796386930784,15447.614099835399,6.7399765446516655,240.50117615426294,457.1211755770794,9.378420804566503,65.9029325266905,3.3085614887211947,1
,194.15776760302708,31203.65418688587,6.715056097670624,306.9647323033272,459.5688207826696,9.251356434511486,66.0995084913168,3.735283853559075,1
5.349487625400359,182.26267614247877,16294.556473431989,4.604138412331297,387.3108827384939,322.1180603320084,15.142366944856999,72.5715820862972,2.7175907835339124,1
7.317672075749602,191.71744455183892,23990.13244896031,7.004604400124702,,450.23031331435925,16.078738113043162,60.8255636760225,4.595034285520501,1
8.613610838040708,179.9478861960991,23914.30840734307,3.8539658451171523,388.86855746329695,498.5963026561605,20.762632733896602,51.56689394459072,5.592773964385884,0
8.245609438486348,200.40398736663346,27815.282506514995,6.570654800454343,323.3136489444382,517.2248184296524,14.025791198586214,81.8191654514447,4.77136856761082,1
6.937071319479098,257.556071053527,24212.99523662234,7.504881667430582,,483.7010660010362,9.819145124341517,48.19822946722448,4.851817062225058,1
6.378035530013562,185.63448083428636,15531.35160330266,7.273253959878407,331.3341048117023,467.05037268736197,13.897662733608394,53.405712035136965,4.458375548440527,1
,205.3347522910114,29734.291969851787,6.470510232838827,333.60708774744074,287.0062988183669,13.367884642925777,48.097547490885745,4.177156956093965,0
7.7817296743644855,259.8318853890916,37200.62833223371,6.984861964922047,397.1881576237496,424.8052277778024,12.678935466565127,76.31784145432528,4.037487862515038,1
,178.39950149207823,16894.043986813842,5.881178188785027,342.33944330501066,349.4740520450843,15.434373572667088,68.12483521252028,3.2566692418998793,0
8.0241060091533,254.069611165727,5919.014689577067,7.137090100687605,333.6839283341116,528.5734305557087,10.29224065395011,80.71275863921532,4.508243493601502,1
,196.17033621206744,26393.032614462725,7.211776522414998,336.0133010738818,516.430359390164,14.731380728325673,53.67986665665111,4.4619525903346196,1
8.308145925521163,253.02067922767765,19109.547944162652,5.697605034915615,,349.9576951423845,16.450158776874282,46.101187504033305,3.6088525227002286,0
7.221888799436551,220.0064359982822,20864.22795327205,7.542964736804374,358.6840435285243,422.32174530351875,18.985134641765477,59.20880452138233,4.380283184670552,1
8.25703307419753,205.82746760263748,26891.678917760975,7.5330951950271166,,445.88075548056855,15.3242403018186,63.44354395447865,3.4287226657787793,0
8.386234155549959,193.89981817962922,18011.438390429503,6.8573883365419075,289.6375638203517,498.0633005991227,17.742297486713614,69.78736018587506,3.478400812469805,0
5.8732100546627795,176.03067392386527,19656.168211316002,10.945254317333173,,291.95054001060373,12.835143066989888,39.14525554073889,4.5745821722862985,0
4.367783929693881,198.4253295988593,21135.951836466138,6.897690229038792,265.71730692813696,249.2302148929894,13.295842095538557,74.15543998519554,4.305811398170471,1
9.39523928402183,224.71556668864076,34903.74203612859,6.678809892310632,,429.0518808672657,18.74789523601162,51.91333243970985,3.789083417345422,0
7.464988096068392,195.58043420810654,22277.710428076112,6.4526188874517825,,223.48665420996556,9.77377139761941,55.911866468096534,3.6988203992592013,1
4.508271156755818,185.86807023802055,11177.1426962528,5.585916027539288,,438.68579278496514,12.969637002589542,85.41409440449098,4.1063227444587795,0
6.009270754171934,187.97495890631126,11526.14572039242,8.203717828552577,372.8460127939213,473.3766218866194,18.023872812195687,31.03221110365819,2.5383875719893942,0
,227.75925163465772,23235.046412954704,6.035729790529269,333.0140174522092,524.8863926662218,13.603331341316716,71.62453284010464,3.3789398540788995,0
6.66048475330066,235.20516656319538,12108.916433940114,6.222641927743551,,376.1945398995206,13.357513294824862,71.56340380709325,2.9832148918476538,0
6.31190787102131,174.65118355941215,8312.59841967511,6.269578335929015,350.4835543191658,438.8945316908125,13.424404015330511,53.13568337501775,3.9792453927749434,0
,174.60518856168034,27587.650640491272,5.563789244959352,335.74717801381973,478.12078717282594,14.686600856995911,59.15853000116045,4.819122399316536,0
5.509069280424285,208.1394854293476,28017.050993158013,4.353288334579338,324.1420201738789,331.9423993268514,17.884076678333496,86.1809581948508,4.342183801192813,1
5.88276996336775,244.88102607223215,18785.442597750905,6.388555009888474,,499.22782382012787,17.349964010466607,98.19936141233063,3.5710315848768115,1
7.397079712572402,232.6716898660019,24589.39198340049,8.49986979408542,,447.947386018212,14.337808896946571,83.6485590435282,3.418854461850315,1
7.665682398080824,155.94072921024284,23663.826819594542,7.431228092635085,309.1412139099534,377.5642935435352,17.904882272719625,96.95112101771963,3.381984209420842,0
,187.54956896026042,27297.218014948878,9.585708926897238,432.8158394228155,437.3104457780477,15.42791677898813,55.20042282038572,5.529701356372797,0
,166.2206862499356,27317.65665755204,8.30651096188291,323.1592967755123,414.85324118562085,17.135096553808744,,4.023088591277278,1
7.3778679310222754,187.43959929871173,320.0,7.947864400232991,317.67596489341645,488.4059160198292,10.906380735493107,65.54753156273809,4.125805733425302,1
7.814075908407614,247.34111987313133,19904.824134109404,10.09458545579129,310.79291803500064,397.1631927882454,20.03722402032911,,2.3233188917917214,1
6.691186111027375,150.47677923894344,26556.019730322227,6.9665099598949265,405.85498455636593,444.16723947030874,15.026703078679915,36.35304828090602,3.048867904172924,1
7.174047454855072,144.19631061503392,18414.295696587844,7.2196595641378245,,376.325470547735,5.230579153851215,51.39139904091124,3.9355420321413064,1
7.241301270080451,169.48626709012473,22331.49714630868,7.101886213776982,,350.9725729046614,19.776439672448877,53.19059949319144,3.581433585737063,1
7.402647203728554,205.19393928243176,28597.63883931674,9.55918303527001,323.1891111530674,439.7226233527879,14.316681272995186,72.17632971066975,4.073785302571337,0
,215.86415426050422,22723.714295621463,7.123974200005364,,354.25858663851443,12.994869928200403,70.0874369327433,4.063505519391869,0
7.912718522917246,209.99834991556907,35238.45328914978,6.095721748958175,299.4178705576122,490.0464233159058,12.301245884882244,53.842395469229615,4.438352752675888,0
,233.62193290339252,31897.669432505434,8.048527349981306,345.9951137501391,473.3786025741699,15.750356166163417,69.31294140259085,2.512053919651196,0
5.86631102258844,139.58126098451427,20974.192378440523,5.830309498529896,297.5598779941004,364.79084349248905,11.368316567506946,47.854156006833975,3.107921705076422,1
7.181506887094065,234.026769227486,20277.13508274369,7.962884989930002,343.64212105702177,443.1024345498546,12.396208673186583,59.49191803562655,3.8923023842031905,1
7.037973322656384,186.0129497585187,320.0,7.773868675944099,,364.42400797327866,12.47550225742143,45.9104141064104,3.4650254975129853,0
7.369772369719797,219.40781791375576,19150.57573327009,6.820743784865736,339.99462776591076,297.6549755358659,13.335584755782618,63.966147189724026,3.7279834830677423,1
10.389787960710603,153.65038634357745,10145.831810928683,8.013982283897187,,378.22198660423703,12.59981277588486,53.432074006510824,4.0550413886478225,0
6.294340832188147,196.15861430429024,23954.183083345462,4.769291910112804,,421.9746536581832,17.114286634461045,77.58407532511092,3.3889522310218445,1
7.713433528688039,203.56066465884842,23354.676136522416,7.377480151693478,321.29836471144426,467.71269799308266,15.19450560583241,65.97576945426692,4.119970695622794,0
,232.98403319994938,28116.65498035484,6.388830692226564,318.558360121219,437.95839443762713,15.597021236536136,62.726767421123625,4.394307934448922,1
7.227002871149074,145.2718520765515,34262.80003898564,11.642376452109543,,498.6139692022583,16.31498730460705,95.0436147777126,4.020761673116425,0
,196.98408155311694,21783.617101776836,7.366203610031528,,347.5067062866741,13.992788908453187,,4.532167667866622,1
6.512941062402785,161.27247068345142,42013.25105556643,6.177700561342169,403.95164615987323,395.8641289670272,10.932979213891386,60.435903845162755,2.2751057207302896,1
7.5661338334800705,212.1758734146648,24052.599174578558,4.942283257036131,332.84749373139636,557.549336141306,20.25706918194371,56.94348737720546,3.5128927368861116,0
5.881791382660527,220.87092916659603,10523.402227105129,9.182541790934941,285.7600276780877,271.513595763934,17.360864360277063,47.265003783913755,4.6660181089448125,1
6.55271289728506,237.18944776025882,17084.62965528425,6.566948303152431,380.30605134019123,389.84365552592044,19.62232914598743,65.33268105563242,3.2958046030829937,0
7.453400865594987,178.879057462132,18745.0114383004,5.869663734020838,384.784007648022,340.2804841789881,17.713976789172783,,3.1899539334770037,0
8.349456093461594,225.6712475420413,27206.955115615132,7.651352758134315,342.5301668542447,410.3681276596737,12.780774367243911,35.38710892148492,3.871510811873844,1
7.558642251035361,239.5488507992657,13706.618374989033,8.146555753620932,,391.24420100511065,6.551672803514744,44.303466862949456,3.9564911559942635,0
8.968672274002104,143.41609696462507,19400.751507761597,8.121645634471056,,474.17243504720665,10.24398179575844,58.039134813876814,3.552936394933511,0
6.937552034110992,215.59503744315043,20601.67673741832,7.151205668433791,324.3457276391393,446.4416527527604,16.40052275413718,48.609472402524446,5.407987590901152,0
6.581747205241492,226.6723601209634,18083.980516860884,7.371520416281018,,321.55059424717757,13.964231866189548,67.10077127362021,4.193462787966256,1
11.13597766091908,187.72075563560202,29130.11289733113,7.48661857957551,,378.947034145673,12.914495465578044,69.35086309509154,3.2657513527302604,0
7.671356474163046,157.25524551919654,27638.38857684117,7.65150609969362,369.5823105559577,425.9906360699451,6.064673444550557,64.41862063948544,2.8471841984124353,1
6.0007776810321785,226.17458419550923,32244.79377486172,7.7913186095243425,392.0845764455525,485.15047072312115,14.256680027993871,75.31282400642341,4.2863497027619255,1
,157.61571751815177,19110.90916165478,8.849235347062763,,620.6365027743941,10.730130784167406,56.92442110339971,3.2472685808690596,0
5.665980128202989,190.29275409565113,32560.1667682721,7.2091354820008435,,482.2236631164334,11.909537483472459,65.65634126053926,5.649043055881837,0
8.484854033785181,194.71603015029348,10051.745555981308,5.829450839988028,343.1597818719723,345.0000063560411,17.105343519760552,50.146319925667385,4.303795387305948,0
6.533434060660137,218.897217654528,9837.869680318954,6.892019109095626,,418.4923795680643,10.903831551522767,71.01083925813877,4.406778137670543,1
7.271043713484729,175.94779009559895,11368.959212980059,8.310973693601294,337.7090975697348,440.47809560270474,11.218825292268466,,4.163975991460274,0
6.984736988342597,174.09332195750864,22094.786544383423,4.297285825751944,,384.4487303725183,14.912415080453396,46.98373318718803,4.8448241600073025,0
8.177238611911402,199.16529532041955,32558.85608238692,4.3064115313123015,341.68172546489546,463.62062447476353,17.178794902323922,63.888038121682975,2.101628018336804,0
5.8098838606739704,228.204495283832,16733.213952790444,8.570876271799873,,244.28983292796107,12.971070545157573,65.78728565307412,3.0314493734941728,0
,269.1984000209007,17833.398838461886,9.521794050625099,383.03178850795695,470.25196970623995,19.141810836575594,70.95239283216597,4.776627645472065,0
7.416445960772392,147.76060160707922,20119.52253193711,5.120983944669232,301.9903707515608,387.88900620556217,10.080391712846971,71.55351980645266,5.1404523312336385,0
7.981438927049846,206.0909445691705,27037.702642109733,7.278725647915974,325.9356444536845,417.223581464358,9.501616517992252,54.71678778911243,3.006480019581067,0
7.578798469646461,161.23087916050267,17825.22608958039,6.488718721591116,,543.25783512212,9.220356205658653,78.77104345850998,2.5514676904870717,1
5.865819406354008,228.60195978261578,17335.933279072284,6.707888422658234,309.8074333547976,325.0786259512862,8.847793577445579,74.87350199719597,4.100666993873242,0
8.096227263137092,165.96657448610455,10214.883540353056,7.602738993835136,,447.8175422883064,15.410611585028384,54.66181063867131,4.348621686627062,0
5.9642086093565485,174.41125701816563,17000.005854976647,5.077265038163016,,489.5137263205158,11.073295246015732,47.88830787076719,4.0849582541989085,1
6.297692032820425,177.14333250995213,32340.33957324287,5.370596349222006,352.6521351513568,439.6269166629041,9.646365199297577,55.89994334623326,3.9234893207632897,0
5.664069712916997,193.56163396096628,22811.42109435624,6.644023146784464,326.6409101721462,296.86461555838594,15.553329093947498,42.55930324838352,2.525553062086301,1
9.031737522978046,206.34232309947865,15525.475945125785,6.890306555327227,332.6327262477195,534.0317301841062,17.019032515729368,69.76970549560173,3.6774920915143823,1
8.030132311541024,211.47844459547244,32854.98264083275,5.340990933019009,,409.09167596749154,17.767832709820816,85.57367075382831,3.7937971958284535,0
7.98749006351831,195.81543852215094,16881.677586932157,8.367643326166911,390.8559075017089,383.7967319937577,17.188438733410255,89.42904613840037,3.5423726428197067,0
8.950817131713675,153.4434872819014,34467.01043206122,6.4602536624845674,315.78965428955553,401.16136942456643,11.270258562059457,48.752669033645134,2.4733840270229246,1
11.298973872358085,219.28915680992606,34323.63319618388,6.453528182414384,284.96390331231055,395.42828871955334,15.211100182684028,79.14622901816021,4.4260944959933335,0
4.516160844134767,194.3053227627831,22505.221963305845,7.566600888563244,329.2919539732618,330.7856261800179,15.939676205395001,67.768914221578,4.645294735638649,0
,233.17551328047037,8871.7206449503,6.9163249238133515,410.22601179816775,439.19604688618546,12.732885291205996,27.585766393178965,3.3501772426583054,1
6.155737373738214,173.35235905664203,42092.92039658227,8.443213364391184,285.4030771044361,378.22135936687994,14.84368194288556,61.01516619183327,3.8249421456583703,1
5.8037705664259605,144.72720872476816,25410.41101344007,5.645192390274947,359.65556351879167,479.6710617719864,10.169659841126446,59.21233437626861,3.5824089976253135,1
,194.9111679141416,19173.510793200425,4.912129176639711,,467.40763948921443,12.228919418889136,86.01524991479019,3.5899900321765923,1
,237.47048602509648,30399.24181257724,6.6305356491982,236.01309700483534,556.0535529411047,15.526898108440674,52.29053695453929,4.354669390773282,0
5.255094427065893,201.1501483717136,28173.195442177217,7.215173153237321,349.8191234679479,409.06934853018555,19.274890759345745,75.5216424245147,4.373508782526564,0
,189.61056642646858,33510.929328504084,5.159605608325918,357.7398361199969,361.74001991641467,18.09975072396207,64.66516897321074,4.808321565591283,1
,168.14889543496213,16205.20989327731,4.927349372513591,322.039256743426,308.4206131877828,16.480832976523253,42.977894146767426,4.7920646356177565,1
7.801542997145483,252.2485269337863,24807.01183003142,7.4080304960940175,306.4960189953216,601.467470885985,14.563010127956762,57.45459800135978,3.8359912472872253,1
7.8415926774573785,163.05271696368706,11613.918080751904,5.92270670364236,308.7828435465168,478.9686397212907,14.05173930718145,91.21242965290239,6.186841460167979,0
7.9845102801400145,172.78738375589631,27857.752650650622,4.825031487129067,319.52869166909954,370.6064063056167,9.52292015217075,63.59139711104294,5.17896252710644,1
6.519886594764177,214.24109427468872,21812.769108369568,8.645239241856219,320.6140627008011,561.4524071413709,11.542828438164634,81.07504636363402,3.4566508495231845,0
10.2617151039505,136.60733792362274,24478.45117061934,6.121764416775195,,534.4929907108826,11.65057897984082,80.18707946114789,4.068747053541924,1
7.431646674723146,236.78690129220286,20730.512921919075,8.936702334107265,,317.897799803589,16.196705741284145,,2.421065603187306,0
4.286272871062808,215.97417965495538,19812.828043440073,7.164983849952895,381.82246477771173,365.72200999328226,17.41832764590323,,3.9912609536050123,0
5.576436381350674,224.7753942979555,14399.612603890959,7.585719002047379,283.20842006447947,415.41401238717043,16.730692284437325,47.74054306927721,5.2754819148013725,0
,213.85974438238893,28946.07298278073,6.785830401166972,261.2886046458648,340.393192319843,18.202799245630338,89.91700608889012,6.1394174868872415,1
7.1060019437269615,190.84404744139616,35078.70440222241,2.924843653617799,382.4781893966069,418.27364296713165,14.538449920037383,68.85814607307505,3.875402744755613,1
,161.97924127502648,17132.01849235855,5.3238773441351475,325.12727186703614,482.956955715183,11.056330397440178,38.31209767813089,4.231208260325745,1
6.377361453150813,191.51758588080125,26868.5502285965,6.921379053644415,317.082476008216,316.13913133421653,14.135221442047452,79.91016055004523,4.4421433825415155,1
10.096389168600771,164.79243802391568,25804.250388270324,7.6962720369224735,328.44009792696056,449.44004383791497,11.908037601572818,37.4530094636187,5.514168785788257,1
7.9034743111153665,211.55696992244427,22085.01780552949,4.292315044626769,341.5803447319442,519.4798380346165,16.47093797279512,53.01678725400464,3.203280016361915,0
8.169147542169501,221.81695457753926,8625.755418391434,7.0353093015804715,311.51389968814703,458.0176191416418,13.115011569778604,67.71696883569136,6.0413001780011,0
5.683389768086846,243.25787619834264,10598.991230760104,5.34682274220183,353.74317623353943,419.95069161759267,13.974845663126306,107.2307890944177,3.7226839283211532,1
5.581282663003481,207.89656449769163,15164.788288400727,7.490699860841653,293.54723447383526,372.5518592338995,16.588953357914576,79.61921746932725,3.057279927641982,0
7.135208248645432,225.58641141104596,3254.9285742741595,7.089346758594276,320.62512670818336,492.4673497679481,11.854388844347834,58.58528629921023,3.724096260940465,1
7.339510709478339,186.49136840863545,34362.42950127224,8.294732531838726,242.19745353332513,331.8463910361572,17.481122733213425,66.85869159536573,3.338508095556829,0
4.295532649328314,180.69513158373778,25238.75731990609,8.805580229696279,,445.4233448876098,9.852932038533275,81.2992893089568,4.2970194394676,1
6.809539465725699,211.15750050613764,21751.2416055397,7.845204040852966,325.78040444105517,428.0412586442652,15.311618194198124,89.43418531149455,2.681132572645535,0
7.101108124310257,183.63286807305892,2805.6318650211433,8.479421870573509,360.4742677612235,516.0488820967767,14.000033308835397,62.38824015250512,4.080479229687508,0
6.757276251343306,204.61394524248504,6018.652601471089,6.566458888040335,352.53955795491623,379.38009911448876,17.030227928199132,62.858405674706326,4.487895772695426,0
5.859914381479985,162.04184994126652,21993.466025600377,11.58052550980209,355.5423649952242,386.18113504855063,9.76456592584885,52.95321420945511,5.126610514157458,0
6.27069722711829,167.78791416075836,39295.19699729448,5.1942658275380875,332.6812033284518,326.65081034948616,9.248389294789003,77.17557062590822,4.500872748343307,0
6.814711209640806,216.3330976325853,15886.890402193072,6.2861458709032725,,460.9827419680327,16.775146473341753,83.02074628274316,5.078594093618706,1
7.2162000354150715,224.37408241299508,29589.50858639708,8.54414656074009,,392.0947325574201,13.009956932887683,34.99330434249799,3.4975792152875824,0
7.9871873738258525,164.45900259306623,17805.255884690592,8.309299661680368,284.981679194581,357.0340818184119,14.000353057564922,59.97174257536075,4.277468399870433,0
8.701284307426306,217.45965793620547,22498.44830396336,7.8900746502449115,,364.6546986658175,12.122827768999844,46.74217444730878,2.2312029443203434,0
6.638478414709125,178.95245846287122,32666.77735479101,8.18700347962911,305.12916840377363,468.9684397170327,17.312274253429884,68.84469270220151,3.8810893920949963,0
6.395765705826963,196.52816563840992,18980.004203439406,3.8279796957224557,391.4440311032265,337.7631600221549,15.28741349435313,46.34527116386901,4.271666000279483,0
7.7364835103014595,241.3422213053007,15961.779956382792,9.631091937369778,348.3809216015915,344.8667228016254,15.094191490588244,45.0137149810453,4.342241383228855,0
,221.83959148873436,34450.47875967418,6.797852284990748,303.6242630050579,497.70891404139064,10.440252455022957,84.60101234751737,2.7422198062827876,1
6.428699350111672,221.46790361671017,22413.54209116623,9.088512807987946,,412.71035393364224,15.954968325574528,63.717375007278385,3.665670589497477,0
8.265590215449258,257.08129147062294,31583.86864444065,3.9070280052306297,338.45326986151207,502.4356068787446,11.02569736810032,65.42952017397882,3.7744068093311625,1
,173.47586108640647,16004.367205016295,7.525378235500282,330.2118787978944,397.25153477526675,12.126775008651794,,3.63532142486701,0
9.01752969848801,164.45200080023852,34350.53281258776,6.22966639895114,,425.9099280482694,9.794352706209004,82.12726718422114,4.5355045603788495,1
9.747481360079734,172.8920873526851,24413.711197668537,8.02394983949846,335.81483632295465,438.5039417548973,13.783413133871443,59.61879611228206,3.8008746010132786,1
5.780375792010842,187.8559662909883,25827.087481902556,7.6209713149007765,275.98307331272673,536.9829013717459,17.812761758222123,59.979703420591235,4.047475029266888,0
,120.65438034265941,23168.389061233862,7.698355520048702,244.81291273233967,530.4698260968216,15.048093464238494,60.048522259779354,3.5880967125703185,0
7.09691654492799,189.36229642570206,17580.984407890683,5.446872132594244,317.6820291594284,518.2589630553869,12.84199100856154,83.92044410433188,4.800563064635266,1
6.932889647201239,178.57373657936282,21999.241751959096,7.029988789106595,355.98020090903265,375.69449040516866,14.660182849733923,65.29621090052112,4.858602665325545,1
6.1061056205847954,221.08031255672955,18132.483612833257,6.835336064271641,318.14286958289324,347.0536344493426,14.641926108042917,61.68420734710104,3.7294934393376185,0
4.851656995153393,207.2774201283213,30429.21896939477,7.902589865897744,,486.86331704487253,14.518026656957426,72.73252219626484,6.193459601897752,1
,176.7777079113812,20233.18864480783,8.683089252784878,331.0776453287452,536.1407761840653,14.885203619857418,96.06631803641542,3.3721473177682295,1
,214.87874705161292,8889.6316122475,7.357751956773611,388.6450386343311,519.025498569499,10.868018631981414,67.60338693704284,4.7556135928266015,0
7.208990221121438,219.14441791436062,7285.453844143982,5.103647784346014,380.22804100983655,427.0439405866736,14.651576588099696,62.03495496020532,3.228219473821852,0
5.888934687451719,171.40653472667486,6870.681804149877,7.289974519115494,376.10276147215313,484.224683589932,8.507680381308717,97.8765759914428,4.5729589136450555,0
5.430512481233488,180.2232238277626,27433.603543748068,11.245500440886634,283.656022997513,485.6310122468103,16.19955790773313,87.9427866044701,4.512103114903815,0
7.431447540565347,124.78837801286456,11915.307189254894,9.720688416640701,333.70276738690126,437.91542331035237,10.660927666695745,85.5941651052679,3.180844268465587,1
,161.0988808201829,24645.75225410423,2.420448690842835,383.13371298677487,441.38988997895996,18.186072839524424,58.2888745816766,3.868129687685661,0
,172.2409740664455,23211.758518399693,7.220082182837855,344.1661337150796,433.85562694422435,6.230720329916048,56.68278989767771,5.4268367681643355,0
10.358795649626437,198.3733176513927,21446.505622641256,8.592748849903444,355.7287561049577,362.9522773376878,19.825602310338155,36.68669785545775,3.334844775206468,0
7.49593429681627,165.74775426048592,25858.81363366338,6.831923320142593,,371.1158049955238,8.890571766632881,82.03165358323884,4.283455469952018,1
,179.5695364144285,23402.322020283915,6.393056346172664,411.6703871549307,369.8807710792289,10.340215723847466,67.64735383602,4.231677431302282,1
5.463658006699012,156.78941818935684,320.0,6.698196540168088,,298.06105785739965,15.286888225205304,37.22561639208928,3.937019295436588,0
5.149638839195438,201.47564475300067,19175.806637758742,7.99245938698675,251.22856918824192,437.4287941878728,16.341759448601117,85.86993115367613,2.6197182977181326,1
9.45424417016,209.62286702671705,25742.15448573629,5.305417440487486,318.60384474917225,422.75413017299525,13.364828092497033,,4.616327526764381,0
,208.87569114943432,36399.28025032134,8.998128069542807,232.65316208763628,486.9571308546962,17.245599972450975,62.931896860603906,3.9790606998573677,0
,196.3955562209683,36804.2332974285,7.031531073117051,288.5098690635622,526.857382638329,11.671370965905004,41.88989738858268,4.830999624708116,1
7.021351618175171,146.6856641119554,10059.169995857299,5.642661646903752,437.89898515728225,531.9435491877223,12.981016575619265,74.37361473782404,4.150771322058198,0
6.944711379933918,176.16148275542878,18946.90912502698,8.896473255009939,317.418328122368,539.4772366647801,13.303142789808176,74.5286744175847,4.020286000645603,0
5.726240240335063,182.9661864858085,8279.173083780859,4.678693169923607,274.4607261128286,365.4335178168794,12.523293668011775,65.62260164049293,4.260582005457149,1
,183.09454998654,35343.39210871543,6.242768046737497,334.03721334921084,311.4432577610269,7.917210704508964,59.6245454710578,3.1997259647340686,1
8.924063576475156,198.39939897567476,30896.74894546279,6.21675339684944,296.19004645368904,500.45948624523464,14.21859868052197,108.94877574376079,5.185322857269569,0
5.8710095867523036,241.6173239158726,25088.655767790042,10.507428262413088,,536.5706750560721,13.920476392780987,46.90544267736083,3.6771768126280864,1
4.989491273450742,221.9870788059072,23470.651933252044,6.0376671855496795,296.5286640451723,550.479395776834,17.858003120244117,54.7127207264133,3.687202003267385,1
8.493890431349689,164.39943104484178,34122.134750064884,3.715154951609834,344.1000821155415,464.79969677539003,10.05638342817715,77.873759153063,4.977991127456512,0
7.818445367907055,217.70889200949227,32637.321958046417,6.200732117858957,285.9705794882292,266.26368419170984,12.189955830570021,49.966073026057245,4.16292691249525,0
6.149222069027008,216.48967576530356,32170.051989674183,7.839769548899549,439.5601539364127,455.24875707468743,18.2715210442277,48.77104795184451,3.7855689751990895,0
4.706749475809623,170.20584086554993,26019.082370290416,8.358853583602095,353.6485725211199,470.4352694327528,15.267853242238363,84.73060207215522,4.292779672971577,0
5.963064965342156,223.16370952433405,18951.267813260794,10.71693271563958,327.03426230321884,526.1660017006872,16.11295296431603,76.20410594404242,4.45826758132876,0
6.997943344726093,190.86794764975159,28741.68477679398,9.342898162157692,320.9887117241173,540.3702955186587,15.796330957020455,74.24303522892731,3.8776950911398966,0
8.828508134825729,150.88148831953777,29170.687509087355,7.416917698385941,310.3024006867761,498.77067227082676,15.810976436534029,69.3455625544086,4.689417466311513,1
5.525127037695515,210.56648718838855,20342.109391678514,5.711563561231852,,379.01768813633157,20.30946498299735,55.18711497853284,2.978967591664591,0
6.95322017773279,202.94277835566479,18933.546981823703,9.685963341528826,,343.6706148357873,14.602084171335047,62.30672811867534,4.174211635462838,1
8.092716989842348,188.7143158660535,31953.157374025497,6.537669590484555,401.81148286894,468.71689214530454,10.962567186418962,65.11898799274206,4.5942103536419605,1
3.5080989898171193,194.8015012805344,36608.29827390945,6.080111566780925,310.3428277334292,362.60679116595475,16.40803170455204,80.10870492111732,4.455000181861638,0
8.630679251908349,172.98926467556922,15441.799001377502,6.461023392596569,245.69382482782476,544.0109685473897,12.430379475050545,73.29888932250213,2.2219814230141335,0
5.306324141690344,215.5241761215075,19704.186556321263,5.141384582543041,285.19532344392434,289.6352850118463,13.937207977819641,51.36893585822547,3.871257806681,1
7.5779932401854015,194.60957969571436,25091.6830805077,6.385268255949859,,471.35092899157337,15.521597305793874,79.19058408969373,3.0230512082302026,0
7.450024724416116,201.32636300634329,26281.473210255317,6.751688838634104,,451.5627979793991,11.589530759777778,39.208201991050345,4.972901929382851,0
8.706879587195768,207.42854158172392,17432.84702945385,8.274437437183147,327.5026543944088,409.458666597507,12.616027332194767,61.20916604726391,3.665274356442636,0
7.9063865713403105,159.0532603383576,38532.47592811727,6.50682043054039,380.9623925081828,351.99069805562067,15.870300284532359,47.89881629124487,4.8862690049810436,0
3.5140642624050287,167.38294329977433,25715.77547883115,5.117414397895146,301.1361698439356,261.05789580455496,12.489471595010063,52.5149241995743,3.020705803432964,0
5.902831129266013,125.2817772922813,26674.23249228675,4.5860399946944135,,383.4857051141853,17.51217154276818,97.61069770424096,4.2747013715708615,0
7.28730769402992,214.07175227169301,37439.413394858086,7.451120201086524,305.6167908587087,384.88934550128107,11.045679927053316,42.57507882797344,3.9761936696026634,1
,157.20927924010348,18075.729546604947,7.234748848481376,,514.9389327078765,11.034569557841825,53.12905629291371,6.125974022843405,0
7.7964160946351555,200.24223071666088,21238.45244360122,6.244185916283195,316.963454718444,363.3715489375899,20.589984356992563,74.668508695355,4.88878359634996,0
8.264049833504558,207.8716231980657,11022.364051480316,6.3814187924225285,323.0964838309167,462.22164908510337,9.250252742743257,58.785955289531685,4.838829730577222,1
7.992677604644519,215.27529084456066,20502.48635833612,7.733809353822688,366.6254799579624,322.6208157246564,14.211835454305644,68.9200352384412,5.551690038738532,0
6.758587586168302,157.4714587572461,8956.105615086868,9.317063080829168,,464.41985552668706,20.40989669695757,89.5587040495015,4.191338721187335,0
4.31049448331928,193.91482821949788,28572.63883627412,5.887371557052499,326.217452598412,246.98397182522658,14.205648221932401,77.00497129414745,3.8923851163822647,1
6.396778126717774,249.44897346520798,25697.371498113833,7.260466481220384,313.6634295302138,593.6236942344556,18.744343207911196,58.80734592907162,3.8034513738061064,0
7.704552222208433,250.8580697594981,19584.102177272,8.634067238328411,,414.71459785617185,16.45316705253655,64.2337444337072,4.225696992983501,0
5.444329121174284,227.59433900886242,21133.284082437476,5.893739421488345,357.16256327141673,202.43994204807933,14.276233782025155,74.99581735852999,1.8093043578111954,1
8.026912095182364,206.79978044220286,28692.060461207446,7.095301258989978,316.9631858450267,368.5800419552099,13.868870637172515,76.68683421179807,3.9718144420125383,1
8.442589945900957,163.8365955569479,12053.068317975594,7.059966947121487,,355.9470213531307,7.306252533328947,66.73619438574035,4.1468973989652556,1
7.270300464443764,218.9958920125137,23804.55219755863,5.04815352863124,375.02079778462775,373.5345494506959,13.246931522378306,72.24186580093003,3.8484366276374686,1
2.4843302005314065,190.9433206801011,28148.70100264319,7.386228095729684,337.73140352817956,396.82868833609257,15.06632106924294,72.25763553414976,2.7758921307968523,0
5.162867455932295,213.93690480873101,6383.456341138492,7.169840592195001,,372.99062773395264,15.0644876019855,64.90592982511687,3.853127462961511,0
,175.74900944473228,28020.90631000671,7.997033114361772,337.71398219806633,360.687033834543,22.437333898607857,56.59515077637813,2.7737146167760907,0
6.260193310457433,190.46614038912227,7332.472197196059,5.244719370036075,346.84967186011664,333.3053638400925,15.22716161829337,78.43004868795103,5.353531036807442,0
4.1037851653065065,201.25271552244558,20982.696376622058,7.135753208712735,330.67574495533836,491.743153914647,16.37947955861969,71.12708647760101,3.7692668444148967,1
8.93287108246541,203.88089892780346,11811.060017084865,9.303139820576177,,522.0908492188997,18.144378452452674,32.68812860440854,2.361090838514729,0
,211.79912686272795,34566.03250037343,10.402449734421413,384.6328775246915,405.63409414109697,16.083654328041714,53.0214645810727,3.8089214577753987,0
8.737410733436588,177.46576049520323,11866.048355083913,9.142604244975143,354.80741288727376,424.58906799741794,14.016038079768924,,4.668410741460067,0
7.495438012829048,153.01489753247353,7541.834647463595,5.260227021072617,389.3634786103207,335.89353118459377,14.032081743219969,63.141672020696234,4.107340897731539,0
7.767838704318253,247.99312127679343,23183.498281799686,7.83266323762893,333.3483674936671,431.681655866914,13.142840208620274,85.90390769962323,3.2571922616288718,1
7.624513871571775,275.65613340874745,18385.824865217382,6.356628411561441,361.3035712051892,444.39710097230557,15.765896396150715,118.2776796407101,3.440966415823297,0
8.1262324678815,210.31746275847613,8818.612144617307,7.568562937145275,374.1827090737496,408.44811122289406,13.737941620766401,26.567100159242855,3.746259149102515,1
10.496145672834148,153.63225296863646,26625.39929658803,5.899897604872461,374.78056948068104,457.68599822155585,16.362290088754296,71.3313830260519,3.6270625261580545,0
8.536509503938783,171.25775626102794,4548.553222316314,4.412711961873366,,450.696702564082,10.970011875911993,,2.9875384096667723,1
4.709491023231697,212.291762209631,12926.166670445993,6.5756627628542645,358.8787569573491,341.66884887275364,14.784599912748526,63.47606542350304,3.9172737568327647,0
7.749992272918355,238.91569957380113,16969.335768409717,8.261712260643824,,521.4438010983165,19.421822160644318,75.19562063486677,2.929687297064548,0
8.792221152154827,157.1874996946606,29049.49037920058,7.575039613648622,,409.38829921363396,13.558742458762115,68.8265775973876,4.710254979788241,0
8.88405120980422,192.02134973283515,33375.25757870534,7.756657618664678,326.63594771003136,560.0457281533588,20.381905368990367,60.54476959465164,4.805462562141697,0
,202.26982606220702,31685.400309062814,7.461833510307417,324.2050704573445,459.63364715353805,14.840115776185465,66.87373115452569,3.1875137993479794,0
,223.66651044114798,20669.788857646217,7.759153410256223,,583.6746504297466,14.1135229659182,75.41637996867573,3.4110177477910204,0
8.471613599326808,185.00476497918785,726.5066931464789,7.956628579356989,251.46034621998763,520.0215335445157,14.684841057602759,73.87583448513645,3.640059894595675,1
10.938776155454596,145.9579298776984,25441.78099608676,6.686003342251703,389.36945703403813,444.1751702512689,13.272303294259507,69.45584338343892,3.9454161204350338,1
5.954997395627233,215.87832190249287,34910.93169299986,7.250967087042994,290.93234117910265,368.1514506704301,7.764164965348836,56.9481484304044,4.170341239877047,1
6.318899135399362,231.9934708854796,32834.341876524995,9.87434823229411,339.96241125859,369.8746020184404,17.2045770321364,112.07011470824612,4.331181118356282,0
,193.35707322415485,26074.062815452424,7.3444090258217996,,468.6427427986017,21.535953441025477,72.22411564124964,4.312983051944688,0
6.344666774941837,208.9676829218058,11582.06075675177,7.187250324397191,,437.4500867032734,15.88541659110781,78.75190428284543,5.182015131213124,0
5.744968875354596,180.81628065833374,17407.0575781788,7.282557521417711,,378.87790112071315,16.086359172476318,58.17360026365092,4.017083971208188,0
2.935986741489385,168.9352705687714,38973.552276999566,6.775704541060373,,492.64479580880334,13.697444137658614,69.47109384543852,2.9540644187648577,0
6.4279507894152985,228.84562177751098,9589.281980995547,6.432137577321131,340.96808204375,429.1017064284826,18.12070402614112,69.34205084416875,2.7148384808250086,1
,208.39986713006274,11947.432429121116,7.449712068497382,304.26988220021224,493.12078522405807,14.170403659082744,35.42641342767918,5.245913762486009,1
6.340167231741134,211.69179518086025,30280.177103719543,6.320969980904541,309.4594770604587,347.9623946638754,15.181826324049759,54.79009568239084,4.367531577391013,1
9.983071775293665,244.0676847358276,18232.73342305552,6.890086411425999,,505.95773344065344,9.134785657368063,54.4906776827698,4.1310328185421525,0
7.100063719073794,162.24504530180565,11650.007578265466,5.8709867636884665,365.7995675990111,466.07964554778243,12.55317182819332,,4.3202289280174435,0
9.016543582776203,178.33515941889848,35414.30723740085,7.290658651164222,299.4455799972598,521.8055731569523,15.512265388998085,49.06860601039038,4.095009761407999,1
,201.05386716271025,26057.460928332875,8.043028011798123,292.3611085663485,504.1944400573071,17.29379872412717,67.11046778807533,4.307887344431738,1
,177.94197639164025,18665.603788412147,6.785174521340754,333.9628303339733,419.20372794336697,17.385301149027363,89.03720954515423,3.679381033525445,0
7.4988623309003435,221.0603691287184,11965.55468916125,3.946762069714881,355.1093557905814,412.7700367485348,9.088702979451426,68.51391693569171,4.793053339917214,1
9.133176947855343,190.0032249310725,39969.75556505166,8.052787039607646,392.9729628662856,568.6424794072753,9.423326741681333,47.263418618114976,3.560605109220289,0
7.163909025198601,164.23895016008993,21799.557549592253,7.309890471560421,289.07548646995826,402.7545224494433,16.227652433482206,49.699356768177324,3.265436047706954,0
,198.10469360600518,34268.56710785747,5.550694308978733,319.9633488479144,485.8746959070275,11.835532319584054,60.29177138280625,2.651141180898751,1
,201.45084066581722,29851.166186224786,8.341766982870771,381.2072270280854,395.48904062482063,17.25215559993786,43.46717446409617,3.784574726990851,1
6.647571812809022,225.90982601268257,17445.693304213437,4.910488182868962,413.89687598168746,277.0493535889881,8.92044491002934,71.33220476016591,4.958651997894078,0
7.687473478387015,208.58050890071758,17515.50642153962,8.77174403221266,,327.81287217552375,13.975247185679624,88.32020169022184,3.6132668888590116,0
10.431579369296523,210.75668452351474,34698.18165488048,7.0293607409574035,302.7087112879274,458.4736707889587,14.187018503097717,57.070351753732865,2.8947326575126504,1
6.674404586856837,206.2493338882312,34840.2770070772,3.5351931809038177,348.62510387900426,482.09053596840835,15.885541420110709,67.63336928981923,4.192165909396529,0
,189.97687931865823,5553.44688942116,7.401760747875915,,458.73707273761283,10.897172012717036,59.45083685972647,3.462167118906312,1
,173.08098831643952,26835.572888813826,6.478216058416321,301.87149806509194,517.6759601114802,7.8096785976261245,56.20002880931547,5.177648335057164,1
8.79037992141642,205.24282725310002,20950.946162573855,6.240178118919444,343.0232948611252,457.3008124187303,14.86520011310075,69.47113230034411,4.808186257022337,0
7.097574626579048,185.3400074917235,12951.755861029302,5.954393296899175,396.52621810333085,363.9812234932732,16.03721989940008,55.65445094679298,2.978702059997865,1
3.5049169455639575,250.0743238541125,24309.51325066982,6.918999050441402,,473.5441745179011,17.624601376689025,53.30391266966238,3.8343621065292632,0
7.855054227972699,238.949833432743,10178.036143049321,6.353401883755916,394.43169841896,439.56863687439704,13.116779543832305,,3.3808883520178483,1
,216.25085223525147,17923.186539753704,4.186429415762351,,379.95535960403686,16.859749415350976,67.44632928936608,3.0648064228567278,0
9.284905846411846,208.11094205737555,15011.385363607384,9.129867260949984,347.1774687715861,463.8015441173489,15.903053457131815,83.68555219823378,3.92637109638835,0
7.334210806789891,193.18531036860233,17630.830613351893,6.733914903580348,398.22487956517625,432.3496132813957,18.66393675645731,77.85840237438589,4.608221555773628,0
8.579511029807984,155.64404059689167,21387.13361058434,5.963542674912344,346.3382672843866,377.5999559290122,14.117219877054081,90.57029195812748,3.9062683154879534,1
5.726833292728424,189.0824888536971,13107.480375088884,5.3370905815783765,320.8028670238333,411.77073811496155,8.591332300779541,55.47284963338092,3.567402023715265,1
4.751238790049919,199.2448010689682,35810.78008321882,8.337756666575615,362.4452005304843,539.0853708433713,14.076723077056485,80.18311207544835,2.2491355173709495,0
7.471131576211751,203.3426071822292,26340.09395686648,5.06847748882749,,536.4710252855717,14.591887469926949,48.53735158010336,3.4506640506138404,1
7.029594840065787,211.02516374450644,37752.31775891062,7.331699936935587,354.37539303337917,441.0515311416433,16.01004099991503,77.8899900607919,4.400407713929023,0
,225.48256633208592,20610.09867118577,6.197834577039742,324.6080790665094,430.58137263098286,9.242148191075966,93.0358339196451,2.9232860733219166,0
7.206991921099146,173.85106970582825,17201.112030654353,6.289836936311515,368.3072687765506,311.35632101889274,13.270252111134015,74.47378035041626,4.9703984519795545,0
11.231153838048389,174.14158056931163,37435.30493910386,5.376375941058078,275.83650060544113,563.5492090693027,17.16474178616323,93.3213481944886,3.5147648077595415,0
,242.42741375178107,16944.41608130515,6.1398952966157765,291.4456134121593,508.90735098943736,13.95651800602026,56.70054163116904,4.121101459584086,0
8.654247908794979,220.67141085418075,20450.378967155375,7.133923578580836,275.2339345804142,486.15612565634615,13.29107653896412,64.22545673868326,3.658671458727103,0
8.345905337330034,183.49532985173371,28328.81579006145,7.491793317631409,330.6863934029501,244.02154263274886,20.59087711268555,51.565924138185075,3.0524729424710833,0
9.299193215778288,192.56924259352843,11159.14466123287,5.878763879572894,270.2889330287994,429.2738120524637,10.76898618345588,66.96359554497796,4.313430922703684,1
,192.71315370640323,28252.05438564031,6.976323644148886,304.63490542226043,415.829703334473,18.369410542948238,70.76871589109706,3.5035500914635884,0
3.9978580384870597,197.01037191300426,27129.953770263564,8.523758000933267,287.59214721267887,480.6252350640479,17.670124128384828,66.8217680146448,3.320235692050194,0
6.797120800490985,211.12585895163562,33145.98303919179,4.493046880020465,393.66672541109176,389.9175349163363,13.556950676664025,58.71894905364417,2.1166035673064005,0
,277.1197678751946,29819.690291398936,7.110095021724862,292.3821055607906,407.46318268371846,14.191461174828323,58.450404676556886,4.98609568317649,1
,202.07220995720488,33414.8101547363,5.617761366264566,280.251626180143,475.55303511637624,14.17968618125786,71.99176359013065,3.9747960236810034,0
6.815451074266004,217.20314081360803,21045.59993254124,5.45675900805588,343.18187988439655,364.1137306329057,14.900427595933673,63.81955172832734,4.8331241222929595,0
6.04234538549653,142.03274540191543,14448.38130493908,7.532398190536999,,380.0765853272544,12.3380135204553,47.740791316264314,4.4537500774568715,0
9.333043877764695,180.4832002310773,40518.57208151108,6.2585026795052565,328.2412497509269,441.4661311808769,12.88711085278539,35.663966055235676,4.833017286176702,0
,235.32208008693135,8624.87945187235,5.197451060548542,331.4125084344404,533.0788562679659,13.127759048037221,56.75308651171979,3.5299670440638087,1
8.057310930965938,208.87409252341172,9503.480298276705,9.21236744347058,385.9210559042175,490.67757897786777,13.233117588023687,44.00724646519332,2.8994846227171793,0
8.012401969681457,55.548333284325224,26970.17291526245,8.57374143264429,369.00740286687426,512.0323255145998,13.27450443917817,52.86376618582371,4.564900442822819,0
7.024126121171809,217.5687424741183,36265.127642515356,4.066956588952513,350.4420143690876,431.06534449722324,6.905278196180964,59.5424549338982,4.07155502005926,1
7.376334423791255,257.38126062812063,23676.360918667226,4.790403557756733,309.1240301355921,545.606241902638,14.622241990167192,64.03319339917338,3.606234221322065,1
5.302223129201524,132.1309572441666,30777.893446388345,8.057662172683518,351.6942741577511,286.70540603989525,12.559356325492024,55.61070552298904,4.549316458038752,0
3.8003370318741485,244.62040562065638,4510.810080070925,6.6698993438007985,277.20785209053986,587.7791374721078,8.13952341417149,,4.210341864145077,0
,107.2974198199703,17632.99068167143,9.490907938080833,,598.1407180144029,13.144831650793908,45.97013085571295,4.4683720098250275,0
,226.01596624170924,5579.477731353618,8.093811509694795,391.6899686891652,462.52930796295124,13.042840322575612,85.9892418186345,3.1725323439726605,0
8.893896852638067,195.7232439676083,28858.204103665346,7.5931555276893175,,492.581010994841,18.508306939372154,63.7663982429765,4.732540840357052,0
9.437003724123551,120.80092111217228,8444.781265814343,5.5054569469158094,350.9368726727504,422.96001087957774,12.520541137182928,55.7480724602824,3.966388072721405,1
9.43499772749842,210.27641047167316,10807.528720293685,7.896475665885865,253.896497423557,409.2345309541331,16.503707593582536,,4.816198733786274,1
,232.8268719728659,26522.0010475115,5.104292951494262,283.46291735269085,377.130369970853,18.863279611172867,59.06338366945289,4.725237589963292,0
6.5516024475753465,207.64438412229035,31326.199567195486,9.18228636278791,,422.07903869884615,12.227373260228749,53.32717207968114,4.505312434192815,0
7.8005014438220694,214.7144843859076,20619.84969082977,7.786978970648822,325.9603397151126,470.47467804845627,14.143259207456206,95.39492041642744,3.883321555309089,1
10.877857016613266,182.82636440515003,27014.41286103163,5.8167676887230035,281.73314282925554,459.59070777307375,20.004682857202013,30.849747250454044,4.5234639940346835,0
,136.4355278329273,26730.402223477016,8.391390336449057,322.9011373331285,584.928245735299,15.055621311992514,62.43304402702318,4.8364127318304995,0
8.75909574299757,218.13964871478606,20124.70644268952,10.66160932483541,405.4591047643696,434.0219636642042,15.53337447882746,69.47916025200482,4.443251634999108,0
6.498318066676064,251.99212542228145,12413.432915087598,6.776164982301068,349.4342709512056,306.89371509239754,12.956062050904517,89.20996503747692,4.128025929690511,0
5.755200553267313,232.1465873352787,26968.097638378313,7.989652839712242,341.9718917874025,557.5448496978734,16.56726774042639,59.945419454903174,4.525242098564011,0
8.26336182507486,132.3879734527569,27390.849208097476,6.437709674888217,291.280227820242,328.32365773921845,14.169179374837572,109.50844695822704,3.5599504935720345,1
5.42900810364846,147.52337896925013,29854.594015101567,7.254856503836986,265.8016237447872,381.24872595956606,8.254060304996457,78.6977287938416,5.150911848872121,0
6.722345473529546,168.9290322624851,24750.82253917193,4.7385693951503125,282.64394655273543,447.73945130807226,13.127732637856704,28.049856465777594,2.658174640166303,1
6.907833076497116,145.02478555903542,11766.255758786308,7.119163368660733,264.1450449303186,459.374006581058,10.395509992274716,42.850339790725485,3.996834122232929,0
,197.41407742579324,28068.28321520771,7.188852181132366,336.0764457519019,310.3649344855558,14.6703951820994,70.2383308128267,3.653352823498775,0
6.547954045560484,208.58930576577674,22001.88792639745,9.962416487414703,348.73931798070174,366.2822210901104,11.274430979705702,47.869366630817765,3.470104479204795,0
3.421125542141077,150.23189493624423,17780.392613284283,4.283895081928708,,307.5374030981972,15.877823936785184,75.2748985631957,4.208052880128667,0
7.8366669714937025,220.8681106968169,19430.043707811143,6.6762041346097085,,475.7370450658048,14.447719289081528,59.049577511110165,3.0921290274881033,0
6.03146722034411,215.23532620864046,15960.44454551637,9.155225204173036,393.2287464655236,520.6703907762309,10.181570288189747,47.02437225716521,5.648507114843502,0
,178.4589080050015,29809.15994055334,6.738001036637965,413.26559103623674,328.2529564602789,12.674624218474845,50.77365214209886,2.9153577581095456,1
,190.4792964485125,9577.133786503222,6.849280377883704,364.5868243807179,505.65279624382924,16.34785691538258,80.201000402291,3.2280109418633653,0
6.6694440062733475,133.606362379103,13301.128351747711,5.803450740686165,325.8315393377079,500.462299545973,18.088377018186087,33.62815258869355,3.1543667626487037,1
8.265510872677055,185.36761099881363,19130.661801429236,5.646483499184843,363.2622739989265,373.27433680707975,11.32200993679602,83.33345216768213,4.124828530812541,1
4.780702682470939,196.23631917217043,36166.59493905603,4.235151049983619,388.42420933079643,267.39367713057385,10.678446366694546,83.80749733948761,4.7613444027305665,0
6.30447866256846,201.39992304730205,31260.040415544285,6.125839908722236,250.70364635058706,340.2995184644217,20.738250302993478,61.03120977852819,4.380285386244121,0
8.106056869676072,208.12406118464557,7623.826155521832,5.556819012922845,393.7648305496531,378.3793930472966,14.267765776566476,43.64802918598207,5.11842854789571,0
6.158872836983448,203.8157357833783,33865.3139683593,7.306501357178176,310.67194035568446,549.3336677447355,14.601847486562512,75.40500018740482,3.324730924568314,0
4.666789936095043,187.54100168749855,33848.41530294691,5.875484240170504,,416.53579399870233,11.860009518164558,58.52097906174491,4.483802740771024,1
8.082833014885104,205.15823816173813,11717.94698078142,6.3622462436233596,318.44795312397736,345.4537619207757,15.010226754183277,41.855093572059474,3.7332414240691216,1
8.764641945662309,228.06502378592793,320.0,6.405515478968898,346.12344968980597,437.82788439615524,19.959815732582584,97.3280716927262,4.147897814385127,0
7.012507188535491,192.94406165409137,21380.616372014683,7.043899011981212,,322.3721863307534,15.139405387227878,52.0725046060617,4.834771252471924,0
4.138731602295701,206.16303650661365,31857.66206955944,6.284934834880351,321.322624577671,467.14720401650794,17.814378722159837,42.5511556349727,2.65002915175302,1
8.138954620048224,190.04252599474822,35969.367475147774,5.442377977899332,354.53636546641354,347.7868752582589,14.395646726569877,71.01782328088265,5.522986679531817,0
4.590168177870468,175.3037146726537,14376.844891551835,7.255510981437585,341.9614212202337,359.3981007847539,10.914849470940988,65.30087153220464,3.8567096814677524,1
7.5431989152722485,212.73214934136334,37378.856747894206,8.806623481698086,348.61339508882025,456.0393638745514,12.045318991333122,90.47625158174273,2.716830544381989,1
,178.23276978655343,2475.0328886875286,7.322976589349424,319.7172827923696,566.0186946241776,10.611252821494066,60.23557154366566,3.429578938366739,1
,208.3567008317501,18786.196116717147,6.156483707582977,361.44210805096895,601.8230048188717,15.018695725836062,60.40670766943269,4.0497980810115255,0
6.417134974380465,196.90417188832146,18355.062430977898,6.925428679952073,,342.8107595376366,18.338833019045005,71.83069736157783,3.429400682990837,1
6.80505366535911,186.27409035135543,32119.99570858614,3.8800002228366686,373.8540117986712,378.2714938627745,14.831336109097718,69.63219032378639,2.372643498604134,0
6.1136876244203275,185.49942937130686,33400.11262629187,6.899743655728594,350.53201954656856,467.2425828029887,13.284319998520118,70.12661098144477,4.045503268206123,0
7.963054917322726,179.740128242698,30382.541458150874,6.487440096837053,,519.5031478646964,11.69418881745167,70.80561425357742,3.407035340445443,0
6.41089593231175,143.33436249315156,10169.676072498505,5.645132634349711,368.7134839487039,252.87330483298214,15.472971347389075,69.06678397730747,4.477889162704445,1
8.550286307507733,208.25264304517415,29579.168908876545,5.931684603315491,442.73682417405,432.98694551250395,10.214164225781044,59.652975956926525,3.1366578587839857,1
7.501759748465219,203.40949840890625,26478.298064564922,6.4718294875673585,382.940749871997,387.0285618748884,10.557466441731922,79.8893770676562,5.7339930501868,0
,223.1894480783518,7357.2744410979885,8.688084076090256,329.36149039795345,272.0783040775751,17.270538783213926,60.56966207480926,4.37063068141122,0
5.781090174251571,178.99337912618256,3886.2887214092043,8.845455458512546,295.6211492187783,319.0265776006104,13.383474294276029,79.43047482115982,4.123499665873634,1
4.6087555514288425,256.65227601525334,31117.166073482207,5.653562244738659,,380.57804322872425,13.318401163044946,88.88174583011256,4.4560362648932195,1
,183.84844966881175,20434.529130412026,6.301437750275438,319.39682092040084,430.70520159859643,13.742082146167927,,2.5492203780651925,0
6.548118679122963,167.99649144976974,10742.953049170743,6.341707867484047,,506.64822882113157,16.695374520261595,105.35263138243957,3.582372676938813,1
3.5217067079047286,164.20208256503471,20188.3321852241,8.399081914569196,,454.3478492065652,14.846158820980415,,5.360756201158155,0
,140.5144830966508,25206.640281362786,7.349900353157954,381.87926403233655,501.80315497341223,11.847831242502487,54.97271150584106,3.720296501296668,0
5.728448956117572,245.0440925565801,21287.39561912561,7.266607982972846,276.02791675829286,428.137946867781,11.966595684069945,75.14785147019977,3.9209958624862646,1
9.44351638825599,239.87415650459718,8403.081437084224,7.9672949292054795,,369.6043242450401,13.656134324204789,73.55331095119482,3.6061304039004938,1
4.5258320821600355,215.22384521231226,38550.334044257244,6.177666814710728,327.46024367506067,411.30000369035406,15.297325150889018,67.56340665326223,5.112316288850892,1
4.9179738003989195,167.32515815117506,30820.99158802381,9.27494078747941,,481.6413877975369,14.182817186456852,79.65566762523044,3.779185246078622,0
8.74495446465855,253.96056580989182,19072.739748823693,7.117243441276082,281.41241198664386,508.6049735461427,13.889182385628821,70.4926066885534,2.993568465034704,1
9.115144736195944,184.74498683130702,19426.019867736937,5.767658335016777,306.88013184480144,414.17002524449225,14.452735744898467,99.86502035950242,5.981475795590159,0
5.962525591911538,187.39117340074714,25166.704451634552,6.757168414799413,301.77908100776415,351.6707790093569,14.180459463189198,65.53774823045653,2.897481716800186,0
6.131871265786634,241.99229057395445,12107.220359357292,9.066446752248439,333.415507580603,452.8526527589789,11.724736421539003,52.5572033303031,3.8940434210192545,1
8.00435309482997,217.0851387033879,24843.872348429217,6.44827542514564,307.56069767911526,464.23847710737766,17.95326801071796,57.4623093908404,3.3134004434533635,1
3.5893503045820347,266.435300440147,10343.476528731086,8.620301322490834,310.89549131174704,524.6175268842494,12.708372197866947,74.03545498401827,3.4227511571319384,0
4.2882094732416665,203.95911233020863,21395.414918267896,6.131953647420996,332.800505552927,371.6989701632316,14.726427817257397,74.27241732381795,3.143330691639016,1
,183.2950144134808,11765.627946255348,5.910251359091856,374.5839044001524,372.57621965874506,7.500893688073382,69.74491171706788,3.5488061144831233,1
9.404835849193688,176.42224372928655,12208.403474994713,8.16216390873898,393.30056408504043,486.492815803166,13.589924849407565,,4.737545936664652,0
,136.89612232989992,36446.9873214317,5.739123354179729,339.05847006184666,393.40531431927127,10.671355760737,84.3600995430936,2.486450746657594,1
7.231405187602732,187.08493527020147,22533.41109287554,8.419613595255479,342.2472678695913,390.0252653856717,11.069228159992344,97.7792486383501,4.953429914392466,0
8.780683908846019,232.62698684247619,23832.95487696824,7.675569078456892,325.4893322908705,526.3311896112195,22.293213624990383,66.87345021470367,4.818950492028322,0
10.24032709991722,215.1626935249942,4374.198618316797,5.739721583541205,,316.31955149750615,15.123435472081837,95.73180007893487,4.367066209546361,1
6.214727290277532,196.64985620993298,16778.294577770408,7.007120464488953,,590.4962511820409,18.345873187561267,80.43334714236065,4.06841297250482,0
7.054744914399861,164.16209779787746,26058.830281037124,6.252936620915931,387.3597550066249,376.9891669513738,17.122501824958597,102.34273222927602,4.185778569622358,0
9.813082832014263,203.2599365764076,23716.575052359618,7.671382959537114,255.5631102046274,495.33827222405694,17.544701510593615,74.05683426721043,5.080261695615909,0
4.796701087212858,228.41003856625196,3123.158466728004,10.102721227029562,323.38559250779946,417.29602704597005,13.643063516742778,68.61296982752064,2.60828790710611,1
8.621371605830733,209.7830162070395,23830.599529082603,6.534286727437872,346.9067846342334,447.70898278977086,19.60112663930805,,4.537285958071466,1
5.552526701458113,201.3355254282675,25228.720707130775,7.9633665126964415,331.92235774077346,404.97708001905903,17.09406808530243,59.37592301070378,3.3879858764446,0
7.233708550654735,170.4973550950014,33272.592724202594,7.158616213834676,,494.5261321626379,14.436405340947601,72.99530168332615,4.6140830672817135,0
6.716071428899589,223.7498180515844,16267.623086910733,7.158011170839825,279.7259661511404,398.21409007843465,15.168855760710112,87.95760643524248,3.491391730868959,0
5.642982598948156,95.77904580018621,2351.057324410165,6.858975909244192,,380.1642822523919,13.848783025673754,79.67606938264525,4.521358570083304,0
5.605347108512587,208.25106268368464,13272.320506668788,5.765280434764545,,571.0673460695994,14.472389310059043,65.89848593923858,2.762181438652421,0
7.494621546380632,278.25030339022715,12392.739609122753,7.649521119866279,,428.35061576109536,14.156117574213747,69.64673262439133,2.6497927312617824,0
8.573308992244023,147.7320516053809,28474.93685813037,6.663788035127366,,371.94435511843676,15.55906098308042,78.67436385708893,3.8818109844852104,1
6.8853956952172455,188.2761774495563,320.0,5.690415867692813,351.8182989182887,306.7770728070481,20.04191354465453,78.13603507859597,5.089713420481143,1
7.185169738099825,195.74684831600877,18081.913845163104,8.722393754352312,328.24916200421234,575.2462424828784,10.322793414036173,78.55104300668222,4.388301848512798,0
7.936761099436571,181.19734995018953,34518.226303272524,7.276435203869702,,381.84596988357987,18.06977071957906,71.89889730779788,4.382709280922836,0
,229.16397576188734,22077.25329905098,6.759603647397682,328.34890082180976,590.9470590800918,13.084826203752817,53.04237684110642,4.6409511745370375,1
8.189538762619385,211.11843245936964,29874.698477867238,9.237289451299151,382.8390916212874,457.90834811303057,18.489888389273858,55.62452360634158,3.6603583958261825,1
8.30901464558962,200.87361192151423,7615.42861475696,4.218991173857864,,437.4308160241961,13.199630302053276,73.87090158933088,4.446384111296037,1
,221.51272195741697,7964.551969180551,9.13105686989196,268.8769177136767,439.5875049862398,15.662087132582835,79.86964259604687,3.517855080722325,0
6.515843714160627,196.53602269029574,34618.61635530271,5.729303040364777,307.2616217605912,603.2760751421356,13.775813978975304,77.7713668290404,3.725068361655945,0
6.392877297497809,297.75566364235243,22901.65875769111,7.454221412276521,331.9076088414786,250.62251444633108,8.589045992851746,55.46148919511268,3.821917384934837,0
,200.84310187701573,22919.716156574195,6.190859268489277,,443.1473215606004,20.038623691770155,63.95108862248141,3.5444883865374486,1
8.308656253368207,202.24902715167053,12207.79969750164,5.66165835608517,359.3554795818478,404.7837113975954,11.18891307537751,47.376685636942625,3.918480574849573,0
6.277369269934932,141.26502241365517,22897.85576289353,9.195940711030127,377.6421917223822,408.95252919335496,14.576813441815842,43.8588553904018,3.771444682599774,1
6.475255984604927,178.60958952629045,11964.127525657355,10.05282217648455,344.42951975890617,437.9449481713523,10.827008105622257,67.71996466528822,3.418021314423192,1
7.891696257327061,232.71608581759392,32422.853836902552,6.770463471971296,,404.69966804030986,9.887894550091403,88.40213310817694,3.860330666459449,1
5.838623638898008,153.2653807884841,45937.07532554386,7.650050029466986,344.15608163297054,441.0504533750645,13.623698529025866,68.01682481141798,4.091107548558354,1
6.464199017977478,126.95817042233745,26258.16304064494,7.21004617762675,333.389831727528,424.1138030275957,12.341412835168105,97.31179394775383,3.1121058541561992,1
7.214389151052652,197.0340950780024,16445.52019950226,9.85420080301751,279.9640933075975,320.9153457452281,10.442910429688792,63.74151566699963,4.295616000122255,1
8.573908027233387,239.8638242391993,320.0,3.781222293023415,290.8523399882922,456.50928302487034,14.18307237140029,,3.584929507184932,0
,197.35619931827603,7241.249715463668,7.715855037206948,277.612342444151,483.28435613596645,9.40970781377716,50.3456883654898,4.124598944128837,0
4.316423306953992,185.244012715957,35650.13825810798,5.971140423652585,326.91130340659555,382.6347505993533,14.714063534767922,60.774647469939175,3.4510681527987033,0
4.205103798722684,136.52838599228863,12987.987534512687,3.3975768460755376,342.52339928142925,575.4316862579257,13.879821497308317,47.12300061536557,4.78938641460157,1
5.1908803999408,210.47213192647018,18761.778087609287,6.550362446061799,273.5802422239636,532.8457396531276,6.1146600861457845,41.365535994597565,4.7157702542048625,0
5.110248422700094,217.16080348425743,27761.208797059393,10.039917089638674,335.9763969311823,493.5161839336937,12.573737319935516,47.39851320101052,3.1514767576186715,0
6.848083862070137,138.9845600287648,35013.68154040292,6.083442279167367,297.1161305413314,492.5456595222411,15.845753033748286,67.78145645744998,4.379499352523135,0
5.2966797696035925,232.305038358311,20263.622701393142,8.369409500372086,289.1628269149888,428.407756208791,10.790298579643485,54.46535826018306,5.098091814885738,1
6.025867560268194,220.5022568285475,18465.071553028876,9.01390207136012,,517.3097683787537,15.988914241638172,58.30206035873332,3.2304206045297135,0
5.918871172526925,232.23411016151505,22642.116420038696,7.0999390518611545,287.0604635678531,551.6603689649681,15.727841392714808,73.03990322953953,3.292215599700688,0
6.41923820872801,214.67280293866693,16509.616348074065,7.310319877089841,357.87302383633073,490.6419210249559,10.941519291057725,41.30946636515216,4.54334637239956,1
9.063756497284684,216.9178466819622,16981.605587120783,4.408249307665043,326.11181885999395,380.3773326550108,14.25946839909025,67.71278415178949,2.9504007892200343,1
8.072921384145776,212.66306875845564,25626.18863077207,5.988461096187218,,422.82548493707196,17.022470575047265,80.13882206286056,3.36353990485615,0
7.104194122914006,223.79111428803827,23639.006611408447,8.553072046441393,314.81664956364295,471.8936026380872,11.407806639480299,81.53986375548902,3.178561116969464,1
,137.79975138803462,40708.17853851878,7.215872973318567,316.36687146276887,493.01959232369154,13.620825159981749,74.76838620600408,4.553037749936832,1
6.430151015065468,147.96609812411154,25862.70412189272,7.700399477481018,409.80868827335166,419.80182283651595,18.095789089337767,65.55464722288016,3.4299047881498432,0
7.571619704927924,172.4477471939273,32109.54645678287,7.33038897589922,266.4545206611061,380.65531623143426,11.469814186294606,56.29542987707184,3.74800934423514,0
7.956253610028435,191.8457545064783,12618.829000138141,10.58336623198836,385.6637309802077,552.7365589902265,15.815222343146992,65.06578819750462,3.386307093798459,1
5.7185737408490995,208.42038154586174,26619.62943356548,6.4397786667220105,,340.2144228384834,10.738669342635498,93.18610429235775,4.865840530552916,0
7.134721133421348,206.3898129033232,15673.453590308713,9.65654786791837,,350.69345954936654,13.76882571945648,70.82367248126016,3.299678172343431,0
4.03257064700546,231.74738596659301,25482.125119110813,7.330935091086637,,319.8297752398869,15.774198158093856,64.66851370074696,2.8720719565935404,0
7.397570676255896,232.75184955457124,28052.273025467155,9.79683437983766,391.50298494132943,350.5159344300541,6.3650615932088686,,2.841501958667644,0
8.22322386293803,168.08367653459862,22451.349761892925,5.184534618972123,,525.7875901695203,12.53673383230851,67.20553283148833,4.51105451497617,1
6.659897059678687,203.63443552161507,43126.246577333935,7.41175048805676,304.06279098586043,528.4666205210563,15.716795359715048,70.05784580099926,4.567374798667803,1
9.804790494210158,168.8693904729012,34537.38257508113,6.497974881400918,317.0809978881418,420.0763572427864,15.045285560354712,62.40318209335136,4.943872554812251,1
5.758142328845924,189.97609477268585,32338.441568911177,7.340366290643062,309.62205669613996,465.7051516445424,12.576151330697495,59.67800838398979,2.98644081304244,0
7.406160622954892,206.29732380955184,28716.789907085018,9.051354495012482,294.18845187829714,425.15963379008673,10.65487938158214,82.53520421518431,3.7896545276088647,0
7.026262880001067,86.9212135529059,37478.67437149249,7.718519176465554,378.5103211984676,330.6418539237636,16.373934111241013,34.80433501563816,5.8632935379588,0
6.9295534988348875,273.15980926846987,9411.779261194977,9.048204650242562,301.28861754250687,603.4485606139547,13.236057766178007,74.15334813532176,3.7341930403085906,0
,214.1250776767192,34031.38294477735,6.061050672627166,331.7844734542237,535.9791972055982,16.09964576537572,58.67660161867947,3.5305412663089544,0
7.240657545014208,176.937495186771,13320.787383764184,5.8199215571125285,273.80535253464905,454.35355242637667,15.554736347207776,35.53555808594208,3.9536124180278875,1
8.35193811519555,257.6758321673673,17064.74592578478,7.145446015556881,334.26323795171686,357.52880620861845,12.823519657623994,50.611327356270884,4.383361603368159,0
9.146604354412116,184.88220254444178,26937.411734420828,7.0589295581420854,,408.00524982641764,17.839453751882346,,4.370321912382114,0
7.076624633243764,200.24062034649785,32829.34085152904,6.826342197257776,,370.6059558864025,12.33888388688067,68.04396351256034,3.4907436465499355,0
8.30297410825745,180.41229406727592,11897.132940149193,5.605361873440317,328.5191956860606,433.8065792742775,18.228498114701278,78.38807217931782,3.513672474306333,1
6.027349580599826,248.86373879818686,17518.9814227663,9.013869511965984,376.3358628724184,450.7938539679479,18.660265350806853,79.48989539962814,3.738761154628923,0
8.22893317908935,192.64048939821183,22869.356275836493,6.5467172229990895,,398.709960495171,17.765378425817744,,3.400532417858755,1
5.937012714259515,200.7834912236643,20379.570138818588,9.373203433096037,353.87393583144313,309.6469797674398,13.704148193891218,72.51555809889253,3.0068848004664686,0
8.715989904132199,234.52102889681427,29503.861177032595,7.140134517022412,,596.5647188572707,22.705361176414364,78.20241236944892,5.380202184534112,0
10.39596131608986,214.72446263875446,52147.08519218424,8.144517710686191,319.2387491288288,445.0021397465081,14.801086714994504,69.94654645909944,3.652598800903958,1
6.896874168042912,194.2608619157097,25691.442613771964,8.001181235882619,365.43676617826367,462.52736001555417,15.095486380193316,74.53955206034892,3.6968103251562088,0
3.791184763788887,231.5325111154388,15566.327237316487,5.817645910245654,,392.2072491140011,14.227197560714243,35.09316293513636,3.721112449049555,0
6.257890600132765,277.23146334169445,10643.621940296009,7.700180616052933,367.21180033235555,301.0391107736629,10.57177062571407,,3.9072021997327524,0
8.927812701433956,206.15713436158148,19161.52317785424,10.166766052258028,383.67382449629645,419.3359575281731,18.57374168336972,88.5299614385903,4.3091126202312795,1
7.909615180537868,199.73632281192212,13768.00849952751,7.517547359898564,298.50314189799315,400.142239281048,12.411068682109004,61.86872518130872,3.6071503931464495,1
7.453370398012544,201.46006667581062,26114.411675624462,8.544017248504286,,482.7627504575662,17.334716385923134,102.41428341872052,4.858695752917574,0
8.593002533932259,237.93374402660857,25978.229745827666,8.215369514455652,,498.4862058700936,18.126525257451192,45.68955693237699,4.43629638580706,1
,176.82567247894647,17952.01484631613,7.60513846021668,272.85453234411005,487.20235837674966,16.29096055581265,91.73311030634669,3.8210990837131105,0
8.906587781176704,187.09383808922684,39422.05547088377,7.4146363740051,313.75448800301183,505.06178687337194,12.016501389535598,56.50656906964877,3.4503369936727846,1
8.459135514970479,146.8018256279475,15564.127010266127,7.984758583411655,386.3594392259997,570.2932645981278,13.174441756809799,80.37146292376342,4.816242698075229,0
9.36255067910544,158.11622839552084,20966.589534533014,8.325986423431468,290.13140276425077,457.1881391628445,5.4656486037516405,61.61480486903273,3.8436070935617423,0
7.6181941258593815,179.43039991366496,27619.4565798537,4.983580789859305,387.3330404548119,513.9372656647868,13.915656733990238,68.2739859960655,3.0006540247238727,1
8.437889102240932,194.21001619006648,29837.321418361396,7.5107385647723985,315.2287772239238,465.50884590685826,16.948943619409945,76.04780158017567,4.766430328169774,0
,252.61066642464382,33218.346093933855,6.829156948419239,419.6754611212129,273.9971680017666,13.516233239029653,56.46367716467411,3.4034638102376937,1
6.177808782661491,213.15176975760718,25771.914120770707,6.501387587030301,305.04566432206747,413.6383773849833,12.35273503555082,79.37792359697164,4.647430605149954,0
9.64015146062846,166.8134876739266,31230.50438591073,9.167623718865146,327.09674005729147,356.5830794476973,13.317435150438653,,2.008871217233925,0
,172.7046244683483,16181.001331314974,5.9616289280591115,,444.51466645634883,18.31070770205276,69.28440892616173,3.6824432412322023,0
8.287320848793568,239.99195786338095,30065.57879227285,4.916264884710197,304.8042682829811,362.71918725490906,14.120593226651572,23.548223400857744,4.874775508574117,1
7.265610021617086,232.05153115613416,29948.474646871626,8.37723163610965,387.865345841194,474.45447120242693,20.431123382148424,60.93516855433755,3.9740019694750757,0
6.200226523620054,196.90079712717449,35282.01613758851,4.875777706644856,352.4560040906982,504.4822478511676,12.416579433880415,86.86938021129663,4.43654552435929,1
7.096474338873602,181.83915310275736,7381.816348155682,4.07384993682547,375.1815289462754,522.2856036816127,15.016864890933169,77.65377043132297,3.2664940253605286,0
9.233991026651571,231.99785074254856,14058.00407617864,8.555062950184146,279.06083865940866,555.5409249219414,12.869773645430811,80.76203895236834,4.241210076913764,0
7.912860111419136,164.21353194481003,29232.94630135124,7.370781155888731,359.84796657947453,291.91807327432855,21.145805165401367,67.26374638135502,3.9729267682526737,1
4.512790260404311,208.54497273784074,320.0,7.866897011242666,293.17082401446066,330.07999720425454,14.89302752732089,93.55564694683537,4.15980057075357,1
6.757133315135768,268.7250877085866,26328.89414412383,6.420964431848197,278.16994096565304,660.2252148986495,21.322651252763897,71.07270720841406,5.5606383252422145,0
,202.57138183204663,31308.48480664809,4.932638312057749,342.78941169299577,506.76189758876353,12.913579068822347,55.7063786682243,4.987579916669661,1
6.759304707225066,171.18049666362867,16959.189078982643,5.246456202484086,342.37007166986797,443.95583768376093,19.341011280321705,80.2532821767433,4.5877548092016145,0
4.379281962398729,209.1317984854892,18241.233699018532,6.689941538898572,335.1871772382652,428.56300082495164,14.689411128502535,81.34609342371226,4.597602929905901,1
9.919573328133815,180.95972099150887,12593.815464706044,5.109603484489494,362.41989491773427,421.4511882324065,17.060963462000473,76.59937784123272,3.2608584276633037,1
8.10358876471919,151.38829299989072,17440.031759955593,7.605143593132132,368.81621902298076,271.3002753971664,10.274953772900133,59.872471023093894,3.6024413126148627,1
6.974980711780799,218.4331528599074,17694.174237795385,6.389316457905618,393.2589029069417,364.21367163012064,15.449766032390713,70.95984918753244,2.7745862441192433,0
6.522873395876897,231.77070081759112,16025.482022937376,7.412356954837183,,417.0521924396273,10.77190255463069,88.97186274819562,2.9797234173427123,0
8.703527894687603,186.05098649367767,15544.562380829962,7.365134042597761,394.5826660634592,368.7312099631691,15.148418122326596,74.13630991083905,3.278503616766889,0
6.267024899660711,183.92845842891924,19637.28803652879,7.731143295990753,410.17477107751864,379.1891207560468,9.289312824974097,42.460246905586516,3.9472828255721106,0
,165.22990748410146,19531.175151695814,7.909182393116618,317.98456932546657,630.6985137584495,13.98952603541429,56.214027857993884,3.0144932160960183,1
7.893292928586384,191.20206078503787,38450.13676178147,6.576637066568793,264.59184099399977,405.86775667468794,17.915519722518123,55.46070148780055,3.939447254462126,1
7.447022888231025,178.00421174645788,18556.99629486382,7.410671441281452,276.27654456416616,448.2496006613385,16.10692780068088,54.17996072753188,3.8498569836613865,1
7.298272208003393,163.64695402549583,25032.1973960026,7.492892842903876,314.06409338171784,445.40290280029774,10.227964836350083,32.197194303630155,3.0853015460377438,0
,256.5494025727874,16954.736384002837,3.282353311632483,415.5798052026043,473.1567598898467,8.035324936637581,97.02735595010827,5.159957754333746,1
8.648460180313899,210.92777013598425,16843.24504587042,8.141510678457994,,387.81737873039185,15.939917115520535,52.204140669245504,2.9368699527191255,1
5.781985751847249,214.3166434569393,7066.670384084902,7.356908670027997,307.69545121317566,525.7584998430946,19.51795602468276,53.3760373854032,4.84151335473713,0
4.647112309754686,224.26878620583767,8233.118006696712,8.011197207084843,,461.48497548853885,11.11897807832845,34.9443230280202,2.211664546934458,1
8.001660184338713,220.67315893631377,11428.625087443193,5.086787119193325,,323.0268501020267,21.221433457981995,80.43614955203711,3.8590580934127434,0
,182.78048151050513,23625.02124084582,6.621078383243419,368.857617216896,417.39968006162974,14.278572149042299,64.92798938319343,3.0358526302280553,1
7.80036172876765,204.72168393508696,31452.042956845813,5.395383458626383,329.22518146651754,412.22813434625675,7.8363113388745935,60.71519959765705,3.4595253202759064,1
7.691592554427058,187.39102450365888,6344.952099126307,8.296470174416344,419.09300990025974,408.54676357355015,9.149094822845445,,5.381920475318529,1
6.599189432493678,210.03083599285313,17198.596452170874,4.899915863531779,358.75658525348445,466.74374417784674,16.84083219292566,75.9224311547247,3.699365262590585,0
8.261224056578287,206.93410835066126,10026.368478997445,5.6527254445627335,367.02738895834807,476.77801513433764,14.727574534755615,58.62365152706357,3.1084519382864992,0
7.011662809868189,183.75487165234554,19696.289884448768,7.9642163226697305,323.0737019395502,467.33224662511884,19.19132918711777,34.17980278451526,4.35035597654334,1
6.349329658777233,153.46244086650242,31448.498459811708,6.1255882390019485,288.267756134887,453.1132286462051,10.346188269895986,45.47711775612357,3.692517405493613,0
6.6121630316169,200.67958582289626,18094.841337898055,5.653142762273287,297.18317980650363,432.851016612494,14.691032833940474,44.635762076881974,4.08755627066936,1
,189.46337639016645,21597.27615380866,8.55261669867349,276.86087530054766,253.9034396710154,14.322311502581577,70.86014903085153,3.2567254460560435,0
4.477535876931851,135.50808807331973,34776.3530363606,8.617384575415151,,488.23141031505384,13.828052073911103,81.46630845663701,3.2951311829910788,0
7.829682156443698,212.24517660443897,26029.791160554363,8.260872484214778,317.21847732291866,465.06832760851813,13.037396145464925,90.14605120389645,3.355608974585847,1
4.561334358564425,226.89094759176882,15347.994424486646,8.460961284825665,372.05252212327474,347.21909786630073,13.103092060723014,39.91471044025972,4.59277785112016,0
6.91764999251554,276.9074072066864,23407.68705677931,6.754104739277871,338.5724904946101,448.4465822717313,14.876331220125236,76.4483754944919,3.793072793154752,1
6.429558772268718,183.48167989373886,14756.39517000191,6.796743100074148,320.9944474134117,477.83507848641784,15.298517391866113,56.43584668628837,3.152357010025137,0
3.9524575549801835,178.76121931042982,25701.627251694717,6.096031579916907,285.04628376628943,519.6997652180049,15.133490405340703,113.7600208606118,4.096219185510042,0
7.663556385650645,160.49852702594427,26533.5331512181,7.385012084991244,345.3669420514698,466.82411545391096,18.279758779393493,88.81357691655005,4.031994026121579,0
6.509942906711706,202.67654100758423,10024.00942662857,6.28592064282516,324.0360463256814,451.72814454530936,10.335780909447223,93.97070567657875,4.417410182472235,1
3.931190486158134,202.47418177786736,23550.060390473234,6.435755394635376,369.9895410461723,501.7417854000594,8.321444336134373,79.39952508799557,3.5941950381612333,1
8.339352136161379,170.03851728682403,20982.882527375783,8.067842685692982,303.66816228910045,401.4767983844707,17.65598467947995,72.58658878289815,3.9094942215447293,1
9.232509266983403,190.4022437758771,26790.82077319942,8.99157200791272,358.2604187133785,458.96025756760423,11.18636736500033,59.87815587459651,4.298909334616222,0
9.315186513444857,132.6826986595406,29304.9136374378,7.74925120174675,,376.31094446369417,13.047729798569915,56.691002864632225,3.1827046406360195,0
7.618434660977207,225.64405593066388,26201.233028172785,9.955019067083258,,514.8237366097043,12.280071188386836,53.43829759128612,4.661253832407475,1
7.149087207865673,171.33826369049066,19354.994290859573,6.005285396188258,,297.22311085946626,12.209409337097153,76.40472566060444,3.982826030000083,0
9.072234931343695,194.89099675478465,30199.304282977282,4.216000070049372,356.4475000932808,491.33897393202597,9.48772867385775,91.67852534653184,3.1112100057852388,0
9.603575378010149,150.34581051847107,14357.239451759095,8.249112065551495,410.8217508652184,427.4167169478406,12.420558960475441,60.61971298028653,3.105430601445996,0
8.780353054313437,177.36468481722966,10433.02211814949,5.900502986818164,,503.2309864581034,16.442792670522454,54.69794927827604,3.8924691185685263,1
5.667693596655298,187.05308308743912,320.0,6.687566257994925,361.6983129211559,363.5564503686962,14.28702624928708,42.3672448366918,3.540823867884835,0
7.382017279822383,195.63869289725343,21398.86385326515,4.323721514008625,,433.1986863053037,15.964873524072818,70.36400502797497,4.558593165128083,0
7.739274216437143,211.3514404967204,14809.037725642575,5.6992478091935945,301.2500700370069,430.8504071785022,12.662929408432001,86.31413319246762,3.7463335082391804,0
,242.05040267155906,25502.306755180827,4.746480681804806,283.46479688707205,460.7106848040365,17.279391769580368,87.12510262806111,4.206376319828046,0
7.784040989431161,219.4467501686194,4726.335754230895,6.43380084379592,384.94388669110367,342.1950439481616,12.622405811366335,88.7307075921617,3.308075529196687,1
10.489487738969084,226.78926538067984,16338.244108611385,6.496608639664939,291.6572657749559,476.8972070467483,7.3417609082645505,73.1295871305206,3.9520631386380556,0
8.039904248701188,242.27533151818042,26138.267074431536,7.26213745024617,363.5804444911207,278.3284697542115,15.344858516656782,67.86105592474446,4.996118037562995,0
9.290119622162635,214.23065220872633,12982.336996519442,9.078762283681177,350.0566818457342,372.5726354306109,16.832369737794647,87.17248664463901,3.8544599321759696,1
7.354372095193058,194.82536974019214,25603.1816853348,8.189511898538553,370.629199140725,300.9815994288641,12.454511259016552,,3.5386879521360286,0
6.970172514024268,228.29158100016178,17128.911841253284,4.55697197478744,311.89680707408803,492.2575519748501,18.257380682447767,59.258312190127256,3.296232138985507,1
7.651907085121463,230.33629715077302,21726.27112322942,8.080664388268314,300.58007350618834,458.0104622007229,11.492715780574063,94.11573890194994,3.955358986691894,0
5.856260028023351,216.75410681491314,27233.535716275823,7.2965724219575065,348.51324536209006,462.48309175189894,16.5133984824622,48.9913905259179,5.069265519150136,0
5.634337219148417,149.45191689484471,30370.029892721293,6.965434237382965,321.01399139849195,543.8551516998848,20.057760609118596,65.84177824867605,2.9063963449205663,0
8.979456835754048,169.07327510097127,22825.158447281727,7.084134742699184,,400.72466646705584,14.421212248426116,76.62755581246513,3.931064204682843,0
9.138513514299778,187.2046686710245,14875.129713913408,7.443192836376283,412.4795472359542,474.76685451301285,13.552605816124016,67.73971659626211,2.633179913633714,0
5.593340526618975,220.94787266354876,17996.99917693047,6.026818870198567,300.55226519553565,431.281787774118,13.951283470935586,85.02056360723947,3.6498706759336903,0
8.531998206830796,195.31691458974208,27600.098534272624,6.831885645111067,292.2610588086144,419.10123562651137,19.673374776940932,91.1159863352387,4.174960103890925,0
6.949560036590968,232.379796270418,13057.60607285754,8.990623815749098,323.0724335046455,530.5300665663117,15.629182493510886,74.17056198852255,2.7373074375275,0
7.589712861735646,238.087572119817,20452.355947465396,6.007828860607657,384.3672013354745,592.5503490721633,21.375868834821617,88.91901615727032,3.6230485534964405,1
7.7703279591525956,234.3734549976706,18629.796457369866,5.492776997643349,244.1638632319317,391.48266697092686,15.221529580215268,51.35545747568614,4.196605178748085,1
8.571525702186477,234.57729806336917,21107.517160292682,7.022502390359316,380.96522819759343,492.69756732159067,12.142471022317645,63.847864397547475,4.072287711246318,1
7.204077302794784,162.816195050921,13162.592218482961,5.333704998324971,295.6295864402916,451.5293530117449,12.374427113796408,105.36409711481784,4.234387448432439,1
9.195242992952904,211.44433598258482,5772.448031099781,4.398002668102145,343.8455348444384,452.48899379603534,14.503303976126727,97.87547282297665,3.209814623400199,0
,176.55907068942668,26580.912741966073,6.5757418602217905,305.28371456932416,445.774218322679,7.563635367300037,45.7135846793744,4.196284008939273,0
,143.22987739650566,30469.432583995447,9.408822577611,414.66859101408227,399.35376068310734,12.73253353882193,66.19324898215748,3.5019935832984044,0
5.83010611269413,186.80092377421323,6296.625622741169,7.0590055285145095,,180.0,12.805767147635766,68.60440894967897,4.526942891950771,1
10.317988516057252,238.39158290007205,25249.48243132292,7.402151809228178,303.96824643600934,548.7847459678791,15.09130619288226,73.14771641696194,2.167691955054246,0
7.78473738480745,210.74374432379082,31513.514163192198,3.754365594121222,320.6552558046547,370.42139298620805,20.708000127324784,87.03949111968856,3.74410468485414,0
8.14949613801765,260.56989989138856,27240.139880105577,7.812238278056697,336.6751200709692,406.67542840395134,14.480894411750292,96.19437714359194,4.047124133969319,0
,201.67136464857958,18359.802533010898,7.267518060869471,340.28474091825024,408.37656799855296,7.9552250124829955,67.0061420446402,5.022556999439345,1
,274.329688114973,13739.536837285856,6.06943457169782,350.9892618243741,363.2957285397298,11.284104755406029,84.57616990541251,4.03770169020648,0
8.936825531878096,201.68067921654563,22724.177755899407,7.404479744815751,332.94241108502507,445.21921135964976,15.165549944174016,76.90077654632022,4.116862886310438,1
,196.71936947691955,24187.074966087144,7.388792155109577,276.53634091904263,422.4550051662332,14.606882706939702,66.05768139621752,4.262882378216636,0
4.209330397756611,155.05951718651212,22854.231872837234,5.446009073194462,319.0490254930319,368.67712169363693,19.66070322363153,38.88983757529159,4.947408016427958,0
8.637434893475728,231.53800768936856,20434.219293868948,7.644328888312257,357.8729933684752,437.9441613321084,17.468255084625532,82.89927264463262,3.672122358502619,0
6.264325793470915,179.93199587390467,12519.144379443418,9.011473967592904,,423.35626456333085,17.369381063466466,76.20413813794265,2.8755812243854173,0
9.196975478815068,175.29447553892072,25720.97631477863,6.759852468751844,360.5840324676335,500.22708570304815,13.583460795896716,72.71134552783619,2.726253124622911,1
,236.9993780404023,26143.393916006604,5.7492011601493695,,318.76937698546135,17.927099420617896,50.503492338763294,4.4880723029638805,0
7.387060029030795,233.06312540147064,23775.21004029886,6.839423489713269,,361.5688543286574,11.34345368354894,98.13802382701685,4.144101455511591,1
,232.2256437507417,22987.414267274926,8.470288848201797,381.95989959412327,484.0238088669924,17.49537122066933,,3.7700528740965704,0
,184.4098837102406,36741.01800753334,5.18241623391031,261.73661078024446,374.8205645241421,13.368017619580689,47.90971567717739,3.512846319966312,1
5.5907297882490905,194.36877231023195,16538.198059291317,8.034122048879006,305.31184317114935,353.72781899639335,9.521621760330264,,4.111049509929342,0
6.785252369402839,194.08465927373274,33252.18580469487,6.048737155537641,383.5295770968298,378.7767247193111,16.257681112029086,77.3750528875152,4.133584116852836,0
,221.04058178151675,15576.605404924485,7.502459668579985,,417.92170266484936,18.911893941427476,77.85744578379253,4.34426725027911,1
5.083684121079764,245.71406939181537,31739.496524827875,6.22835658542801,,418.22568511463663,12.958213824657324,58.899235462324285,3.1052397942606804,1
4.577948100166355,207.780689766349,32830.63341420637,6.224113210971134,,409.20332511181334,19.45711377580342,73.89452761355078,2.593841658226695,1
8.315581390565688,259.19651473143546,19443.94094616549,9.526489967651376,351.7737925642373,343.71478812410805,8.835394982738897,77.21522274911037,3.2574490346081144,1
6.175532531149495,224.71022137705796,36580.64598411351,4.893643186957084,366.5145409166623,487.85271418028253,10.350582318638006,68.66678858015013,2.916119489723262,0
6.491660980619575,188.48641938833862,26127.444726763202,7.88687856052196,385.27808615848966,532.0975809806142,13.815804062217945,55.03827384070119,2.8757177710856467,0
4.294784397089751,222.5187649961272,14320.320691197223,9.855492569255633,345.8367693216652,273.16570508906153,13.07647917643861,81.97396637651018,5.194394352519985,0
6.061531028472027,250.59008891868075,18732.646667206638,8.20312464382706,370.97210586128875,301.7167506061179,12.09845982600456,79.96962722995731,2.2017384607018657,0
7.068649055053274,259.9452474669227,31948.325424555333,5.016866709918093,351.8507258182254,506.22855798199896,14.741136472100138,75.59641664879962,4.336369673648009,0
8.475566786434339,233.9805230271706,30109.277435458218,5.095102795913659,,551.5837072500591,12.55565148915983,52.89354359619681,4.6774586073113,0
,196.821582517056,12734.98567990362,5.932431904898686,,255.66568226362108,13.115383609450978,44.83727360523035,4.740222414590008,0
9.566064180348745,189.06581587021054,20792.71337208934,7.3694945002014025,319.50223750557484,491.2349201023067,15.218802732156226,67.63968734857352,4.18624097350077,0
6.053165963730299,214.43422411396452,23798.896558950008,7.476989456660703,,557.0303909159023,12.097128287844509,81.4590522511542,4.999529562687904,0
6.0553622976222385,249.5671838486735,17562.307753806912,5.110719444206485,284.2552864032806,357.00701873337505,13.95014006764739,83.25404067158277,5.361051790118522,0
9.386036327846703,209.88061191086246,42691.903573996286,5.741043215653793,,552.3734261514569,12.169721147013355,75.86698571241908,3.7342597817077836,1
7.397190228545876,210.54501989980196,24063.231029664705,5.837857670571568,315.6312725577219,411.76045752959953,10.321452624691902,59.10264231456205,4.319027926219448,1
6.251962906482635,197.64473133814695,21471.907085780258,6.834420043178469,322.18082461611334,451.17096724584957,16.820217176423224,53.371840120094284,4.965119384236628,0
6.84730030322911,185.5074859958012,32457.76365814345,10.255818822519899,337.30652011714153,368.4613348362329,19.935721654778646,66.1267573540532,3.2976717561957916,0
9.109610366313088,190.81169578739463,18811.077299463417,5.645564436314952,355.7852514744458,506.0822820817111,17.813087583743926,66.28037934107459,3.778971832765481,0
,200.33363152785697,30849.140145113925,5.576406623645455,,492.7561694092374,15.394663070142345,84.33818374981864,3.4818591732321447,0
5.854810231094616,250.9791998796743,7387.986890737224,5.329638333672726,,563.9767484583858,12.18295613897131,58.62862677959778,4.329562821504288,1
7.016349284881338,188.32915908701435,18035.454014426385,8.124160422562726,,541.248589528818,13.353168210196957,59.97428171868592,2.489482582398967,0
7.21523524150136,197.6835864291642,31214.347569168454,7.054680277758939,368.95983299754994,425.26799646262117,17.788170159542187,99.69085582441883,5.090569043982072,0
5.600639834225104,168.30791486699172,35784.63400957141,5.703962053891466,,674.6702892145518,6.771093668822733,91.52980022946745,4.386361320193531,1
,218.93219412714097,15232.19659693744,6.546782977630235,315.2146184047167,534.063411877896,13.101241259500293,52.09895685314175,4.430154113770005,1
7.087984290677551,239.73373371898504,14210.264250362454,5.869413724486832,,469.24128280365255,16.72258253515608,90.19378076294186,2.1266149621319705,1
,247.9839310706162,26990.505194348927,7.5875082242790075,302.957481758457,346.22764818771105,10.54367473879114,48.22551570558363,3.1586915069144945,0
8.8911375424668,202.50766479026274,16549.99274157166,11.361315038738212,,303.5973816617892,15.697181338010271,59.36824880388459,5.132565952757857,0
,214.37933706493553,19658.571661285194,7.990365760993734,,310.39777143386715,15.544064593526777,,3.831623421074048,0
,191.08638969055878,29700.072066944875,6.973078146130366,321.2191658619808,351.30676104603634,9.500702980133777,65.14301571148279,2.6252301480410853,0
8.076438453083453,212.89659775022471,17242.223867245113,6.069338729769035,359.8859532295417,536.1842124712182,14.587027763471681,76.44005266260156,4.142865283144593,0
6.202217326609483,206.04688487997487,4777.216159032036,4.997427870621937,349.69159481016493,464.96711306700183,12.262430615594985,68.12486775623199,4.499743321031777,1
7.9629602276061044,197.8644603920476,10603.48949973642,8.279229775616797,396.41623369851214,376.9301453305234,15.67312563041566,76.35858314104298,4.384564056482517,0
6.948140268946178,200.40811815286816,22101.310486766863,8.193379601818785,,415.1304791282634,16.51030266344117,,3.8526839326072064,0
5.625902133392069,210.46151306859676,5671.778987892803,6.383560425228526,,405.38028776576914,15.616498481451398,72.46240650783201,4.855739602979437,1
5.64474493068053,186.58712208494194,19407.9031403025,9.037067693049337,,490.00405364189305,14.539554670002218,67.67926278334738,3.4224306510213944,0
9.250588044046653,188.24010265350293,9805.31355254019,7.153348963438434,355.26731411731475,355.69617900513356,15.25327519899449,43.9090527941406,4.391269445216486,0
,250.6355844374897,36396.265090211295,8.344121961924314,,453.9749108892994,10.418985206577187,74.22476538079529,4.0753137619035105,0
9.540531140847467,282.73749660308425,41002.30055609495,7.587991263212158,366.86661079731545,450.006862075736,14.198519113251363,67.95609696947783,3.8661926505492534,0
6.309545608927635,157.4602576469106,12733.611412460059,6.840125309793332,306.09920586823335,358.09055918776704,11.671605285817384,,3.6743825390235707,1
7.51680780169724,155.69692145996612,24265.773623932542,5.61128231413417,272.71132350035526,553.040482336828,17.704077886507264,59.517557519443365,3.701997933167502,0
10.669015084527363,165.3711095101392,13591.259270387605,6.890052184066979,395.57925908215793,402.35430347814975,16.554685914738755,59.91480393465736,3.9951576646620772,1
5.4939198830050815,192.69477071876625,19301.302169981936,8.450440056853859,,346.5799900355011,16.545324455395573,62.43232071431777,3.7416777772820216,0
4.233278250150335,224.66497635319223,37830.42600617241,6.317146523198906,,494.23039836161547,19.95452213402114,94.89512155423957,4.541794531264305,0
9.009885196930849,214.9200941455447,17921.141436438724,7.814791405053022,296.90641371383214,430.3596461723714,13.211074366158849,100.26212191151475,3.5519314533297157,0
5.83978634191039,201.504996376975,19505.45145618051,5.409277306402075,,458.6742650127244,12.488275737704196,22.23817332981462,5.193266977925045,1
7.0489404538406495,212.92593750265277,13748.018326413097,8.352492171085967,384.78094941659856,331.2256159846768,13.133111036350439,74.30842522854674,3.5170785555740958,1
6.201122684322623,173.85324298789217,32066.08084212085,7.61444731165414,354.6962901043506,490.9933001313578,9.012619854133927,81.87021216984888,4.687663009214015,1
7.482244171432974,188.1880713039162,320.0,5.220665001038329,384.1009530885242,599.7942691619644,9.272175701208175,62.89955619619806,4.7213091555550335,0
5.654195689221387,195.3569744519745,18130.667490167685,6.766057052835853,333.300820109076,324.97330161724295,16.34963992959477,81.43505937346525,4.099372488964638,0
,145.3050771561007,21611.57895443203,8.591676636723024,424.60116191386805,454.3367044791623,9.696037567951368,93.19751655714651,4.029872784584299,1
7.754722989834802,158.8380734488769,16216.35181720748,5.130728585767906,,363.175224371999,10.752788535466806,44.176159759017835,3.4014057277468326,0
5.567536670588607,160.1098860391149,29587.294102802338,5.427898622972604,296.0773860554286,641.168484767797,13.964324405553633,68.56694255684488,3.5666842692785052,1
6.0298739555311665,220.45146315788077,32555.77928042106,7.010194811437341,335.8538750585097,525.17059825202,12.939648910965701,98.09930426923151,4.141431204981085,0
6.558925749602203,203.8513583543173,9630.413472046654,10.490662554082867,,448.5685874423976,17.22265278072702,46.34820212382869,3.934794233039161,0
,215.55395840236616,40373.87795356996,6.057326627217593,322.7326136040559,327.77060193044633,14.499522306504934,64.53323607383095,4.892805657272764,0
6.446158525801881,137.13104032632114,9532.020110419668,7.9025329193450835,265.0572916561325,347.1155140178994,11.665053358731743,59.13596412727568,3.615419960876049,1
,148.5258660463487,33315.29107829713,7.531013944010135,348.86144632218185,485.7019604545431,17.506388932152163,83.44066238929065,3.6626297204588942,0
,217.22289408820785,23327.98891615804,6.188558557580441,276.18412786343737,317.00062418260075,16.705011569967983,85.69818434457993,2.6715101264121666,0
6.672935260602413,107.08257146668637,17596.541378311846,7.374590695820102,229.45830149858227,319.51089242063455,9.643754656006134,69.02970320192551,4.471951733698215,0
7.050147493640122,235.18813944319373,18423.852026742916,6.412421233889971,,426.7065012134302,15.132479927378109,66.92179060994496,4.401510681116269,0
6.096384806351529,137.65385140727074,21720.092825909047,6.554668431615911,302.0083602109182,436.673333563486,11.940246594369011,38.54980490255482,4.7321238788747095,0
8.116593848800315,222.9870365415993,23841.824648545367,4.495190393618449,297.67698248194233,456.4025125755435,11.853255283759447,89.45264084254258,4.77608029029011,1
9.233967187202664,167.5652920077772,13944.246338471723,7.081390748911212,,390.8379761746309,20.46939838233128,60.67870569121832,4.585378300772364,0
6.383429411706827,229.56491888549064,19962.346571160517,8.54056774046363,,499.6117236904868,14.7100955818909,64.09433405300713,4.618270440975119,1
7.80779734721656,298.6611492453278,15255.199342924996,7.210732724151903,325.8806835279192,357.05482296188586,13.582122987903976,82.13991680243691,4.445853635031138,1
6.72057426684803,123.25831583612398,11358.015647562135,8.84300226209944,306.99968845606014,476.1315482845153,14.580339043475547,69.60111474281305,4.565992786494151,1
7.6282310175577575,218.25206873154076,14846.176369444242,8.036917364593128,348.8810907263866,443.12965429345,17.18499286733667,82.66223959666618,2.5332698645277927,0
9.42866929680488,138.13879316500032,11928.722471260997,7.025924735998252,390.09908658749805,474.0519268502826,11.984705229353636,76.1752442026407,3.1121632448296195,0
7.8429893145271485,209.65660551096013,18329.241415177952,6.1278776262492265,354.1710650504622,520.559844154043,12.548195100844694,69.70135038553896,2.9847086607892095,0
4.419878191785479,189.3832907663394,25806.804920958002,6.3517033297289816,375.0821660581814,389.5734123916095,16.46701581188288,71.42917220121778,4.960734948543186,1
7.7609934471704385,200.153034318779,23072.62980614073,4.796593451179348,378.4741942755864,373.1137974544457,9.295915341381782,48.211081505462154,3.359291545234071,0
8.929295614963515,166.8260391574964,39329.003691313905,6.698015353644645,291.2267085502648,290.9284995078733,17.56954707500066,63.98652190211042,3.4841674985530044,0
,220.977315503888,2628.3270696763284,7.350678038531362,351.003702400134,264.4798323261731,9.002906875082253,83.9615622088716,3.975192667940092,0
8.573452209176748,149.65254918494782,26130.120273698434,9.830365334522789,373.8014514879841,411.92206735444177,13.48896953170115,51.84203115124976,2.9999300312457278,0
6.044826688272082,235.73239241275968,22070.30549185857,7.954746110780626,315.12562040001234,417.3981695304309,9.023851518547783,54.81252752509043,4.266824927885749,1
4.851691260716589,182.90399018847415,29167.42890260215,5.7535307113819965,300.58430734875805,339.11335008449385,10.814369515616669,52.15008654445907,2.3082956418867373,1
7.29175352824896,151.11389832310113,28297.399841802286,4.845798124680286,354.74666482787416,356.3120240105247,18.582300633396347,68.88476566987806,3.051558051999276,0
,247.03797834690235,20567.022351314496,6.793647702216775,272.2532162567052,547.8763085836742,17.74671098365458,89.12096741489125,4.125076626655902,0
6.720343480659612,193.8450351101071,23528.151768193748,8.402587825987844,288.391812094282,496.06718242422505,18.099363589267746,75.26399190892464,3.0015237384416475,1
9.010263393968255,257.04435105414484,15488.51300270489,6.771426188022867,305.66298974907926,325.07145002227014,9.518338664323263,31.13320620627261,4.983308220836885,1
4.215355641380579,235.08339613802696,27395.973418938564,7.976334996508841,351.47108273835903,390.6121559104876,10.831514677934512,76.90772500228238,4.006097962134241,0
,170.45933744683407,5536.25702288391,6.833821790181543,,458.4802153325123,15.421579477142735,59.23814111569596,4.853014703398074,0
5.531951632257634,193.28032637002403,28826.767866954513,8.252860686850648,375.3272060616374,375.8839180511567,16.66054771759185,74.65199411011193,4.249174987665414,0
6.98502021043356,199.87321406923436,21810.768894049314,4.596332324125055,295.20332777109985,361.3043747675654,11.66160483917454,63.97809715957278,3.960694779444971,0
6.5314248215306865,244.84170239956606,17742.46592822135,9.654607749830838,293.00560817803216,398.9403372973975,12.389559437605058,,3.1926815191356277,0
9.178704572544131,210.0005668277477,19974.683840852213,5.362276151806537,,513.2528708265979,10.566552768006504,65.24216021539488,4.694734073673369,0
8.511522493637546,201.6413638750867,20617.8490226599,8.374097080973048,300.2546569316115,520.5121042014991,19.772209458919086,,4.314178634024128,1
7.822909419102897,189.60385321285415,33391.353979413994,6.689949288423051,308.25633946472874,367.1642545766184,12.732645863123397,71.3849821611974,5.59602536399335,0
,194.38217485265156,50371.739426689455,6.936991917420297,256.8726415906783,462.8440875707449,14.403264601922125,52.04671823894303,4.616152286978533,1
7.669844665477241,237.74694674170638,32712.267127798852,6.739058988567166,344.9246860579571,425.48705976977993,14.57602718733467,48.178728357564204,3.660025678497296,1
5.787026467029937,196.1185712255192,17056.092857746837,7.52385524438136,396.1929093444629,345.3411606011159,17.948547496463572,78.2597259291243,4.195748826823831,1
8.365815530334919,183.3600873184584,27537.186598981898,7.842888778383815,290.7991544316844,402.23403893999654,11.15686033671305,84.36319992213616,4.299267622339,0
5.411933618461198,177.935770700362,27919.096786324135,8.792211188680447,374.88984808052464,324.86126496018886,18.155260752946308,75.79693624524705,4.877107471062909,0
8.333065490853347,178.27951507724282,13900.340464137878,9.344559234503858,330.564658179412,519.0444189722476,10.08022163844842,55.88988007829877,5.001058569080417,0
8.859213753178246,151.13292812663153,10956.790163374622,7.64427804390719,260.6179998251887,550.1977634124243,18.146876850666487,,3.843659267356876,0
7.39629690313213,171.98799013355267,21459.026253399763,9.82760529788592,296.31619891924674,393.15415347407276,8.639511369154338,55.34367442252057,3.0218935587901083,0
6.815680411557036,243.94944882081035,29097.595675691584,7.266896617659516,293.78483935504534,374.07365499645493,13.954966348835255,80.82439786195697,2.524005877119015,1
7.68046486246451,189.38882366184012,7878.441493135473,8.82235577235962,320.0223608092343,510.36755501188605,19.66394283161955,53.034208498107475,3.081151421419161,1
2.78772244484899,218.54117339379513,15691.725700670859,7.797377083191713,350.2000858263149,523.2919152784015,16.60094515721066,80.72145625599677,3.508414372297664,0
7.533387327728192,116.6797914271733,27036.155487845863,6.252256682347922,408.80583632689866,336.8470878485988,15.690099552516122,76.717831150811,5.1433815882025185,1
6.909969003240289,214.18596188690813,22379.916088382986,7.406349963920153,,414.156426499788,10.840230032640232,86.45117710084678,5.1552142813091315,0
,190.83671346018835,34434.71965265319,7.915011566464417,313.1241267262805,421.2849289703013,11.875155894244422,,4.718924842240844,1
8.139798769346742,180.5939192675037,9636.307427750467,7.069126952383881,,364.33789810760646,18.736506209402826,75.19102043295625,4.929711121573343,0
6.967846617652908,201.7907186374762,42642.48646635172,7.772313298436139,281.0128420789388,456.87853552699585,15.858720321148038,42.60736482945809,3.4182336662063806,1
,180.13359187801512,8525.806269894787,8.487273475736494,,370.0043731932839,17.23782251510186,76.2840796888819,2.788053697799761,0
6.867895993761933,128.0360025635726,4218.234185876154,7.08307043564649,333.06067963866076,382.77914037149,14.543519581186446,68.2706689509242,3.1849077338380973,0
7.181333226121237,225.511934117502,21497.33492380862,2.46865748348168,258.63410376960235,417.89258161319674,13.370286102755498,,2.3828415172768365,1
7.252400867371519,203.77656196314217,12064.795199282498,9.771666839359526,,306.8750174219713,16.829983380568926,88.46803281329905,3.1011149036463173,0
7.322879050927602,185.95384144806874,21674.11282632641,6.649805540251881,283.5787642906433,261.48373840186855,15.1558650137047,63.948362153942426,3.5753613584271755,1
8.63905356737783,165.082068093682,21367.415271567574,5.81921725108497,333.484936484534,499.46178933106614,13.739131996409457,57.822927545414196,4.100028872538991,0
5.450948170448779,148.96455948457168,20297.06015981783,5.3439057328685475,385.04935622144967,366.77415287105225,9.633776713413376,84.60970992041686,4.0756566557683644,0
7.343550684247275,203.16456662617784,14626.055247634247,6.588415474312841,351.9857864041135,596.7891266420031,17.4478973811546,59.83749841749957,3.432083430543215,1
9.014894547927362,247.6301107272115,25808.39445812389,6.230858426519168,340.2782008706907,583.7470340066928,15.752086828409968,57.012209825912386,4.41377939196559,0
,202.50132725571322,19230.953503491924,5.9555250470621885,311.3206039464611,385.48171026247553,12.299335237812086,48.1401035438121,3.447057046164476,0
7.34947002117008,151.75162860502957,31693.140916519274,6.042240493645575,335.74157368463574,613.1242396466101,18.19153402262257,53.11314845312007,3.9778348664996463,0
6.201932247040435,203.2037352652289,20432.13534532675,7.956993662014519,,501.00596235100613,15.104581246919862,54.50289268256084,3.1042138511517665,0
6.523934423290343,194.2930252081047,13554.04210146001,10.3279742367849,,374.3748957645539,15.169216169013755,76.46096986151035,4.8191605033946185,0
5.7227887451783666,223.64939603437537,7212.778460333509,8.416503124863544,328.9320306836447,219.45282081501804,17.21685540160796,49.89102865329799,3.9862510078399693,0
6.825673926449334,215.41546167717524,20504.600286197783,8.89370513191222,341.9124292814955,481.0524110080261,16.506731847007487,36.30301021039041,4.499483512454567,1
9.841883421640357,100.45367890848244,10883.0759091498,6.523692150314153,,428.50366999049163,15.26912578113179,,3.0213691580465856,0
5.183354458234179,213.4477505417106,10174.834540378097,7.285371277569913,,460.5089268594959,13.677669323301512,56.129989066938464,4.1060508535477656,1
,163.88865889586933,26639.800601219074,7.793842198683853,362.0099498543854,407.69310587964407,20.846091708973947,66.13647593040508,4.4164203052573106,0
5.1270981447547435,150.50468027364164,6423.833563597054,6.0778985280444235,367.5233510063425,334.49144555209085,11.878457291148754,87.17513880741296,2.3757834965084204,1
9.671127429942151,189.96885086804596,34398.93592797964,6.447346488532395,336.8375422244138,391.8378668463061,16.761707068680465,67.55902488777038,4.881115661250614,0
,209.15107548896037,23414.71269114889,8.470192094166261,393.6375951089712,482.5309828756032,14.023264750971322,90.85586206985003,2.9954488243932347,0
7.041541409478489,143.49649247082164,21629.50012591109,8.842662553058172,353.82879607491606,397.6499706100631,15.800554970628465,65.29602068928149,4.134502168056328,1
6.475825588340641,218.54644534584165,12939.102701371361,7.226508225834108,323.44177176761434,397.1665714125914,18.3702969506219,82.71269499797546,5.364408276102358,0
5.663365682395363,220.4268431210112,28717.545038927565,5.231651654369612,282.9901371253371,304.4490329553883,13.271791191002988,57.53167884018823,4.714824349621832,0
6.727274030078347,197.50323828158392,21988.523732350845,6.6529646665161,391.9880632511855,433.296038542262,16.28605992904109,68.14458853624623,2.8078484227866776,0
10.76736540860484,168.23604383273445,15996.932443163167,4.842696807480722,364.5830157433377,337.04544468099766,15.176339025682251,51.28591835754861,3.831132619987129,1
9.168106381461381,164.65990386594265,23766.462589634433,7.238819807538869,406.73076834015126,499.482095975849,12.183705068881554,53.20997446252743,4.932075210251518,0
5.800593273311591,228.82982821056729,7255.971555796636,7.523536915808842,421.8407456756605,367.27192798158546,18.451726695773388,62.760403840115686,3.332915487655192,1
8.051361154592529,147.64087403213105,7672.181056314053,6.692277534760313,,402.3436727603395,16.64691972572384,44.877748316069344,3.689293801152809,1
5.832715841000436,230.0630547462137,12189.968031909542,7.501903731365464,280.3423164907854,599.1186852595497,12.865985226011494,68.98163154216964,3.667451738627917,0
4.415448541730669,190.71362690782604,25079.354136937192,7.778703957752466,215.60880358466824,401.474062183953,17.941859464885663,61.495288288448336,4.414630362063514,1
8.609266376496944,192.93329601142858,21985.424517760228,7.525842027793256,370.65284761822,390.7540147093539,11.556315154758993,70.20019488409456,2.771146685902022,1
8.820139269965326,141.3411934267736,31213.54815892395,5.2215821381708505,359.91579018699156,472.84975887191445,14.204516932479063,45.12630605068673,4.458365969694879,0
,191.30506783588524,13945.688996481582,6.719842365689943,,283.17905582194777,12.88356134596482,77.76806343254768,3.484216640453169,0
6.375202126170641,215.63473651236404,27053.836961021367,7.767551905660704,282.72853752722057,526.0647457422821,16.77932956376597,93.90134138063657,3.9611571363223805,1
6.8298363989970206,153.23487718873662,21015.355255493385,9.61436459866348,,505.5152034764476,12.717044926740662,90.4818362079461,3.7946003960691224,0
8.204648330487185,211.95634775205906,13743.493642122055,6.690357314622858,340.57292529531594,467.956139589978,16.802994285971444,97.24328577846525,4.43781813582945,0
7.667244056022161,198.84839211772874,25393.1482721523,7.990327516708014,365.09175234204594,180.0,16.261718470543816,67.08738211224686,3.9535886797562156,0
6.489543793054434,175.3998203573662,21435.07600318931,8.507480020839642,,405.24706412193785,13.061677813536532,60.6922887759471,5.093538864985899,0
4.651392269822753,223.34953876772175,16496.624667344855,6.809328236571356,360.21585309463785,324.1707019195734,20.3380680518058,74.2988533458946,4.741754668527244,0
,125.5277833926862,22382.331994253684,8.934484241029997,327.910634333524,515.9285427167632,11.840725655912564,62.540839739565946,3.3496482959932132,0
,207.09378395979869,20878.018515329073,9.019434653660817,381.4407576509353,510.2048869804809,9.65025351601269,38.20491818444542,5.034932257606447,0
5.283617566448765,247.82192505834536,20666.155639101504,9.30100787981668,,457.0407911864619,17.125127151006673,79.67265212230689,4.219136879000706,0
8.038139072513966,242.07818045122116,18395.55807528229,7.84432282699714,284.3357441012662,329.75110422879897,7.206953795401384,62.60268955087456,4.102509010136148,1
7.577312542700539,208.4738150572327,10569.601313902796,10.849016854458906,389.9580350739059,545.5435368419944,19.22299552689111,,4.631603060620252,1
8.205222394848501,186.34621516381293,22669.69269739803,6.147852681832341,383.24843243132057,405.019108878441,14.63578779253701,58.16582730285931,3.1579040802573566,1
8.387963249578512,175.6543181904758,14974.194942463195,10.476042586162725,352.0844642191706,570.4296853520452,9.590949253142716,62.97110552949417,2.89403814783596,0
6.0383021371119705,186.30637459501946,13065.715830761525,8.333913192080324,344.5094259044861,447.23096534901185,11.170067141824674,66.5916867954432,3.9894543441402845,1
4.654560899752581,213.401831933373,19903.062367220136,9.237811986182216,401.0030743240113,466.54464151333184,8.907507370800456,,3.497084567103961,1
6.279720711475681,170.16819822529868,28451.41279239,6.614340347824097,266.03417248284495,389.1756492349976,15.56351374392169,88.57811987053127,5.58750048582719,0
8.41369097629051,220.23756217761218,23641.830462449903,8.454270030682745,383.89020548644567,538.5564462225448,9.92118323572555,45.52564407605511,3.3738282049124453,0
,264.26113657610637,17355.882832703945,9.374619178589693,313.4755253584516,474.6747107434887,15.95689380129663,,4.001392931359218,0
6.038935014213537,194.01973647592337,17003.29507249889,5.401973342916282,,541.4313354011697,13.294080300203206,52.16078575025149,4.119732288906834,0
4.347974487113042,152.97936629493424,27590.082309395497,6.861944474731637,,440.2032958837632,12.73129833730009,86.74992567014235,4.930393844498299,0
,152.9681681178748,994.6273019477048,3.7368207525947232,282.04003304026224,422.23690725953605,15.98084169064326,57.304443476228855,3.194242402805261,0
8.318570462137965,220.85009765477042,29006.890955279443,6.838233896578332,,473.6104130319049,16.357587387772703,60.8299566322668,2.712588988804546,1
,194.0881222732658,5578.881653860928,5.830707054333064,374.8908919998046,541.4032407272966,18.081149477750003,83.40506491885434,5.057659149592352,1
,224.0585886740497,9600.87264400746,6.775927053012559,324.3814768658852,507.3387445791338,12.20853149043896,87.86135212359072,4.032804729630245,1
7.945062542315102,178.92370402690082,17503.88865982151,11.739356505015362,307.51909799655766,437.05790457234184,14.20162877321893,90.25650131366325,4.601599167654167,0
6.713506717230707,222.5799535212746,41045.98873350351,9.834129540739575,307.2449456304042,277.422519389768,12.203420462646346,39.7815678503339,4.638223844863644,0
6.8343538438166975,190.9344264496088,36724.96778732512,4.845672892013001,359.3321443115854,490.83088314970587,14.837858669304422,74.22320846354631,4.77340668909723,1
6.4386534531118125,172.55987022963362,28209.89761834088,7.99806651652706,404.7760362357385,310.90361620368066,11.731644038608566,70.77589450368146,3.6752664946908773,0
,183.1680486783237,25140.876657651097,8.382311117553597,245.22378180391246,428.8004604921871,12.900480789348292,65.57013644214324,3.463830578031712,0
7.913868046949164,157.69426062645644,5681.830990530598,6.586122603006748,,416.738705010354,12.917298317755495,67.47840339980417,2.41291951196105,0
6.384299337972848,259.65950587461157,23388.76908846373,7.401726012990508,341.3535953880214,312.57852135475093,15.268091115289797,87.22953781112557,3.1939768800704895,0
7.77824516124942,192.9157819661284,17197.327282229053,7.5560518877156975,,455.80024718990666,14.309751391874109,83.2251454781228,4.018477851579326,1
5.563696623215524,216.62445083783027,14851.80994412873,4.992354030878261,,598.3454192165822,15.970795299036778,80.92999427182724,3.422910929914559,1
,178.82018774813443,23371.623099077762,5.490499620543886,332.8558798808701,400.9915575056064,13.94691127891847,69.75201001541582,3.0800973274987697,0
6.08839635628929,162.33830969664567,17882.36521715245,7.3922288151367646,340.8930334973754,487.2703729930504,12.38681619952876,103.18357061034555,4.00932881645198,0
7.8316281489336985,188.51582365062606,29637.757018146818,7.277055994211192,,614.4551870993687,14.931233560949662,59.909909927394786,5.017494793822144,1
,231.23816106813436,5035.676688036907,6.000470909640715,299.9670610314413,495.0090575207099,11.273292986810237,40.221425045824375,3.9263076454507693,0
,179.33658267525493,22671.850173974264,5.864885699030926,,374.41253538738175,16.178220792071865,62.10304695937172,3.0864007191306952,1
7.221704987729457,168.14297687265872,14304.317349781839,6.978148785519495,269.3537793402719,444.96118368981985,13.357964879716024,67.33535146666183,4.962491276852737,0
7.0962031272840225,200.9748558198126,18421.493780409368,8.520118505713572,351.0826032358552,464.4624146487452,14.974914052008467,87.51158238302926,3.366188389888872,1
6.9953383546693395,211.9687232229678,24685.573698832948,6.999152481903946,317.80880671586345,540.705050661917,15.026079216319363,58.1221553710386,5.123909943860553,0
,248.57114140330185,12215.210044909712,9.683914712404325,293.6110068715014,523.1240272510469,19.58510009847228,74.357927199271,3.7647557941813274,1
6.405774855345443,207.32001530791985,23454.315861770316,6.020603534693153,413.8492059307454,204.4093105212346,15.559226215157173,42.46864275505904,4.0504414839128415,1
9.299385560476402,216.6077657129995,20151.79394031475,7.425113486298625,293.865394988281,357.5036358243059,14.541622545130249,83.9189700274773,5.187496598967073,0
6.917195050972265,219.01680758145028,16220.653192398686,6.560213222015671,286.66581801088665,420.3978621909119,12.015176294460499,67.50677451418578,2.915832016333134,1
5.901305595925841,159.10350777815583,17887.079297684235,8.048978295332715,325.334119155658,344.7770349969844,16.947871011270664,61.854991641577946,3.150917888018448,0
6.305553604707737,165.17337374497458,20658.579914290658,5.88509114608419,,180.0,13.40832178263868,,3.715292589954706,0
8.730556021045835,161.31531873261918,15280.07378482063,10.165288451310134,333.2616069367765,367.9505209799458,9.265915518442716,83.73249468968372,3.8608250353907274,0
8.093409949746718,153.37133581786733,22076.21854860561,4.44883240313991,339.371371162707,425.7111514009871,13.65620886653761,49.55456156760574,6.030814428751706,1
7.920493767348385,221.45471599585292,19574.391027988517,9.830458778694789,342.620980691032,383.97722537508486,14.931916321415107,64.6278532505724,3.2773121688435936,1
6.6937182016353125,205.28160293324018,16653.052149922754,7.262181781191956,327.9204752630139,346.24453959389274,11.598931197746138,110.72837654806997,2.952686954168553,0
7.940043705259418,198.54387401892637,35956.91639132917,7.992830839160122,304.21137017321877,429.3171699827863,13.910004993137877,98.45683194196792,3.240048778674728,0
6.114658312574028,113.0330715071274,25655.654120865416,9.228549346885293,,453.4470540201704,14.064106639057963,81.352002710604,4.15106377589093,1
,261.7752594757958,18657.61371989669,8.47510516236239,328.4205965733301,388.51223088276225,14.115503948889797,36.47782018134717,4.353787895555513,0
8.534706731087619,167.38329586708622,23293.195978332697,5.966557517286963,312.6796902057459,535.7395057978938,18.374318170061002,87.98083440607695,3.418472068725083,0
,261.65800819004664,13008.787400496334,8.068141497314912,393.6797416629984,430.6171532703581,9.971859058090452,56.11000036315397,3.986408191914502,1
5.607135231073795,149.6242726191579,18183.513008551825,10.070608876762694,328.0262096239505,356.27890642920954,21.01154811531236,87.84099053371625,5.4872578244584105,0
5.796710320637136,170.0031629261908,19206.92075965657,5.7180790947859,,336.0370142120133,14.191643443369014,54.692770534010315,3.997431415851421,0
7.243053229220115,125.50881975969185,11079.61741009033,10.467117047686486,383.30037633148504,408.96241573930706,16.214697072043126,74.31903864892115,4.220372218137083,0
,207.58799923016633,25411.095000911046,7.729409927830331,385.7945862524575,515.0736522829964,14.721859679574923,56.02742145203396,5.443410806626421,0
4.206652253296509,160.75978173404056,17579.77659808552,6.435500120365994,,360.1049032685493,8.604122213174872,60.51485900149889,3.425539942417904,0
7.497499409355757,161.66399506885267,18896.55732648627,5.708602772318958,,473.6703587197361,10.813293738546612,76.47958550494887,3.3745411995097405,1
5.015935002640278,152.07954505041928,17026.326835488173,6.767206422434926,330.37429068330795,433.564552801145,12.569889597195296,45.0338455419268,3.603647961728954,1
6.128503509711682,220.8753620076116,47965.22447993998,4.030660236908617,322.99107514218514,585.4586375603742,17.579275399785985,104.83317215208905,3.5582297962657066,0
6.533357372903638,218.7668368501615,16202.865132973908,6.463913738887116,244.15727752946185,457.22011709284556,9.731740252025944,49.75901223116496,2.549609772370959,0
6.449237484844664,253.98508451452113,3871.7031144212924,6.704574954708134,362.47107903566234,370.1419008459312,11.476066490764428,48.85296633789733,4.077635431536913,0
6.279306090511187,174.05738812566486,7982.596614691012,5.422426434402377,343.02308822178827,484.9095623011749,14.844007772918246,,4.139214215755982,1
7.090810590564555,203.0022198734976,28673.084001038962,8.301595407948888,366.8464949145537,487.6017592716776,15.86042627768369,87.32944641328564,3.8250303311310705,0
6.277116650054133,154.74127368313754,33734.69010606105,6.774349265292768,,394.2391190163348,15.760978893543953,61.15601518136759,4.163027257410523,1
4.886313922718771,185.27875127246983,16034.638631660073,6.115444619509204,360.25783164009454,332.8803436535992,11.05278312471174,49.042198677778146,4.1713248952389606,1
8.249804418784166,179.39694997500231,33230.38860270302,6.605972382591701,276.5222104226808,468.88281529812565,9.026628511368573,51.457461679257996,2.943401463845931,0
8.209308250723321,210.86239863985347,28517.744298619113,7.681069807839038,285.0601100202756,431.0812141412002,16.07889682260301,49.7136829498164,4.19513915875105,0
8.344761465034004,228.5446978053821,20352.259251252,7.235689512537851,231.47532441142334,304.6759926609957,19.029309007081103,71.3925100092186,4.405639421410754,1
4.768898255603878,227.714134106608,19729.886091332402,6.0124593608216275,327.49168297090335,446.361679919249,13.160504669260238,65.26622485465248,2.7242608575335474,1
7.528377228876226,169.03000728903646,23600.23188566528,7.318532488983902,301.3264509010774,375.0405681583035,10.522534601202693,73.29848826426613,5.111230497447659,0
,227.95097294793598,29709.287560287434,7.039931987045313,,304.75183665100155,12.881394935866018,72.3108847272402,3.0060788837342125,0
5.5331968973406225,194.5892756125505,25498.273340268344,5.319646527424876,346.72074749657764,397.83069252893586,15.600406492169611,79.75385907089743,3.082174267890652,1
7.093759872273194,185.61289933129552,16078.391193225438,6.664162584258529,315.55420503789725,528.6334987365491,13.530627582637111,59.75890687811547,4.1275251432511855,0
6.905600032034451,173.32763242179462,20486.204197579256,8.035354467265003,274.24326872104984,522.6449200070446,18.943739016998883,54.44108323023435,4.387065056810975,0
9.843225987852396,178.08205458043034,39389.68049791128,8.023978450636482,437.335437682836,501.7401681605894,17.35240337403415,68.93196390755443,4.576583617584671,0
9.96674405551886,251.75404307827947,24217.145002287605,6.7566563548026375,331.4825645599889,447.53863120736986,14.908315618474031,65.50916184772196,4.407574021462615,1
4.583465410004699,205.83714452780876,29637.983993760536,8.189301015761844,288.59031482963644,473.66377626840796,7.850734431223106,70.49782263262483,3.5646316488015453,1
10.820890508591983,201.58757912003855,26748.791338175768,5.571670314764297,305.53674610174494,433.89156651824015,12.015530024824304,54.87025035537509,4.054677808919092,1
,187.6081005268177,24411.347414859854,5.620599215654545,325.90113827062265,337.5959339028425,12.491526323059304,76.80392008912992,3.7229971087897993,1
,274.27131556601694,22967.289353132153,6.723017157995985,325.81491554745475,353.55984809180524,11.836167260561622,47.31035288245535,4.1059220488012285,1
8.535746971295596,237.7603356430856,29884.115784100068,9.486154495017674,,377.42552595538365,14.929710197154254,59.26576851779669,4.023396194492696,1
5.58646465973729,172.92601232643864,28316.492403674692,7.377937569930365,329.7433717370795,538.1087261309063,14.997758867416259,84.69046959891483,3.5761712845306395,0
7.819901690758648,187.24431824945202,24328.345802161282,6.68492202072808,409.06353504659836,512.1352584896356,8.775552935087779,48.0726976638303,3.6991700253928927,1
,189.14417461213088,15929.702650945022,9.559738041906503,,339.609794933854,16.9551736048018,83.41393733968081,2.5252806262637746,0
7.911495006948586,200.66790330504318,25395.3507246601,6.666637272378409,350.4838776506556,430.271289233296,14.353208230876897,43.57259015559185,4.617501415335252,0
7.4260084535709385,173.56076823579406,21426.340397174907,10.65087851491187,374.90118796744105,393.7914285797818,15.480216664578418,40.71934083635354,4.2020948554510955,0
8.87450922805537,210.04212874757428,19310.595657503683,6.312172664679222,382.00124449317883,413.59195685594534,16.75792690506613,42.19943138757734,2.1707894834815518,1
7.193099314719094,242.46682022525806,45506.86530045241,5.5214686077829445,386.78676091458135,383.11657448382186,11.768999926177454,,4.5886650096127495,0
,153.96390051186677,8516.520031402351,6.857148079734037,321.8475186239145,538.4553298245022,18.454388774742206,78.21945115717543,3.9286383093259483,1
8.724096349585771,159.89930441305387,30420.157773934123,6.726446867877513,332.7749403287283,424.4874770501092,13.832081261612329,87.340024483003,3.2392787492381214,0
7.950593947287905,180.53892623048617,14448.375818893906,5.843802437368133,231.34367477088932,443.29254436810186,19.291405847670887,86.04850626561593,3.1701683600950625,0
,182.02254207654946,23164.584441541585,11.231119043490331,324.963588417377,443.94065649066584,11.350022963572123,80.37571707574061,3.433186708376833,1
6.083119991612104,259.95090799186977,44540.512542420925,7.623429977132295,377.74142129512927,343.7783860031184,19.04621380287194,52.925108079903325,3.2434102394970012,0
5.512105827902289,228.05469504047483,13574.023915392969,7.853514326401102,,434.6842958272422,11.316852719587061,52.78384274984956,3.34819335965893,1
6.228416785120948,226.21831526778445,15665.636817164897,6.390230757923664,,510.9853457429473,22.71097824579845,79.1622356086165,5.2964946887580355,0
6.148767921479117,187.5402978075712,21860.404525180464,6.207282372102695,,543.8152788384565,11.158948580832476,89.42519672758532,4.259478275618501,1
8.25929890297937,186.83797098282196,14583.907281572958,8.740382202033967,317.2557833418629,334.1748025824446,17.786736177502796,49.69551774545261,5.558088047941308,1
8.543976075441078,149.54542675950725,29767.17419774644,4.472169999308178,303.6382672151841,304.5119010089017,13.104099061814743,87.36278929810354,4.146076120183757,1
6.8473045657014,221.01568729753015,17326.1768457249,5.314274132991217,313.8053688557189,430.97076640332176,16.65957386609961,35.29053301371402,4.421827261665388,0
9.226378528236529,211.71374735388113,27749.664544109684,6.729252561140064,286.97893398171925,514.7350060588027,14.166267278485298,72.71678652175224,3.2830499494071814,1
9.132704090647694,237.1519156697051,10357.011314113393,9.254654742902213,358.518196299845,454.76771634269505,10.698939761303047,64.7183222620307,3.838937861692351,0
7.445098374600809,189.25344917260264,6168.087726107444,6.528263182708232,344.827754275953,480.4236860863844,5.070460480869011,63.092126133640996,3.9062894665121526,0
5.84716234268544,191.4630673215873,20005.801734581757,7.777519460493231,358.0091573012951,317.1800783274782,22.575024877436547,66.90659231733504,4.453672107380605,0
9.44306497415331,201.44145691394036,8258.186260410292,7.163811313433185,316.01078277082036,380.24100125840044,14.540979944529543,52.56957096668882,3.9314028070132943,0
6.9884739734573875,224.54072241622706,35329.218364953,9.168088292440157,330.6190078470906,250.31101553656785,4.586350742820914,73.62646524519744,4.244035443551048,0
7.269247794646462,148.95310009288067,8597.623388358868,4.616137631223584,,414.6009560603233,15.298608401334192,,4.216111744106069,0
,219.553796279628,12913.48774912798,8.282821861881988,348.42524760375295,252.86244473253825,16.57563596654843,81.55204601385357,3.7337710154342236,0
5.745314510554204,195.34414201046943,25641.446395612333,6.805739691006696,337.05249965744565,532.6129361472382,11.940233414403806,92.16432442592644,3.6535609697489537,1
4.8770408545270625,162.1236074254817,16871.588157956205,8.581317026392664,287.87836587876797,550.3857174327147,11.962430024918103,68.45605398587173,3.448185354937947,0
8.029302485335933,129.29261591506986,8697.737504261113,5.825534272361502,,437.25147936494125,14.234521904768055,53.136762470176976,4.814196877442399,1
5.904898419155069,191.6328412198927,39904.48568383108,7.158541050383285,322.42817861512316,304.9941513857656,18.268560961515178,47.96603413740433,3.734103343171639,0
11.669296843495236,242.32681546477025,13229.671546290536,6.958039396757959,405.3367893353072,456.05701231305414,14.629868395415988,93.91167945418913,4.226540053479326,0
5.450889626081281,249.58990933572466,20292.819028255264,5.536151955313748,289.49379430676004,574.7306046768754,19.128643504330203,91.84004244827926,3.847886994968837,0
,207.37203874144308,20179.381598670116,5.096947439543797,,464.0588399749542,18.033023269349798,80.77542008982694,4.798841566444311,0
,258.78418124295195,28243.411262746886,6.202950048256235,288.27849754018723,520.7987192392736,13.545010244930419,67.36963321445054,2.4192916251825913,0
9.373970218450943,194.62588534538418,26068.831080085187,7.325291183812099,310.12718879311893,387.1867750643024,9.117271594662537,79.6056820768352,4.20631647956547,0
7.176884485414832,226.505713652569,14762.95489909908,5.924078685598902,344.34957710138144,356.3031961733293,13.551986231972034,87.53233917316638,2.991169810227876,0
7.938363630280912,181.56061155499432,19156.4953030222,6.598483770416047,324.33411737461245,420.33103926698806,16.037391921303566,56.38909697066451,4.274747169585048,0
4.3146788738119355,179.53283714290725,20023.890257838277,4.140440179915958,332.7543748952442,271.86357160474165,14.49764847205225,66.88268389637382,3.8556936899437186,0
,174.31970825981963,28582.37479920139,6.534373125635707,346.64160643751075,607.1270849051156,16.393601944581274,48.4789843018294,2.8168783353898905,0
5.469576406293649,130.063073692022,11767.816806690067,8.73726690166751,312.75872758085916,437.17200371843944,17.149285921294076,64.30920166483654,4.233359033717025,0
4.237431225078178,237.18695231830117,39712.82958274821,8.234184915032731,,495.3418363493606,16.05183322627242,91.41723145333972,4.14486181933355,0
,175.46776194758348,15355.961691980676,6.982663339497114,320.4753305272582,389.07931772830347,13.391415771627326,83.87247417247544,3.789647497214932,0
3.71575856758435,170.3539590478337,21937.267790444675,7.504971305522378,,302.553090411337,16.01561546747364,68.58711018284123,3.8884388495515747,0
5.096706050868827,158.24090618839438,11840.89261389027,5.811348574961231,347.8137622581021,540.0651864544701,21.6770979640455,22.769623510086838,4.095978644348547,0
6.274209308979873,189.46049803083895,10629.14546791179,9.686613119600413,,336.07197749786945,9.383397449785662,55.77615930591631,4.889011758488673,0
5.833071246073386,252.43175393791176,14345.262852389238,10.38706476029197,359.41334490625695,453.90710108553935,15.908048640741818,68.05897663083091,3.724825042544466,0
7.674612753310601,263.00092322632696,13502.511381084483,7.380421336515439,,461.4467849055562,20.345610840683918,62.902202601154514,4.760164925989293,0
7.53837028785372,142.85225997433332,18380.965898162136,11.213283620977158,,431.9161042943107,10.423853012921349,66.93091581687064,3.940788788943557,0
,184.65766412875897,13428.476697741995,6.04531185297416,319.6597269192292,363.2332611054241,17.60363030309152,70.32995672413776,4.980673007124089,0
8.208575599069018,162.90055135700163,28113.99473475022,5.143294800691054,289.18038497849363,414.0294210379015,18.04456690706987,57.754371702693454,3.786589498600838,0
8.79121918404207,227.62680771876865,15147.231238057851,5.998794468531294,274.4668049871327,349.9959339166096,9.42640768880075,66.27799861305859,3.4502671111492798,1
7.077122399986419,205.17099351340565,14175.238122426705,6.773205381181515,264.5008839466657,490.73421540471503,16.65079365758003,63.97901712789714,3.113812326428278,0
7.535200351225004,175.62978152384528,18567.663061691554,10.773065150900683,405.2717954269003,471.7237541998571,13.404657526168274,55.0081167840503,3.9436239197117136,0
7.847270552878787,198.32233857891262,30721.196966166503,6.675768578698584,,424.2878053521682,14.100528871517486,96.31067012472411,3.351325002308986,1
7.292485046086538,180.72260411495333,23898.464042563202,5.761743815769647,381.9426634580612,380.53188226439755,13.227649406774994,58.68137139391625,5.065500906021312,0
6.484208535124389,247.6558750199967,21139.722822886888,5.70043500186765,,594.5854319825613,18.631874001734285,29.881810754070642,3.2904542174272167,1
6.5813361984903445,213.50270448051322,9446.197367374685,8.921234937028384,,321.8348811077331,13.93000063268189,95.288906933393,3.4317817718148107,0
5.853662402505051,217.434349469326,11992.446806995269,8.695736762328277,242.69585885546655,302.4309522511326,12.771065335652915,52.69032905097949,4.423244825038498,0
7.712425244864745,110.65864070294728,10802.3448258525,6.352944465561296,323.3611500227854,419.4395215497581,12.826960805970709,80.9785152561334,4.894917722566835,1
6.938977238872266,193.86276227747805,33475.08523160648,4.156261096598095,,405.35621387432747,13.174733145566005,55.36963985008408,4.540215391064099,0
6.0852393740448525,262.6627506898891,26667.038589864547,5.3368221993593306,,513.8065963803506,10.73753278422923,75.62230579660394,4.7957740476287025,0
6.086632771013111,238.43613024117388,14457.58813673482,9.839565263249277,319.17211611167755,477.6893163957338,12.741957610020728,65.6200127680777,3.907431442049016,1
5.264401908325818,136.8931332505503,17064.460683649002,8.208316457588163,253.33793063733225,428.36204695856316,14.688309761521285,82.6053595644816,3.918422391998338,1
8.5482620118558,185.970373354125,14776.205154398582,7.223428973382123,278.7779705918118,466.02702262555783,15.634458685942286,62.93799133946477,5.5391711364617064,0
7.197926504297682,157.5513770906009,14244.997132341185,10.072756413578672,389.95503095893457,464.57325985997267,18.27332889088126,55.78381749733866,5.28840959682201,0
5.785799970640095,250.75524993161184,26050.840043765904,10.214155511042197,318.72211074859723,594.284537614556,15.095230368487798,70.56372160071868,4.527077841922649,1
8.292821624403027,203.81690503282908,19492.30734372157,7.063215428901148,330.05521176004896,446.26907123963474,12.734249892330334,60.203633950234234,4.83315309938545,1
6.239326785308441,171.43054208859405,40265.84111748876,7.0922366183599665,,371.51382938564046,10.963568020410639,35.14739977493885,4.639655470387539,0
4.970249059481651,197.09305419330525,32979.655661014076,6.200366242262919,279.5836045634102,441.88008798625685,15.271806706661787,56.65568817977505,3.029339924218137,1
8.6118334338287,112.56430306980852,33498.142585893154,6.670326805773486,349.6988973734473,216.5056469383807,13.912676423499136,112.8740574116122,3.9390713542296245,1
6.27435451565083,161.28123828938953,27901.800670295066,4.771606538235808,315.79576529257076,423.38819668637103,14.021753094753224,36.893759140844594,5.137483945431476,1
,197.1661992264419,18307.27995165195,4.765189525629186,345.04181420859715,513.438597688479,15.166347406588724,70.30500713293911,4.531864559096315,1
7.141770030523766,223.0616117905063,27256.62605732445,4.3981989871286755,309.2999122579816,474.1747295096337,16.01398396810761,62.4650843420815,3.920400064757249,1
8.793883834185172,133.8779481408851,18954.73726898367,8.833252470932722,268.5022415374925,449.88448349165395,15.190126239650352,96.15000230193608,5.146831084180038,0
,183.80303015352226,36311.52096488774,4.65298448779815,315.4777261957073,477.93913244563953,13.737290259292486,48.40117930954469,4.258055488184404,1
5.281324310782155,228.3099436326023,25559.530189347803,10.200940431955726,,514.2605235902173,11.655440046656675,68.04111566773949,4.559352117866703,0
7.895815506168271,149.5534936200553,24314.900344948444,5.96600293190494,,540.018672583855,12.277810262709083,77.51640247853412,4.262134527702176,0
,203.33385071309354,23128.427249506796,9.865012852716408,,461.7964720231567,17.09925742291392,63.49542635175425,4.392106566605234,1
9.9118859572942,198.11118409939212,37276.13656795472,6.543214138272551,369.82340597342403,400.7110852389847,12.902165413290824,53.96564051823985,4.447881950183141,0
7.078320417003165,250.86017025141126,9440.00957225139,4.645424901945646,,240.91824075521794,9.858058784956379,66.04042209599855,4.983745780007833,1
3.727446753152001,188.6356418204276,38135.78424865473,9.148370658943442,335.3073288746239,504.25387416061835,18.12659644899037,61.38616084943024,5.085366087195204,0
7.616047458233511,190.50878085199776,20381.431108627214,9.334947691660496,,467.21620108831223,11.190150975638296,61.34069949011434,3.6181489271678053,0
9.996896688390343,223.35871210127004,9682.07348209674,5.688439419578123,372.2213370468917,438.21275900126403,14.416315442563175,81.47754001418296,4.247298647039774,1
9.443880432818084,153.55684262242096,15417.120653490398,6.595989418776028,344.95267045659233,370.955880384461,15.92083818119119,,4.961386956466944,0
9.826431433134848,188.93173739037252,7536.420305914178,5.688842420233653,,503.2121602672445,14.310620639274667,75.33862341249167,3.867383666429971,1
5.550359721927805,181.41679965310365,27746.569658786062,6.929567822756804,271.94978039236,405.42108593374945,6.1221449441519376,71.75079816189334,2.949060990354938,0
8.448228593965169,191.5548219934368,12908.170825461024,7.2903700529565505,378.3034122708314,423.24623111632127,15.588610388802199,81.9500624732294,3.2612544096174982,1
5.997008190394933,223.14900636681082,23493.21543261522,6.564814766597623,302.49333290142977,421.5209128665405,18.67732872541386,87.52900714929834,3.31512834972098,0
7.416434099125387,213.73316752262954,31961.08335455448,4.246151595282452,,461.98813745323986,16.895556352399527,61.75524558981882,3.612620377128199,0
5.1705713568904015,172.04216612708237,16120.411536474981,6.202210682157765,,334.1094391175897,7.290819859414956,79.67539627516095,3.3879419189946827,1
6.113316352675926,200.3743745064708,19662.730612176078,8.231559646415386,,471.0041489525877,21.319906265908912,45.40174961171029,4.772702744913188,0
6.065629953954577,243.69413165121676,10583.474831036543,6.7899387226984524,399.05713314190666,368.3289314553578,9.924689878616782,29.900493324317715,3.7540772147605015,0
8.427832920213925,169.39629763848623,18608.108154497997,6.6026438084525045,310.9368826858129,371.13570344806755,10.741215783173,95.98776154991532,4.9536593358681165,0
8.281078682504482,200.6453369727044,44588.18719364748,5.649373058851392,376.91003226962846,496.8192038046199,16.88019605867306,,3.0883711881130838,0
7.495229593996231,189.8188583379639,28836.473849248574,6.1561188366677655,334.0934287110275,346.39772311235436,15.794376787944646,70.49006000740091,3.694408233481006,0
5.054367872916922,193.98383949322314,19692.314226303086,9.346138008399498,348.0066937515119,496.67539208083724,14.565105847291369,46.55150410647929,4.051336336019801,0
6.61254084907542,143.81895608801918,16649.495922686358,5.31915193425267,415.854510234622,434.1093379767124,12.420959400751741,45.80423183971102,4.602316048230564,1
5.960825275585911,241.14441133799053,21640.105120093078,8.258900492762663,321.5755212098621,294.1378600903942,18.691827203158397,54.85030895664037,4.8620288768607685,1
8.384513635041737,171.22073917157815,23154.54509673822,7.194347249027569,333.789432600738,535.15806813172,14.17022469440059,76.81494322311244,3.5501125123091866,1
,228.83430304491304,18338.758668331706,7.5068008477318156,,450.8202981810795,9.132803868238977,58.03200663007793,4.744866436558715,1
8.664578379046326,176.11594854247966,26662.619146912803,5.962877075996904,369.4272107922311,457.5300692711896,18.36658983492893,,2.658123597282696,0
5.947170870874469,175.98385113933568,13652.265512170214,6.564191761644291,,506.5793848467807,15.023640476791677,54.33892052451702,4.64963832352854,1
,234.81994401489493,13608.940090387969,7.110962115328308,374.931127048574,545.9376595649039,17.9795221340503,85.2857670468274,2.9239692746727526,0
4.429557152804918,227.80430731129357,25260.614158330296,6.29734619591747,,442.0821516972902,16.18941045740422,80.47018614716183,4.318382273599954,0
9.212440467123312,202.67730876684746,11765.01182124023,7.643662724377748,355.4941609451779,475.38298579968546,22.192355062478768,,4.850765492031587,0
6.478117591020264,220.35681759380225,28407.481307604474,7.842753645474453,306.6085744514147,455.6948744493941,13.277098103085649,,4.6620396647388125,0
5.953913072602331,186.7663110317952,21888.759029278892,10.552876465319475,,398.5705834638656,14.353107696360023,62.42716056631993,2.691441229771666,0
9.543990440154351,195.73223591299552,5983.236151850038,7.5595402463925465,332.44407391297665,299.32509576838845,16.675441125067312,60.931702224907845,3.6211587186274183,1
8.97773991823249,174.82801944115778,22974.307331169504,4.098656604280237,311.05110449040006,443.19376472833665,13.297485456837865,65.59468544988191,4.529207834564139,0
,224.9300783776083,7235.264102354518,8.957570147725114,317.1510557080842,536.3150264515644,16.94870443913996,76.82039023098122,4.506870033023245,0
6.639895363404039,173.8107734026447,28094.78482468015,6.797884386214816,298.1340796975957,472.66663706861254,4.573536882240674,51.946367858717274,4.185226329821268,1
,243.52500303801128,19832.775332472273,10.29884207344023,367.3492979681552,340.6061447218847,14.059815255775268,74.53879280432068,2.252746343256004,1
7.420744197581199,185.89330661376562,38248.008578764806,9.444060634958387,290.005868673558,513.8017204515925,13.960124853400691,106.86469976476363,4.904478111622072,1
9.480070921979411,196.6562740485227,31409.41364514776,6.321677533735725,322.0497758119553,401.24241185149276,13.840589795489144,69.36656312175435,5.043483104065909,1
7.71370113635584,220.2792966609387,12711.726720346898,8.260606398516458,347.1548227678014,258.63793020039964,11.406141069922128,66.97863308947908,4.097717083619581,0
8.169043549558712,196.76366147806664,4292.111394110769,6.181550866558338,,507.4323052146017,17.290205367202788,65.03648373637967,4.148290790666033,0
8.833905163605257,186.46693394287007,15391.761977939652,7.1242515057352165,332.61875736343563,350.36955007255096,12.63533208155261,74.14702891903657,4.362387096649048,1
5.325485998463371,195.03924967012892,11303.562053177646,8.188056006679247,323.05706595192396,568.4582698494328,14.960905520237555,40.31145738852016,5.109145386671303,0
8.212292838711065,224.60218731384268,38025.72302191211,8.878540325553486,344.2190294697572,517.8218720477935,14.17735998894263,93.95756576073461,4.165432263236543,0
,174.78872889162542,21923.540438113072,8.53442520964026,247.9879671573484,407.7760581069472,15.95120188591753,82.2952286597251,3.8208837766563706,0
3.305857206340851,191.96041576725554,30200.082912686372,7.2384836184222685,,462.74878766035704,19.02217063638283,55.95884288174839,4.267585688516647,1
3.8877456870212823,196.3291752747992,19514.278896931362,11.043809762128323,317.6099735459835,619.9134852524082,14.943842722204113,66.91106512795533,3.961334295178009,0
5.552823582721972,223.666726256885,20438.316127778737,6.5432677576871985,303.76826481996125,506.0005630269588,17.076610187058925,57.37095916272533,3.97019459104287,0
7.876834842888872,192.80494803611404,21727.861012596873,4.580623001915109,267.3658351410201,445.05600198276716,14.77807156707064,71.2476073870506,2.592629690555099,0
7.2506993480104445,253.8655710237991,31718.349824055753,4.884775113569267,,657.1323195365017,12.630172960042584,67.39388398851146,4.3778086448920535,0
7.356550060763496,190.99076551311697,24746.94910726623,9.448932213593302,343.6500259118502,435.4064808765191,13.832860129352195,70.10386360695573,4.883734938042631,1
10.006415224030038,188.39412357103103,12741.182192709648,6.998888386642049,338.75087513858284,472.5451855103069,13.36431014130472,49.74119088154837,4.765890755740107,0
,190.5269721082326,36243.44899101788,7.371310846925466,304.54636280267067,351.10294487525925,16.174935035334467,58.598995202709396,4.711773346053072,0
7.038849968724414,153.86747428294368,19446.008073890032,6.262812269719548,,292.0224907524088,14.651951739488307,84.96613818898288,3.928658197239411,1
7.536653284220724,162.82474090372207,18019.088513601793,6.40473008270728,354.09242783708345,402.97581664413167,11.678926877545395,57.752579984239404,4.083627430677282,0
5.975590325192497,179.01865952834902,320.0,5.876388539700114,322.1392617899655,429.07264674948146,13.567524528426432,23.57538853544387,4.899294103801627,1
7.1224901176244115,232.34655516320416,27577.684414484924,7.86441828506154,,452.34108675278867,9.264474893048916,63.95978776005166,4.646536348666188,0
,194.9399661004157,22899.880849834717,6.966139730291381,300.36152024517025,312.4183162580602,13.690809477453621,105.46615598948276,5.129357877552341,0
9.194859325912542,180.4913859322974,22890.34800839868,7.807308496929374,336.99689783257827,478.8539457694358,14.304309364084022,80.15181813706215,3.4452811724467405,0
6.05757817120435,235.24911185941104,18481.227634358125,7.656312648801624,379.8424295999701,359.56915807650586,20.267879061273597,56.93683794371062,3.440414350614107,1
10.127100247167753,245.63766825255234,16969.339542035494,6.4471116008600236,383.5128078466176,474.6987487515532,18.74989180078677,65.58025121090573,3.710596706600476,0
7.031288514123817,236.17223874904835,18772.77965669713,4.815205612021596,,500.794118627492,10.887553827766935,77.41372179388604,3.234434528991006,1
,168.70112008847497,26075.920839786242,4.677636638321015,344.7083050327496,394.35927279578965,14.965839083794874,37.94872119785575,2.9392650157200015,1
7.0000456965132685,180.15204415380302,27619.062869502486,11.902109514878205,334.2961721491676,348.894485418592,15.023724036602868,52.531844282123465,4.335537036327569,0
7.033884251609205,254.039554250071,19987.852969954773,9.45551404218883,,549.4919453906903,13.539556735876195,72.85321938034188,4.282429307679252,1
6.203956000166988,203.7164701440007,30336.181825157975,9.23748845568812,,495.83296754393564,13.749927867891985,92.23068249573652,4.162056195943132,1
7.2586858940494166,187.43593392332548,21321.396432476722,6.054121244960705,,438.15810670779257,13.131965847135753,59.28296445687979,4.245921289527391,0
7.556998041621071,218.98713476258678,17591.934313055543,7.13502537934573,326.1097461494244,543.4742210943882,20.47993800671491,91.78568143608058,2.8283048775522452,0
5.903612236627231,228.2335701554596,23754.104591937587,5.83172678803459,328.56017358573433,432.6609379180411,12.926591963667985,54.17995775559565,3.5955590615662008,1
6.892433376210174,177.71361373029555,10092.181109808846,5.046910289637893,,376.3594231844279,15.425092573877585,11.554694879638767,3.741094613768503,1
6.16485170091433,203.0220786758378,24054.93957062501,6.189737837806392,386.90676430440067,345.8638348501792,5.954200558693749,,4.007834713543452,0
10.529496104422257,225.64992221494586,8489.062934533722,9.215372242218734,,417.3760691717086,17.017775665219524,75.15446287677432,2.83138484600914,0
,158.8708113292847,13000.834560942389,8.448377679739872,366.55135431864977,487.73763823852744,18.20804086393304,78.32618539218022,3.2463228762272283,1
9.397848227544838,196.39505463763646,4310.076363095202,5.587324157437206,313.44017655246967,537.1807372086255,10.828300903967948,77.69309892758803,3.6295468073729706,1
6.7865665037884675,160.33953110237712,20478.22432507094,6.622590640751189,360.98727006315585,427.88081728275796,12.610773724708217,69.50635088173507,4.795462613378587,1
7.468931462302362,164.52542409834206,36130.487569250756,8.303614611659798,366.04672685237654,523.0499942348542,15.789961616417054,62.207194032754884,4.174258825022669,1
5.097953892532097,177.98079752063026,20987.237682315812,6.217865195604007,383.92580529805724,408.85844547983754,14.364220291561075,62.82484828725035,4.766821632861662,1
6.409391112198203,211.26782521214307,27658.243777628526,7.245746266835714,312.80162245390943,363.4721585075317,15.839019648713437,58.94149729293048,3.8745037132525324,0
7.39580200618387,185.69527588357968,42643.792879429646,7.754918966362403,374.5864511744179,321.49494129596894,13.352104486903263,59.91366962956738,3.9707713368325317,0
9.4590057464398,175.25062000101101,25557.56978801324,7.737670271913727,,385.5008030126507,20.448775777270022,37.061236932402736,4.359279215616563,1
7.412974166514407,197.6497460263987,15303.090368963045,7.5215497757506515,386.14484294309335,324.5074058040276,12.089857563941269,46.728211259690354,3.831775562730835,1
9.155580541789499,159.29719269547425,16510.223354006706,6.087158465423634,331.97431436444083,586.760930495216,23.182196553059114,63.75257497036005,3.4827141227924723,0
8.04109366530438,209.72170297068513,22019.772486115766,6.249460151720272,332.8471520825864,461.14371410474763,18.39834892725215,30.097954913021816,2.8079673698132606,0
9.52110200919703,232.2043763826659,16463.513961061693,5.328833234597412,,418.35081206685504,17.045980448368265,33.872994867086476,3.503624603783077,1
6.991436674042417,193.46547068838362,17119.577011636204,4.65308818226641,317.0646986228574,563.760140987646,10.866423806620912,60.98462878991997,4.622226060173256,1
10.665334065977707,189.51523221439334,30654.676784205723,6.938696988129438,388.57465538415556,321.8186104822796,17.30195186619341,64.32103915585878,4.95332583130226,0
6.351905695628815,207.95009130289822,31013.390582372303,8.409690191047762,,415.0285731283405,16.29299682124603,61.323643329495304,3.3669376167852816,0
5.930307248703496,131.08897859739056,7570.752932433217,4.939153817236765,,585.973903368149,7.305285671179345,27.84550123208004,2.6176847629493247,1
5.264920725466449,213.17815861113175,14838.653328015072,7.551297725716326,,414.4767594620266,9.664818986169962,91.54880261703762,4.692756481298391,1
10.576537007337105,295.26034571983564,17944.681526769546,8.359717317145764,376.5694347235876,621.7451022723621,15.480172157171141,43.133063180376325,4.024052960766131,0
8.309171358926847,192.07436092432894,27268.010057869258,4.2179606452622735,,488.8483871553231,13.860110918502828,53.145790658302374,2.9193034792647268,1
6.578818899929537,192.18799892107742,32038.772911194603,6.692481861784774,294.7957272249778,530.4740726905786,12.59562190848226,45.959358646247765,1.5435842551887418,1
8.953534045310242,219.79542400318988,45710.25878358196,9.72101211672423,335.31447787380665,532.7915858763897,17.860532341703024,87.44429998140205,3.218539699985494,1
8.111538277676672,248.6506453823348,17930.04519160106,7.9920668080566495,398.6498930517497,426.128196819843,11.38352834821623,73.22700597705604,3.6089022237212496,0
10.029191207063386,227.1989710218923,18368.059175220405,4.164677704481585,353.4034481994843,386.9430668323539,12.797704888047006,58.73346143739382,3.0717122832812818,0
4.758250750890133,127.02057988532638,27175.759037142754,8.160176350610346,328.22570140095974,416.76477440956694,12.164801699544046,57.59277448585725,4.509686965811586,0
6.681959837528618,214.0287628052079,16030.959374765884,5.93857586511924,425.4854965844656,347.04539973490984,15.983558551003103,69.30941039206012,3.3361970958797023,1
6.386217924085762,278.3017646477336,20777.764474728167,8.21226494954656,380.5278438050101,420.7229693416165,8.625787940590671,46.205820320167895,3.9796735169586994,0
4.119475985387098,215.91811349630288,18374.115785968304,6.029670808770778,,425.6475160604031,12.657682888893666,72.56797831476942,5.821321645227323,1
8.670490807169541,159.05273877530402,320.0,7.036208737829095,346.01104107501936,561.1387996255363,8.614874771813136,57.511953634092976,4.061619813572846,1
6.674405166294963,205.01854798139564,23094.755428429056,6.2706824256705405,362.9412272247954,473.4620568581982,13.267510931701748,74.8181547475371,3.879895663178031,1
,155.01800795708584,20414.69438691453,7.124989201926839,,615.0094046229498,16.686061732199818,74.26870468608378,3.8975163784674933,0
10.619657901494417,235.4497180566035,33162.69631075301,6.223697325220602,243.50457083236233,253.23647218848413,16.744958434315468,56.783491782576164,4.4918312888136285,0
6.550134462258588,165.41175718310637,22062.150874093833,6.766809578343925,,328.63650399760456,11.89892550186735,33.14607338914087,4.395166332958252,1
6.448270526014268,198.37579631014475,11009.864615184708,5.26254408686913,,397.5723737867707,16.059962444622567,62.401431137225686,3.18722750726363,1
7.257996254585994,168.55103993626088,19750.47288396958,7.895242160754107,312.5091728014004,545.3995571211365,13.688960706591702,42.91853659989569,3.6493007171465686,1
8.560871029475114,178.51366215846429,3675.2034656917713,7.396950629657402,324.98707151818627,417.23382397733224,18.791580411158748,67.6738819114726,3.449483422671432,1
6.229930462034775,243.55682066753585,11394.250585299134,4.565879164915441,269.21020384028975,308.57385314789985,13.87112255713597,62.24353575654421,3.7495383511700013,1
,199.31062927659832,27587.38734070179,8.688808323119044,259.01098589847567,406.390045108083,4.48894370446537,56.87448294594593,5.394764381094632,0
8.66578390536205,178.10552084077696,19844.824341606374,6.841465023745895,384.1065991153884,330.1921393796069,17.25244732874621,45.41189105574679,4.451609066532814,0
7.647958985757054,159.35270493162488,30104.397260398036,7.375584586052738,351.948470608066,314.50993854801555,12.784972642511008,,3.907785165620863,1
,136.10555243521804,4764.3549597995225,8.328007441806113,234.06650278429657,585.906225412312,13.39514015790687,59.05034682216327,4.940735100918285,1
5.241912300796338,155.95901972727404,19887.613545470685,7.638622742928774,309.3682338025286,397.87129066554786,15.408547458393656,104.52428399326587,4.117007591705884,0
9.331853795740816,199.5826957262201,17843.75538913912,8.96102099036822,369.10262106925774,439.8522290242011,9.59846388685337,66.96585967319545,2.69232071606004,1
7.682892424618219,227.36748059912523,30396.792069517818,6.656593074915451,321.5194106774541,418.5634922265531,14.546356797099543,72.09574765929386,5.2678924645265575,0
,178.06875224248955,27914.12947682128,8.754398430238723,,405.88035003132416,16.063840083122205,67.0352375489619,3.8480088271120376,1
6.824385514147527,246.25739522300847,27646.551356274373,7.314220896135567,376.03982377034197,358.74711741698934,15.501411825228129,71.93346202357284,2.2102991397184857,0
,173.03998648869674,35532.16603399757,7.9220608107205726,277.37484041826076,401.14923166626824,12.323526871589712,84.10153479559597,2.7222915543767114,0
8.183600040420245,188.38362486784385,18785.876051556814,7.757734093020689,327.1237119471979,452.97883828193176,17.573375479620108,84.28846655807618,4.849594628574325,0
5.042604907711816,161.45354494920792,33722.658925587304,9.08035391398905,314.62833358284314,539.4908249651163,11.008263367488386,37.78095506307245,2.734948344819208,0
5.818576291994313,227.7043755061714,12856.312056784715,8.259831550223684,276.04122993156386,501.79485092432594,12.2357786131515,80.2590578737418,5.022395146882585,0
7.489433632295083,263.12033964942617,12534.702134554866,6.420146141110443,273.37475268093385,328.47464820359335,13.851195262760424,74.45365858115255,4.033217119311347,1
6.9302481292568245,139.62185725004167,28615.587432040433,6.106798070480241,299.9531166040892,505.0825934589284,15.275045585597102,66.98145362791247,4.526837440898548,1
7.937788773955065,184.92281380368965,8817.423724154809,7.041388446800164,306.7220582099818,464.0350409221895,13.22900704942523,94.14332496030664,3.769690995826083,0
,236.47295510560113,27037.15456123426,5.919039723094789,344.61242086697786,376.02231995092035,18.35433676670526,94.79482245741475,4.378224587619391,0
7.615693014406982,149.69774331438077,22902.51670893603,5.457536321904372,375.8127524017912,440.5677676949255,15.274444504883803,81.05445957220391,4.216922418165758,1
8.717375429066209,214.13388502307475,31414.148430303234,3.7576770985090944,,471.7829746919919,14.549671280209566,57.594749398796736,3.9399464878354538,1
7.8102278207239255,235.08711040664227,21492.67642734562,4.672164842630638,363.7652618515138,429.76423582583004,15.158449325106467,47.081773278465306,3.138957788859314,1
,198.5033220594188,22505.549259011772,10.256942050556209,322.06866931971496,464.41946673253767,16.718589572173613,78.62128214110223,4.249652133053471,0
6.9361745961510435,213.60841827008426,26480.253987951426,6.0827296055849525,357.7230080611285,356.963918646096,15.094557147365357,88.42444364852243,2.5527212039120193,0
,252.34887635608345,16202.563445975742,10.127467273717409,,585.426563539721,8.32859445060803,33.535744262945514,4.696571030922633,1
6.972002111340317,258.3496497312367,15820.57068331076,7.756984269825816,314.8996322866359,271.657221681742,17.895379251295275,,4.1236561296763306,0
8.969558779320609,194.01704918289656,26174.74618742679,7.041382325814954,,472.22809786625135,14.694928186651124,62.27117829489739,4.332073276307147,1
,178.96390882242454,21757.14591392431,4.749043915422451,237.45048578155257,455.34107704082584,16.560014263831764,37.094154082486284,1.9288128727517742,1
5.745294015977385,166.5606364456417,18441.85694524146,7.127376855010158,256.1945238103982,477.43547147613714,12.960386364090574,74.00421771472551,3.09192771071314,1
6.341629366851921,227.2628528137188,21287.983445651455,10.109650351809803,348.6906899194778,369.330371868139,8.271835397913204,81.13206378627655,3.5755023694449224,1
7.381275445913896,152.103182150689,35998.286883742156,9.581066055546447,322.13572371016954,519.5357622666445,6.779598254414691,60.708151749027536,4.495469025195861,1
6.519729004228729,187.91763078428153,18128.72857289114,7.5532970712621745,274.08364164315617,417.36154546573505,11.18358629511936,49.27085496802914,3.2346074692415434,1
7.807954924594711,199.28607267054292,17874.387991516724,5.305103981870075,289.7609510022855,331.10280487440525,16.00707098162992,94.13587301568722,5.957442928354546,1
7.864265641123546,179.90391959299984,7039.714149709918,5.607678754506339,295.0993623286669,338.4151689379235,18.583040151382114,55.5680808217148,3.7646161517061705,0
,204.95424848061197,21642.5647323621,5.772904887439912,,435.97640550700703,15.296505043410528,85.18345154217755,3.1775235061265326,0
9.215339208397548,278.06442618536823,27774.86839357824,9.139484785233067,,298.2782781230807,10.82764954906526,41.88858473196484,3.824257100678068,0
8.57378808655854,192.10884510891063,29347.457474521212,9.69811828905184,,570.0404786753937,11.712390325975964,73.13928177199081,3.2282609811428618,0
5.678641403778061,182.06701992232354,22963.06836629977,7.429510679248785,267.8505398894172,509.9137024434109,18.790584225548884,72.67761595406759,3.0462136410035714,0
5.724698330135592,228.4906183802193,30396.660435919344,6.6411329118734175,276.9479351670272,572.1475456680798,9.974423127212887,80.54933930544429,4.758564109344237,1
6.966342785310263,203.66667661265672,28426.890624489723,9.566962584724354,274.13931454547856,563.713879128712,21.235850508997398,90.58633097039204,4.370327676853556,0
,242.05874467876404,31774.57351440114,5.573853805433371,385.8431372365704,397.8474828158726,20.490923835221277,53.21919867150651,4.372592653999526,0
,201.27000383423098,30646.334288538215,7.201880857608578,350.1062026312007,356.45364298798586,21.344582830570623,74.83655130453877,4.965867409875317,0
6.417462308740509,188.05045734492694,35782.70877986059,7.851486279282886,336.2881678752586,211.77818542686515,15.556314908698667,44.261608366102294,4.349604151410396,0
6.368230599571442,138.92080358097422,20525.790929213992,5.756775040661289,342.41477644774534,393.50127000856276,13.172968101924969,44.07777780234351,3.1374224853247514,1
6.072228390358191,144.16848979802432,10375.700968489571,6.115255530201734,330.6720906373115,567.2522284668762,15.47594267830007,57.03097977871505,4.52274199548882,0
,137.2576419063327,27834.813382121134,5.992294624883588,,359.77194740022367,17.298330338471413,73.03110181622039,3.0912373957955284,1
8.847676275477497,208.13885332109567,28859.45147036075,9.358428432461176,354.0400843811811,409.20632041089954,12.152439510891949,93.56525868635003,3.5971298278026973,1
7.378857061873859,152.4080166442413,35782.85959995259,10.144700297750198,325.3683212681989,381.63438007336936,10.666029315173668,96.51491855530931,3.9343398705506827,1
10.787713614083204,236.17847570942024,33250.91642360832,7.301372197773766,283.786817947349,455.99961228861724,13.363009569698812,60.65076046897548,3.8551994386654993,0
7.335762279029474,196.96789007539053,39075.79343793224,6.696214632472396,,528.8867747371448,11.751384334143191,71.34965822920384,2.5728771424404835,1
6.6449013390941225,188.1860185887466,27450.119407463695,6.172251101510592,,302.8631505988387,18.394925379546187,81.67668853770599,3.2152684538576106,0
7.086199323982299,168.99663759346117,24020.668891301768,7.12275917525152,342.3268229604965,318.1779214695526,12.26578260469326,78.79919955330516,3.952443250805815,1
7.46473796766531,215.9122799446466,9867.698025973203,6.250649632729872,327.875854386781,544.9296031419484,14.615616839771231,63.65480075412042,3.4936643658594497,0
7.7328809357565955,170.25606977464284,24716.006607688483,6.9666922170787515,369.54652966121716,484.6453499561448,17.54403371800588,67.63290161487458,4.848481121733291,0
,164.4679038697638,17168.54556023854,7.772907860346199,,405.2495550921233,18.52347962414127,64.61506906853309,4.982038897828011,1
5.812019302533647,234.02719745937117,23868.94281780277,6.479605550391218,296.76829283087096,562.5666209541128,14.98824563012058,63.02434207195198,3.0960989334128586,1
8.368569087266604,207.34787714480072,22492.080643935686,6.820450861069726,346.20213216507983,316.79768908880766,15.56817758082373,60.86915108541748,4.016608702722408,0
7.391625896421186,188.48225829605528,26151.103574215682,6.826981913585758,347.54223770339553,500.4970792952826,10.943930929238531,64.46153246181059,5.204519637911211,0
4.7233533861440735,216.52585551147894,21160.409677347263,6.618249773132701,353.9646519355938,420.54095129088006,17.676086934848882,59.82581187848729,3.8653100339312574,0
8.236048173142144,196.28581993954236,30214.12707272477,6.422512354314387,375.47084444400843,474.52350688103144,18.46962669958098,,3.6525560092506195,1
8.981435341205858,208.2564208144539,320.0,8.324270632640154,307.7447058077359,235.02783102997813,8.127834861016904,80.37380058537255,4.64097234901857,0
5.794235394333855,169.86086712398543,23680.243654134298,4.32223707421722,360.3853623544018,405.14373120845204,20.117721207767552,74.76337528937016,3.756122597389196,0
7.066599198162044,262.2527554851399,32559.835363167967,9.607362177221997,262.282493248527,484.94373728290975,11.987823759327961,,4.961278742864442,0
4.491968606988445,177.4521610343608,38414.325419161,7.334136551860736,328.0806225731794,420.9335825284137,16.262281930846402,72.38619192836268,3.5060977078460165,0
5.191790310473495,245.79252246239926,28433.300937637003,8.083827770058694,321.7389447228867,526.4238218240681,14.55595369189243,59.64524559096376,3.5998214113692475,1
8.65204436642588,189.95619682225674,36790.424108048865,8.265622897375223,392.36165402739147,523.7444005712629,14.100759707835099,56.251746843561875,4.586322044334646,0
6.380375240988848,221.8271077009588,23495.568682804173,6.001266527151698,326.59024741196407,349.3149099823527,13.618490671686349,67.16733029106238,4.048424104315944,0
5.416795537592941,219.49515196883635,22039.104790880345,5.675313481236798,357.927539905036,491.91941210669444,11.024541004322266,75.35657764668466,4.05455672455326,0
7.424190546687645,232.69925616480145,26656.975191107384,5.489014530246953,260.7670764622252,346.5869874217408,16.028632435138327,62.43568821211913,2.480721447481756,1
6.296381352853465,169.10004137074736,21985.98613904536,6.729632512870831,318.57792344776817,430.3212352923805,13.356052593106243,42.58182900969554,3.6943376045059475,1
6.373767513336696,230.42033284092358,15152.725005487748,8.224743412650625,298.29924543522327,478.49025994460965,9.97890633962951,54.42803293655856,4.643949215802239,0
8.188989038512355,255.08607522916608,17495.34305896324,6.197656000151098,,359.17736549915344,10.884484528118183,66.69200525615257,3.3587062139354633,1
,187.72182466426057,12260.4190137121,8.080531991481722,,488.95409484515056,10.034927329818434,78.39259528907485,4.516521091199049,1
5.721952180977252,197.1105941485479,26647.867121968196,3.378684474199306,336.0044419791195,385.5715403078477,12.568851184003341,42.32965506027063,4.179032061146295,1
7.311119988223303,179.24970744063506,22113.906195629184,6.510803820879106,,379.54419780701215,15.900827717826786,70.69435190007104,3.814222216138642,1
,184.9140399300768,18854.290756031485,8.964077040826268,,482.53207868317725,11.953310433023697,69.98213639017456,5.029048637089823,1
8.937240452234775,250.7655295658397,17044.183452536963,6.849865363327962,311.4325481677323,359.1221645053265,17.518957137230856,59.08446077623742,3.704921659917671,0
,163.86449516383345,26443.344156170722,5.8099530548574565,349.5954270186195,355.0531624509524,13.906592217922702,56.89186004813206,3.759285313056288,1
8.486065450379472,165.8521977007753,28858.530543950314,6.082187709022596,336.5146132848927,509.2924832024066,13.344963757923479,54.47155538967717,3.805313620207451,0
5.903786559794387,247.54882996526007,12099.392250649547,2.335724350352222,238.6831501476746,434.68457215399474,14.355325919977028,68.68106211451838,4.032809428238777,0
9.8193140203602,215.9855496284276,10721.005446067833,5.521352886749165,309.7533507753114,309.6704403757364,18.904011274795863,,4.568226903597526,1
5.379343461870407,263.8518479693608,30385.0523107963,8.79044136856988,374.8536881193226,494.45131027105685,9.774582316590386,85.80410872975371,2.8214069484412896,0
9.072718216187596,181.58596358957269,9954.081498455016,6.199487628303954,357.11714001983034,393.47190142052443,19.766011005683175,48.1915183750607,4.647075309251608,0
6.095270839771914,200.04099639160222,26815.459532623187,6.3860199080380635,,313.75893283508276,17.468528359451295,63.37095347316375,4.023116492808986,0
,174.85833779930226,36194.293673072694,3.4357367444824756,292.5884591656451,225.4147991070688,14.228533566376585,30.865141202449202,4.402146972245042,1
7.966981093278727,200.58563739672627,36214.689225757786,4.543276286882152,385.51811094644137,498.27314376259267,18.203984759741374,68.16878583854297,5.8356433249424295,0
,139.2289056869023,28485.142619843442,9.00027770218761,331.17935202014354,357.2065547110743,13.23583958815477,76.08189630612448,3.570904887099759,0
6.29664228068624,217.91854581296025,28230.259449375,8.095324647445267,398.2811225384965,326.4924182961199,15.242738638579018,91.8495712059746,3.014756954420705,1
8.251771807835613,206.35117067175483,41763.22833822291,5.070046330325699,333.1354817974347,477.1522264308793,12.513332125112282,37.45939032534325,4.121163242223588,1
8.658966626423343,194.1582508010906,1541.3500364216306,6.123695621314312,249.05350479871316,490.4633277047083,17.489368040821468,48.77342926391388,4.244690132383012,1
6.973926612413306,183.50834161281074,17941.77612077283,7.073907698061923,,363.03176011242965,11.9660565027223,68.73501619038518,4.649855276925962,0
7.1469874214452,167.3678724042208,29455.273516401794,5.230118183192325,314.81593920303965,499.01125276847824,14.130486296294258,40.1821084631111,3.5500661396938646,1
8.217529548966098,219.28681318504835,19055.992941226035,3.9534526640485104,317.57458593389214,590.3914336890502,16.541158100473147,69.18983684379114,3.3225166405789945,0
7.27769764051623,158.525120457491,32886.85576648369,6.868447587845692,273.42304632613946,533.7330616776878,17.759025816911002,76.49264123014154,2.7742827345646184,0
5.1397427109924365,212.38066918557578,21668.86489107961,8.024721528233721,,521.2845676157565,11.590188362162689,45.64313887196045,2.903355047475228,0
5.860538963039729,262.38244463390265,23169.39365516073,8.055134565173327,311.63485187408327,451.13032977060243,16.785356175897206,68.54788299478524,3.6455494673873923,0
7.432679914727498,243.53668763661756,19605.103194563126,8.502875069156591,397.5764667714133,390.50254355768624,11.05944923228361,46.76218285275616,3.879063749983089,1
8.903223624746541,147.8359058345391,17431.578891253306,4.665379526387879,,421.52911576825954,7.2039082754905355,88.68189907680052,5.5808046497895365,1
9.503973636243071,178.82438206901432,17215.84562319509,7.211485017526564,,461.259328293021,11.831389964138404,69.74766669785512,2.649785013739823,1
8.249294131157175,209.48642369777082,24392.128423258528,6.6958468445179875,387.10069613522234,325.399043307608,17.05437792105185,56.030962730734075,4.231613035202767,0
7.510936141554546,193.7509784955408,15221.065249733456,6.982191316914436,329.9932752909906,364.4494473914832,14.259684299373104,46.342109639140205,3.4037700344237254,0
8.203220828973716,151.21901701496253,30373.60682821859,6.785385018858063,330.3935476984386,311.7799885613932,12.534506693204563,72.70422503519003,4.143836044430512,1
6.079873724689716,208.33011044715172,27742.79135876676,6.076491874640125,280.45333644839206,444.814929783313,14.483078467520329,88.39855513405914,3.538476018922272,1
6.850153559612679,195.67945935627841,31655.8821873055,2.3518910823393444,,432.64431379164296,14.373918920955292,53.901636670929896,4.777599977895678,1
5.843803917990785,257.258413075321,12113.333397941402,8.955689852501663,350.57652876887096,373.78330676251096,16.352265211252277,59.27775640963503,4.772768507558356,0
5.206886083938433,187.8966815162417,7109.5906846828875,7.641384461450641,279.73362025588705,491.6399364303793,8.981357249395362,54.21532064852733,3.881781191771989,0
7.580323517454308,233.3761083304509,21977.290923109435,4.774822135692318,310.8974045389555,342.4319707257353,13.96223524244609,91.59897965104477,5.092507318805832,1
,155.45317109984077,47436.481380917,7.8675480117285534,315.76169606629423,370.8132207858208,14.71011499608703,35.480024402725206,4.562884762900503,0
8.111478726763519,163.10370246731173,33118.65098388938,6.413258404937677,335.7240729932739,488.4421187930005,9.794278459280953,87.22661020936366,5.056195991560144,1
,219.09318271390367,17151.505874396127,6.4580237400599865,393.6619454711688,500.305262410091,9.749028009925704,60.289390967156564,3.9363529738693863,0
7.443966406985793,230.67938497943598,25736.97141896286,5.9059049296473285,320.7019215476977,362.34190378329254,13.096462217358114,65.23983505816688,4.712403023584104,0
7.914924998516332,165.36343276561945,28394.937178281107,7.968350146790578,304.689472841085,444.56340837945925,14.328130134791413,60.88171867458172,3.370754792150933,0
7.015975355658785,196.77047700748517,10013.235128772805,5.8562787570044055,,363.69542073767747,14.339751882683249,70.28153428001079,3.2916659531353285,1
,151.78946644706951,34025.618871433486,5.387001195976852,315.2394005055394,410.21283731381567,12.464050011567291,54.57726016997568,5.670263999328369,1
5.99078339597046,190.20096555822465,20545.69040778035,8.908156800757473,,437.5069915321251,12.328795843208491,83.54580681272041,3.1230199270608177,0
7.634558888458695,222.78152913997204,21218.728992789063,6.837367372568575,318.3282988631677,470.82929590527476,12.99591813911841,84.2037520932645,3.629837606501493,0
8.082626527929014,182.08132802764337,22222.591463234912,6.886971503812312,,451.40472107944873,15.285121812450853,50.46877355561675,2.4895546734459293,1
6.075477857891696,188.0308894097983,32051.61702173024,8.214093310037132,336.1879493836544,447.85298724321945,18.40724932241795,77.21296484165143,3.310226765267797,1
,159.84654725452634,15391.052472573652,6.065213012663041,370.75265558132423,339.72013303143956,6.972690274734405,60.624799464223464,3.194496259971529,1
6.1445962355559605,175.2525307640024,7043.8730580403535,6.380317987217921,,457.06213114459985,16.355907000296025,67.23646253899511,3.447173249297637,0
6.290239955225828,252.25954931885883,24846.31791873339,7.60303012616208,377.1609180980233,470.08522809570394,13.933199518061517,91.10744453708526,4.203909347927017,0
5.392605967346768,198.33359653494824,4091.1185842616615,4.68462338810725,375.8051756589048,481.1147624069706,16.034883527626157,55.48064647923735,4.392007598168987,0
8.978662387749834,163.92615146718086,19373.321470661314,7.469336493893779,341.55063633025094,368.438385642329,18.21229301296126,81.41010092523932,3.1846885702926744,0
8.678527762080073,185.92729760262426,32422.887522061836,5.9259758944934395,348.4287907726148,499.2468493266886,11.808083949805305,73.80542789902731,3.354060093109318,0
7.886150781341006,144.88231612267,27092.653533771634,8.471646696079135,378.45820372701354,320.621211057854,17.416205437060917,63.256744140895734,4.815137978962243,1
10.03829392791572,163.5468898515132,31155.462696410672,7.983728056422856,287.4403929518982,391.5345476764761,10.161658547717838,72.35193779396695,5.300128593645664,1
6.796131455147412,239.5308716494865,27454.48147282881,7.774986404020548,435.4266592917703,403.95847341646686,14.721077468131945,70.42427315773361,4.949615149692695,1
11.627643622665952,191.44056241962863,43152.63346663049,4.5810053352838,,325.00727499973607,13.499694661191256,47.634676343904005,2.685861726856954,1
,256.5033656352386,16855.13846544973,6.956635275625365,318.610438215672,402.74311907961567,14.452722244424383,56.57107373336108,4.897737571064212,0
7.462790027634025,192.9488691681262,25505.614807362996,5.2599188345454415,,443.7184731475841,11.03618685999665,49.466911363662945,5.415877308081183,0
6.483333129089688,194.84868172187214,18171.683467465056,7.061755033296299,284.5318168738697,279.93822545333313,15.741715404965666,61.91877590188317,2.6471595558212524,0
7.638488340090458,216.50861307334796,30405.147137153417,3.4618581105142128,372.9353968244792,394.42492929833236,19.534747976198776,88.18957179630512,4.814506434332941,1
8.333422391829366,110.47719736897916,21473.98833703715,4.685485015967116,426.0779243833323,286.12792541893407,11.092872326305951,75.81265038634841,4.1456689597542455,0
6.9091254104203745,202.5580583569144,37088.269592724275,8.998673101967496,309.7431554568577,589.3231027453555,14.925830221488637,43.19205694449563,3.714832586513693,0
9.745079770676432,194.43243238204954,17358.744071124667,7.703104018090365,347.23997765322827,442.9992973547187,17.124381299560746,,4.052822621244372,0
7.438723926950191,243.5532445924847,34354.49963053795,6.560970960982126,342.0268304241987,436.0663427064806,13.320755597054015,70.18472274689273,4.315743244291057,0
,226.86974061323576,27215.833682870623,5.684185550155768,374.0100270590871,444.5658729327313,18.78929664113697,78.45423338096063,4.872916340820398,1
5.716503458229424,159.7218660625024,21729.31642410718,5.406878810212393,,474.3616504480666,12.882028473318242,55.85757398572811,4.832691332974577,1
7.7077486118255765,235.74843579608256,26771.219303031536,7.436246093039871,395.35991013724504,504.2523879867623,13.916227479443977,46.35360445501949,2.7945966912555225,0
6.8789591687859515,187.60593518140814,24305.288678631016,6.577060950844094,323.2149694797894,300.91568569482695,11.022591151792316,65.48724495885446,3.4640356433037485,0
6.16764040599407,167.05749675852655,25135.722545808374,9.563702549641297,354.679473064095,530.8142077941405,14.717748178330304,75.61828067070884,4.042981106308409,0
5.915288387777454,202.30730402787847,20199.740688962193,6.828073322383647,,525.6660235213803,14.309975720146602,70.2045130834578,5.196330614801086,1
11.087645069635027,189.5113806187578,15861.068788742727,7.212778377746363,332.1762841221276,420.69227113139664,16.398474107988058,52.068224815226586,1.8425566128961046,0
6.684784124731447,245.23089004891276,19075.426277928607,4.926164520472513,288.06661852663404,416.501704745344,12.200520066606432,94.82482461638106,3.493548383145439,1
,206.89990491171872,7252.818543394087,6.55009522422012,,180.0,12.049414438983106,64.79918825372495,2.7782452746020576,0
6.032667810401142,202.58108546835217,29397.886876311124,7.399646420007418,380.0742586880978,326.4807070238729,15.82622398906994,69.53810642911267,2.90188550468442,0
7.00264824078568,224.82070665137408,11181.611964021044,6.530998576283165,384.30362782870407,467.50794210105255,18.91072861724606,55.6761280921009,4.7388733744453475,1
7.900000548924727,230.97189177896678,20105.235325582915,6.352706916952713,,522.0493973047913,16.375733817182248,84.32542957350564,3.555129237504495,0
,221.07536301751358,27697.35501378866,7.636517208472211,,484.3069537693438,20.39646042041678,75.6639196593274,2.1497155797429968,0
8.094921827664788,241.42283113007852,29375.50920896622,9.513420784866364,382.0878166745154,419.94279473773685,16.132514655032445,71.49754755240122,3.8464175408184356,0
6.112709540044006,215.47783721324123,6450.302513937417,7.349051605086367,263.1249762466348,580.0698160454756,16.013666424319418,47.74319186234587,5.5579704009993405,1
7.590660665252319,201.36484687125446,21208.492380276068,8.927814327887559,314.6995503356069,506.4140445093711,16.541666506210735,,2.560780866477434,1
5.7659108038341325,235.65350598681692,26045.96101416617,8.102131756479675,,394.4938865004076,19.21096349407124,78.66182816222663,4.3856911528677465,0
6.150535525478983,193.09132351737156,22470.181278230604,8.833278331975205,345.271616364336,600.5688521562731,18.383981218186715,82.84192104013502,5.192808973214726,0
5.703436538249611,197.06388852302916,33801.53737879699,6.156642521112312,286.7021405271592,338.30662122347195,10.719901830741062,66.99987559458049,3.931450309851652,0
5.297416718102596,251.09046135350127,14806.753487748938,6.793054557924645,337.80857403652226,308.2527823570035,16.941920229113236,65.18724914552251,5.4738402493910545,0
8.676314233287012,247.9015720945674,4043.9092882319746,6.79961775819183,374.8788592829993,392.31156903008616,15.175676469135077,63.45009531569649,3.455347561210045,0
8.112917551468332,195.73837417845368,29120.55916705993,7.983118033771082,,365.30878575835317,13.659684447566539,103.31976669783589,5.097833229858192,0
8.544998054967195,181.48634952622027,17303.754730945864,8.372012259094745,340.2277185048348,396.8054708410481,8.449333786990513,57.61237045966024,4.913751032797908,1
7.138969599036445,242.82155200667194,6591.598959170797,7.317588781956788,317.731003261708,489.84725571208924,9.217468996141083,47.18283353654071,3.9446245105704105,0
,221.61338745328686,20623.846334732025,8.505196392253865,265.67807681608514,423.2816342716257,13.097258173626773,60.35325011222787,2.809980758778263,0
4.438065893036183,206.0986001343156,32805.99344892102,6.229936266369431,,425.3362585904172,9.466848022165344,57.76334267327196,3.188650658557042,0
8.374631277068033,185.70007327392176,10935.274541782637,8.518896533580618,327.40431049782165,430.70518529671233,13.165602498112083,86.8095187508559,2.1415340715805957,0
,206.614290518867,42500.68451611754,8.72497891865367,332.0122996598968,241.01396056201708,16.65732613411446,44.43292314241443,4.433436942680154,0
8.02066440022375,195.30532928359352,14665.778415913475,8.190444226560968,318.7213145699647,304.7791593665546,12.382844132594684,57.30708826186997,4.3399543971568,0
7.6500349485729195,174.74117825366415,22777.085190682825,7.331988257900317,,395.1750987656463,14.57542658907908,69.4864752606696,4.031789612523902,1
5.59941726819467,200.12935451479152,11322.208695476475,8.247050865199848,273.3530838224719,358.565695892181,10.769158537679079,86.94634424508376,3.874283199682317,1
4.83294033691343,204.49356946046743,22378.922758064044,5.707472944923186,304.68171244874037,407.4570010283106,15.285932040403745,77.95274336687375,5.0289215624935,0
6.011918750725555,183.9873578585526,20841.0316031764,7.433412377689129,,538.3302703686472,15.97684679184957,92.6280810799719,4.2022825709954885,1
7.927375921909368,224.92242203550455,8951.138476556365,7.594806553383694,342.55588204279655,420.04404020854423,9.604316951853333,72.00184499276274,3.5373767773804423,1
8.115137122763093,237.24263655395166,46796.50251769948,5.019365252220654,330.1638934926898,320.22654258216113,11.81877522122664,63.101364422735905,4.084838041796495,1
5.028086583927205,227.0367261969732,17669.89302770605,7.869843119644443,290.36950588806894,362.5520170188261,10.118338117555727,80.26001575638956,5.567053985876943,1
5.608350948797678,187.16005167315217,17677.563372426128,5.146866413422732,317.6694877529774,562.8460727193803,15.980408829498911,44.25199289315309,4.455290174076446,0
5.995146471088741,220.1862881340279,30512.44466193155,6.443889089303099,363.22345989264574,548.5995177167213,14.841221649808997,38.699862607242494,3.6658637927946347,0
6.5440424095997765,198.49476471872129,37925.01532696607,7.182822315656551,353.6961342619051,473.6701948519106,14.135951079022586,82.21547023221756,3.935311494092889,1
5.036923753721021,156.45612868588955,31892.85133239774,5.965436512280165,313.43484633931865,301.00135434437357,13.876670924133647,69.81118258077693,4.331435412618034,0
4.9469223507898015,217.52734011192786,11479.650321056837,7.250435381020103,225.93251178982013,450.54439480833196,15.365356936927551,82.01686174540086,3.641552891740975,0
5.847247055388669,200.67621251062235,23889.982013268193,7.225160044889227,,456.6957679320561,15.431409923637638,52.59156650416556,3.5725552628645496,1
7.209380754337508,278.99353606621787,5514.363329483596,5.824113009813031,313.20952477796385,428.0432166712192,12.66459427041531,,3.9611688630333615,1
,242.63266762491392,29921.953563197065,8.017399644942444,295.80865655418677,380.39911555125127,12.20253054722763,77.25981381084898,5.154890289841921,0
,218.75680502190477,7673.400025087847,5.912632724776154,,396.98951649042044,14.105315856378335,65.89584981944651,4.586961680267816,1
8.667829224212724,203.97345604122174,14969.924391946992,10.734999512080817,,374.8228074250342,13.673874836600888,69.75903625203165,3.6505674880604917,0
5.127330393879735,201.23911216185658,21985.922809645406,6.947023459137645,331.4708454287829,334.39408333127807,21.10025134266275,72.02023188177445,4.647830083279452,0
6.770331362384191,163.88193908374055,25916.707541206677,5.269355250915749,373.5775379641026,535.2790268374596,13.033147581175434,52.520938848757396,3.9766872612354764,1
8.61713510062616,140.35240872960287,19725.60335282305,5.56474000938224,271.15674448853844,496.5851036023756,15.255895529977451,60.16276426756596,4.238778911171777,0
6.452597414454286,168.07810850938992,35336.36384494737,8.933177134223316,320.4923736238473,403.2056445933352,15.837557411334393,71.76418202861184,4.167826580732826,1
6.219495463712372,194.47305541854624,28356.81113582629,6.473540393444843,253.500093455355,454.1742646694216,18.921730159026833,59.51283055946775,2.3239995591326146,0
,128.6227430973125,27668.23609314311,4.965253183628651,,457.1760712312428,11.623090847237755,42.59541423274919,1.592999924099343,1
6.6206968815426785,178.58170264727204,11232.1540895945,8.468866140461872,290.1280443327954,613.430684646085,18.720837836167515,71.1771979855302,4.146764708230572,1
8.736742537808352,188.07638294001836,36917.45646147318,6.46339325731063,385.5313661705637,495.8054944732564,13.813594604741226,79.94375361762212,3.304768211087152,0
7.723448086690798,189.10635028846534,14971.118684677454,8.152402827568576,349.7981922395837,492.78156949824836,22.554439257833128,83.7102609885655,2.6913751799759904,0
6.565733020635245,174.82484485797937,37252.247137296814,8.598194320536681,374.60800931931357,429.03848104554675,15.496587323446294,75.02343112932387,3.32883272870938,0
7.799535795896295,185.07155793979518,39748.65064923726,7.553652391317501,315.3967391638099,391.24608332718594,10.244533873142139,79.65657746387743,4.691221172381784,1
7.560674270769057,251.16460249996356,26509.997788830307,10.905533685182826,291.1915580182176,536.6168202129293,13.64937638027848,82.3976469323789,4.24910403572248,0
8.611324231503712,217.1886490076993,31064.75486664852,4.394906861165506,289.885917223924,478.18176940529474,18.709688879183236,67.69042424163587,4.571973738199533,0
6.257481693202473,178.0703751392592,320.0,5.827638881070543,,359.6366436756481,14.56908580955705,32.07354974622345,4.323414535005192,1
7.14180910017243,193.81287077241717,20303.82881614939,6.715598992725748,407.2166212619304,462.30932434718704,14.103236154929556,85.18845571013577,3.253311051389188,0
6.987726480593044,195.09397325912747,31679.992662094362,10.692654175200833,349.90767397284003,492.99088707366496,16.672690640763356,51.928243672148696,4.5757049767140785,0
8.136222212459677,171.42542612031517,30121.95505311452,9.960843902761496,317.6345230992091,258.33352349657105,13.161507620797073,48.079794509260694,4.426876938950937,0
,171.38783303219665,11317.026324864073,9.156131570482387,325.26039493981006,352.2090565932266,13.60458051991631,48.5247992562778,3.8783630151317303,1
8.605465572356785,228.33676865045481,19438.057710358746,5.865284173621462,331.7166863981763,455.0211860831925,11.182574117225887,106.65016249979266,4.0158953470913294,0
7.779493158255625,182.5668999194619,320.0,6.049526711162721,416.09234496730454,272.0430956936995,20.005108577189088,73.5368725187779,4.588123368213928,1
5.104612389550581,160.96971561501212,25635.947208315047,5.810875144478082,383.5779511992302,284.7095067291765,10.265382778483147,49.52581418598201,3.3854295337449347,1
8.892394238220751,194.61950898977784,5497.209921240756,5.8821855168955945,343.658319170165,404.3630607684591,14.859239977219513,55.328653794335835,4.8185487126860185,1
10.431139621196596,199.77631210013195,31928.290681247003,9.47847327949604,337.49901068005033,465.3235407275954,15.88361900867038,66.38825539216423,4.410773292425734,0
8.582750954324112,132.87346482579727,32386.497028491678,6.734847945034567,,469.0226965520894,14.254951304269076,75.1869411988427,3.9717611594303674,0
9.220477150839704,194.69611654984982,17853.80303765501,6.943832899862571,353.26530244060615,552.5919642153169,10.162252774883584,70.92453587450082,5.164364395557682,1
7.208057072403882,223.77535789914432,26585.589910082355,8.343531123339021,316.05888392800057,432.58111103115994,11.00407870855326,51.356575655348834,2.9604213767127296,0
4.587742620392235,210.43934033669865,20110.04418998934,4.49162580102632,298.3927631575579,396.1877717231583,16.024305830576843,71.53777400758781,3.6110558775526505,0
,267.3534436862391,24135.536624280376,7.20318039760524,,321.41123310758013,11.726398281632692,56.498757484086426,3.4378443768307574,1
7.462623065801638,236.03550343398973,11952.534858157576,5.386942668696785,333.90129195345133,395.22979068583714,7.4623431657880674,83.36002333556951,4.249311016197979,1
6.19203178840503,242.3658887920273,27473.260305814005,6.654824425517857,371.8978453684137,482.6023446397382,15.577028465204027,67.31200495701324,4.892282190778659,0
5.708135582508973,285.60274994925845,7620.80553093187,6.193455303544444,400.49250869983416,486.2177762789695,11.420765246145924,54.098787615283435,3.203242887558994,0
6.985879974046987,220.26100037678714,5965.512476371321,6.1119904212706135,354.345204098082,447.1695205382794,16.38302360278183,77.56105684536344,6.548288492445375,0
8.003377931791933,201.21824665384642,20944.688662830482,7.476419254596056,347.7004876623729,469.7691948235773,13.634649715859862,72.60856851051739,3.4530500885830038,0
4.900863679856779,227.15968938980262,20161.39643780908,7.469517175780168,464.20996220119963,528.1106847259673,13.47561931590445,58.70717566805934,4.251333108738462,0
6.406683569579423,178.1044341313602,24402.08617693885,6.772683469010303,341.4878252594725,432.02174744959666,14.472386003956347,78.22749127839379,3.9720953159572177,1
9.344806024680473,199.44596222383902,16317.819310627396,7.705681261926027,288.2875808782997,535.3855070200187,10.542972010800742,76.59169718708633,4.006002080568749,1
5.467067429667939,175.27271542149396,38551.51590893962,5.747589025451393,,367.8682528560523,11.576004810927884,85.86951961423402,3.3519190421523755,1
8.384641780747435,208.7355058420122,23422.505756857707,8.196905673082295,396.6190731815672,420.13671643676076,13.442250639109613,77.90424422093007,4.802686250129993,1
,175.13890918336574,24056.373197587298,6.794205544990983,279.9391386385181,387.53334161116635,10.52366834825712,62.93406053748383,3.303941421375752,0
7.898690639774929,174.01828800442505,23743.74110485979,6.355811571822123,302.1491562297278,489.41641053912065,16.655598276223422,39.013416547766425,2.5902353144290395,0
8.725991260804301,209.23114537937613,30809.519550674646,5.86428107750929,378.3634990447092,344.8412442726841,13.285649364389304,69.42367483651662,3.0948420028625896,0
8.191922650477533,191.59323389502185,27065.67272502875,6.738592012462643,321.8635536569656,400.25876195972074,9.516859214552008,71.93722844661475,5.097346183055888,1
,134.3193236570641,25890.49698044161,10.075610025816559,,277.22588073418774,12.455204369996206,67.22939045804651,4.9453667464917554,0
5.352609699888066,149.42217851801314,28468.58059967123,7.019964243237909,,473.5500868455889,14.633968464242296,17.62383468346475,2.404356167296736,0
8.750489560111948,159.28747227323316,6012.129633096132,5.311842412893366,303.6103317981876,525.7432220580387,12.827901503410775,77.39704532533561,4.60470908669005,1
5.80096032804777,167.74489900435282,6343.346104362732,8.571734125520374,,498.85663610400775,15.619392425105776,51.62478581993227,2.424092319586903,1
7.469312648357308,209.26154654331643,21346.964803706338,6.374353071449028,276.055675194636,491.0102090775822,16.194319953391705,77.50870954701689,3.948762275845502,1
7.4673692804958405,203.00604310629234,20280.400048879717,7.568339226876904,356.8529981797945,493.1520316783959,22.22561091064528,93.95109254757928,3.0279537834885986,0
7.807683838304372,230.08893989437436,27098.932332302786,6.163056330326007,,481.9755062749204,18.097125864490394,62.30467918849253,4.664809598213865,0
7.585435014090286,220.0896583341367,22189.548232149344,9.143621839506208,304.60477295554745,475.1516498004863,8.899977863600986,73.50344132621026,4.402635504589011,0
,230.30089459784506,27116.955475163428,6.186599584499377,285.4895435469075,480.3130766102901,13.111232799504375,66.93100013797913,4.7340718210981985,1
5.055198881556426,215.46867812669194,11090.129485947524,9.328615606152507,321.90650186889644,373.5454296073953,13.420083734921713,,3.739712947351266,0
,202.70973789092767,21919.77011751575,5.462168276444517,378.77720873626936,409.9845245184123,16.197734044001308,68.07581069541062,3.820763427079339,0
7.358751866278373,231.17925575320498,10252.932408110231,6.657207910569542,298.7314638930005,431.61946085668103,11.219165966684354,58.02491895907612,2.800588284597471,1
8.804065261436726,225.4212093356832,25406.744084437185,9.331993341732716,,399.1435889040389,12.546867858145484,51.739936071363054,3.166222012860709,1
7.012900598718198,208.03505176172771,5541.4401784736765,7.385715275154515,284.1886157387985,300.6952291172128,10.193440809499238,92.16554466655514,4.709856079182994,1
4.972253458984559,236.67429986752455,25068.679564203514,10.7089161880529,,327.199281048485,12.312523112478024,73.50455835251442,4.256466671767313,1
8.52919452150616,120.9347762398913,9130.875429532325,6.694758090203933,,444.3980892018779,12.435613694068145,79.85434168148676,4.051381296277241,0
6.52444408550834,186.70517842750561,18650.461253444853,7.5261277076778645,419.7219354387667,498.46207269775346,13.267080817573909,72.86481902572181,4.9544487329288085,1
,186.2147050991446,29862.515854009915,10.130135849837131,,426.7473527327765,10.384507968164803,82.20744344760149,2.9558890953128634,0
6.108810857280721,232.88585207941026,24008.12250000812,4.728001317547216,330.7991976852822,647.1857489483356,17.540684940022945,,4.53171536105523,1
9.546452565350535,246.28463990242463,7581.559837937881,4.53235494757317,368.3804008453904,352.4190055875784,15.858305747350173,67.74753940040814,3.050257837158192,1
5.7651527637252045,149.5942601532716,16117.105982033409,5.863097080009135,361.54483762504003,461.59537136525586,9.518861750042316,74.58887505693049,5.122741619051896,1
6.573855368840738,241.15734957277684,8846.910331568446,8.405128849367856,309.315906610966,529.2962088519553,14.385710699252513,87.3412474517537,4.394689854763384,0
7.241173054045975,158.5137540471594,7150.967958462454,4.576435130335536,427.3844630106331,511.2541696932463,9.13465889684959,109.70383281190925,4.722311061344831,1
5.441726509369563,159.4811121420537,23045.906054694955,8.063337509367992,,478.40534894196946,18.72944389588789,73.00180167708716,3.422715524254696,1
7.575779292881393,188.50285752552432,26927.816473022103,7.952196577292452,342.6913881345876,511.62031790736876,19.62655763141687,55.69016800953354,5.6720366157115505,0
,185.8173928917573,25878.113924676596,10.302736568459093,,430.431547812616,14.1160669301678,47.03058199544162,5.528875155033466,0
6.344306758959434,146.13064704905995,27299.037166495415,8.771866182309548,347.18076707213106,559.030539585644,11.486270947729597,51.74200131536624,4.305695635995468,1
,216.79609515176213,21909.541837731373,7.695199375246486,395.5413044238582,528.6527285083409,12.107911218934598,53.85926500170274,4.886704136213593,0
2.955846920942167,217.74087759125126,19616.36778156278,9.267430037541677,308.81374169567124,357.82179194315626,12.802651128489845,19.402464596435074,3.7345283021948665,1
7.021606199272739,229.72933107723748,12603.182001663503,7.971468226961489,,451.7254350107509,13.947470121448822,55.45438880463076,2.9805846388376342,1
6.610436571110692,182.12942944710832,18154.501278748125,6.39308931368902,339.7473062607841,302.21626963785184,18.82254983644088,78.0111993616779,4.590716603700269,0
5.852253596384423,194.73335312088165,10425.774660689485,5.311522872262799,373.29165099949046,547.7431178588567,17.453485974019912,67.62147577484772,3.252938131360029,0
8.702175704442798,195.02633072311542,14601.898327096917,6.220402346164932,324.1855965513006,443.93851528253873,17.504314862322516,62.21028147507698,4.991971712463712,1
6.590634477564258,250.01585412699086,22793.888653741626,7.056683278215554,318.63297039772203,533.901827525361,14.8629082932204,40.12436705803262,4.7873293479417605,1
6.813783769359619,105.30416695573702,20980.84061226611,7.396529080452374,363.01501298446647,417.2513996185736,10.493081310992336,83.41664166928183,4.153473667419499,1
6.5142106878163935,165.3777808323487,48891.66489233718,3.746390955022921,347.6777235406892,277.4986000987751,11.758812858215627,74.69137531291042,4.1098507885086235,1
4.204776192352385,196.17730696933754,10211.372609881084,6.773094670820089,299.367933604664,636.9894032855993,14.500380168403023,66.19050735742404,4.741645017168705,0
,161.2617524827039,20916.884218305273,7.165159195888123,388.17010374298457,436.48708377497917,10.336369680414496,30.719188759436605,4.184159938015139,1
